event_id,peril,annual_rate,region_keys,intensity_index
EV00001,Hurricane,0.004357,LA-COAST;LA-SOUTH;LA-NORTH,1.253
EV00002,Hurricane,0.002738,LA-COAST;TX-COAST;TX-GULF,2.073
EV00003,Hurricane,0.004036,TX-COAST;TX-GULF;TX-EAST,1.298
EV00004,Hurricane,0.000181,LA-COAST;TX-COAST;TX-GULF,4.125
EV00005,Hurricane,0.001799,LA-COAST;TX-COAST;TX-GULF,2.474
EV00006,Hurricane,0.000126,LA-COAST;LA-SOUTH;LA-NORTH,3.771
EV00007,Hurricane,0.001053,LA-COAST;LA-SOUTH;LA-NORTH,2.560
EV00008,Hurricane,0.002622,TX-COAST;TX-CENTRAL,1.902
EV00009,Hurricane,0.001777,TX-COAST;TX-GULF;TX-EAST,2.423
EV00010,Hurricane,0.003283,TX-COAST;TX-GULF;TX-EAST,1.949
EV00011,Hurricane,0.001435,TX-COAST;TX-CENTRAL,2.611
EV00012,Hurricane,0.000318,TX-COAST;TX-CENTRAL,3.564
EV00013,Hurricane,0.003691,TX-COAST;TX-GULF;TX-EAST,1.690
EV00014,Hurricane,0.000036,TX-COAST;TX-CENTRAL,3.166
EV00015,Hurricane,0.000200,TX-COAST;TX-CENTRAL,4.089
EV00016,Hurricane,0.000534,TX-COAST;TX-CENTRAL,2.118
EV00017,Hurricane,0.005450,TX-COAST;TX-CENTRAL,1.243
EV00018,Hurricane,0.000847,TX-COAST;TX-CENTRAL,4.041
EV00019,Hurricane,0.001695,TX-COAST;TX-CENTRAL,1.830
EV00020,Hurricane,0.003395,TX-COAST;TX-CENTRAL,1.495
EV00021,Hurricane,0.001117,LA-COAST;TX-COAST;TX-GULF,1.132
EV00022,Hurricane,0.000845,TX-COAST;TX-GULF;TX-EAST,3.291
EV00023,Hurricane,0.000907,TX-COAST;TX-CENTRAL,1.524
EV00024,Hurricane,0.001719,TX-COAST;TX-CENTRAL,2.383
EV00025,Hurricane,0.000375,TX-COAST;TX-CENTRAL,2.505
EV00026,Hurricane,0.004929,TX-COAST;TX-GULF;TX-EAST,1.298
EV00027,Hurricane,0.001031,TX-COAST;TX-CENTRAL,2.510
EV00028,Hurricane,0.001576,LA-COAST;LA-SOUTH;LA-NORTH,2.636
EV00029,Hurricane,0.000071,LA-COAST;TX-COAST;TX-GULF,4.503
EV00030,Hurricane,0.005683,TX-COAST;TX-GULF;TX-EAST,1.687
EV00031,Hurricane,0.000583,LA-COAST;TX-COAST;TX-GULF,1.390
EV00032,Hurricane,0.001994,TX-COAST;TX-GULF;TX-EAST,2.230
EV00033,Hurricane,0.001182,TX-COAST;TX-GULF;TX-EAST,2.553
EV00034,Hurricane,0.000214,TX-COAST;TX-GULF;TX-EAST,3.625
EV00035,Hurricane,0.001602,LA-COAST;LA-SOUTH;LA-NORTH,1.689
EV00036,Hurricane,0.001636,LA-COAST;TX-COAST;TX-GULF,3.082
EV00037,Hurricane,0.002854,TX-COAST;TX-CENTRAL,1.526
EV00038,Hurricane,0.000175,LA-COAST;TX-COAST;TX-GULF,4.342
EV00039,Hurricane,0.007938,LA-COAST;TX-COAST;TX-GULF,1.322
EV00040,Hurricane,0.000726,LA-COAST;LA-SOUTH;LA-NORTH,2.216
EV00041,Hurricane,0.000377,TX-COAST;TX-CENTRAL,3.891
EV00042,Hurricane,0.000154,LA-COAST;TX-COAST;TX-GULF,4.117
EV00043,Hurricane,0.003260,TX-COAST;TX-CENTRAL,2.469
EV00044,Hurricane,0.001516,TX-COAST;TX-GULF;TX-EAST,2.308
EV00045,Hurricane,0.003670,LA-COAST;LA-SOUTH;LA-NORTH,1.871
EV00046,Hurricane,0.003841,LA-COAST;TX-COAST;TX-GULF,1.557
EV00047,Hurricane,0.000519,LA-COAST;TX-COAST;TX-GULF,3.401
EV00048,Hurricane,0.000671,LA-COAST;TX-COAST;TX-GULF,3.790
EV00049,Hurricane,0.000433,TX-COAST;TX-GULF;TX-EAST,2.636
EV00050,Hurricane,0.002724,TX-COAST;TX-GULF;TX-EAST,2.435
EV00051,Hurricane,0.001042,TX-COAST;TX-CENTRAL,2.044
EV00052,Hurricane,0.001053,TX-COAST;TX-CENTRAL,3.057
EV00053,Hurricane,0.000251,LA-COAST;LA-SOUTH;LA-NORTH,3.851
EV00054,Hurricane,0.000554,TX-COAST;TX-CENTRAL,3.015
EV00055,Hurricane,0.001061,TX-COAST;TX-CENTRAL,2.701
EV00056,Hurricane,0.001370,TX-COAST;TX-GULF;TX-EAST,1.818
EV00057,Hurricane,0.000809,LA-COAST;LA-SOUTH;LA-NORTH,2.055
EV00058,Hurricane,0.000065,LA-COAST;LA-SOUTH;LA-NORTH,3.938
EV00059,Hurricane,0.003088,TX-COAST;TX-CENTRAL,1.914
EV00060,Hurricane,0.005831,TX-COAST;TX-GULF;TX-EAST,1.199
EV00061,Hurricane,0.001309,TX-COAST;TX-GULF;TX-EAST,2.259
EV00062,Hurricane,0.001517,TX-COAST;TX-GULF;TX-EAST,2.536
EV00063,Hurricane,0.000258,LA-COAST;LA-SOUTH;LA-NORTH,4.767
EV00064,Hurricane,0.000426,LA-COAST;LA-SOUTH;LA-NORTH,3.546
EV00065,Hurricane,0.001209,TX-COAST;TX-CENTRAL,2.748
EV00066,Hurricane,0.000623,LA-COAST;TX-COAST;TX-GULF,3.565
EV00067,Hurricane,0.000197,LA-COAST;TX-COAST;TX-GULF,3.481
EV00068,Hurricane,0.004637,TX-COAST;TX-GULF;TX-EAST,1.591
EV00069,Hurricane,0.000108,LA-COAST;LA-SOUTH;LA-NORTH,3.582
EV00070,Hurricane,0.000252,TX-COAST;TX-GULF;TX-EAST,4.139
EV00071,Hurricane,0.000876,TX-COAST;TX-GULF;TX-EAST,2.857
EV00072,Hurricane,0.000374,LA-COAST;TX-COAST;TX-GULF,3.769
EV00073,Hurricane,0.003474,TX-COAST;TX-CENTRAL,2.014
EV00074,Hurricane,0.001898,TX-COAST;TX-GULF;TX-EAST,2.816
EV00075,Hurricane,0.001231,LA-COAST;LA-SOUTH;LA-NORTH,2.728
EV00076,Hurricane,0.003730,TX-COAST;TX-CENTRAL,1.589
EV00077,Hurricane,0.000234,TX-COAST;TX-CENTRAL,3.050
EV00078,Hurricane,0.004786,LA-COAST;LA-SOUTH;LA-NORTH,1.825
EV00079,Hurricane,0.002001,TX-COAST;TX-CENTRAL,1.254
EV00080,Hurricane,0.000032,LA-COAST;LA-SOUTH;LA-NORTH,1.410
EV00081,Hurricane,0.000704,LA-COAST;LA-SOUTH;LA-NORTH,1.227
EV00082,Hurricane,0.003082,TX-COAST;TX-CENTRAL,1.338
EV00083,Hurricane,0.003760,TX-COAST;TX-CENTRAL,1.737
EV00084,Hurricane,0.001195,TX-COAST;TX-CENTRAL,1.992
EV00085,Hurricane,0.001070,LA-COAST;TX-COAST;TX-GULF,1.247
EV00086,Hurricane,0.001695,LA-COAST;LA-SOUTH;LA-NORTH,2.243
EV00087,Hurricane,0.001482,LA-COAST;LA-SOUTH;LA-NORTH,3.269
EV00088,Hurricane,0.000245,LA-COAST;LA-SOUTH;LA-NORTH,3.419
EV00089,Hurricane,0.002561,LA-COAST;LA-SOUTH;LA-NORTH,1.119
EV00090,Hurricane,0.001209,LA-COAST;LA-SOUTH;LA-NORTH,1.488
EV00091,Hurricane,0.000172,TX-COAST;TX-CENTRAL,3.796
EV00092,Hurricane,0.000483,LA-COAST;LA-SOUTH;LA-NORTH,3.411
EV00093,Hurricane,0.007714,TX-COAST;TX-GULF;TX-EAST,1.239
EV00094,Hurricane,0.000103,TX-COAST;TX-CENTRAL,3.623
EV00095,Hurricane,0.000585,LA-COAST;TX-COAST;TX-GULF,1.009
EV00096,Hurricane,0.005718,LA-COAST;TX-COAST;TX-GULF,1.038
EV00097,Hurricane,0.000706,LA-COAST;LA-SOUTH;LA-NORTH,2.986
EV00098,Hurricane,0.001200,TX-COAST;TX-CENTRAL,3.213
EV00099,Hurricane,0.002121,TX-COAST;TX-GULF;TX-EAST,1.737
EV00100,Hurricane,0.000293,TX-COAST;TX-CENTRAL,3.957
EV00101,Hurricane,0.000339,LA-COAST;TX-COAST;TX-GULF,2.569
EV00102,Hurricane,0.000666,TX-COAST;TX-CENTRAL,2.505
EV00103,Hurricane,0.000160,LA-COAST;LA-SOUTH;LA-NORTH,2.987
EV00104,Hurricane,0.002586,LA-COAST;TX-COAST;TX-GULF,1.683
EV00105,Hurricane,0.000602,LA-COAST;LA-SOUTH;LA-NORTH,2.800
EV00106,Hurricane,0.001067,TX-COAST;TX-GULF;TX-EAST,1.678
EV00107,Hurricane,0.000774,TX-COAST;TX-GULF;TX-EAST,2.864
EV00108,Hurricane,0.000916,LA-COAST;LA-SOUTH;LA-NORTH,2.675
EV00109,Hurricane,0.000260,TX-COAST;TX-CENTRAL,3.829
EV00110,Hurricane,0.001508,LA-COAST;TX-COAST;TX-GULF,2.139
EV00111,Hurricane,0.001182,LA-COAST;LA-SOUTH;LA-NORTH,1.115
EV00112,Hurricane,0.004680,LA-COAST;TX-COAST;TX-GULF,1.424
EV00113,Hurricane,0.003999,LA-COAST;TX-COAST;TX-GULF,1.312
EV00114,Hurricane,0.000371,LA-COAST;LA-SOUTH;LA-NORTH,3.746
EV00115,Hurricane,0.006721,LA-COAST;LA-SOUTH;LA-NORTH,1.266
EV00116,Hurricane,0.002558,TX-COAST;TX-GULF;TX-EAST,1.459
EV00117,Hurricane,0.000638,LA-COAST;TX-COAST;TX-GULF,3.377
EV00118,Hurricane,0.002194,TX-COAST;TX-GULF;TX-EAST,2.276
EV00119,Hurricane,0.000037,LA-COAST;LA-SOUTH;LA-NORTH,2.121
EV00120,Hurricane,0.002439,LA-COAST;LA-SOUTH;LA-NORTH,1.807
EV00121,Hurricane,0.001636,LA-COAST;LA-SOUTH;LA-NORTH,1.706
EV00122,Hurricane,0.000962,LA-COAST;LA-SOUTH;LA-NORTH,3.092
EV00123,Hurricane,0.002277,TX-COAST;TX-CENTRAL,2.106
EV00124,Hurricane,0.001895,LA-COAST;LA-SOUTH;LA-NORTH,2.538
EV00125,Hurricane,0.000346,TX-COAST;TX-GULF;TX-EAST,2.695
EV00126,Hurricane,0.004437,TX-COAST;TX-CENTRAL,1.500
EV00127,Hurricane,0.000188,TX-COAST;TX-CENTRAL,1.866
EV00128,Hurricane,0.000857,TX-COAST;TX-GULF;TX-EAST,2.684
EV00129,Hurricane,0.000888,TX-COAST;TX-GULF;TX-EAST,2.726
EV00130,Hurricane,0.006066,LA-COAST;LA-SOUTH;LA-NORTH,1.439
EV00131,Hurricane,0.001085,TX-COAST;TX-GULF;TX-EAST,2.737
EV00132,Hurricane,0.000199,LA-COAST;TX-COAST;TX-GULF,3.088
EV00133,Hurricane,0.000359,TX-COAST;TX-CENTRAL,3.105
EV00134,Hurricane,0.000659,LA-COAST;LA-SOUTH;LA-NORTH,1.754
EV00135,Hurricane,0.002198,LA-COAST;TX-COAST;TX-GULF,1.990
EV00136,Hurricane,0.000707,TX-COAST;TX-GULF;TX-EAST,2.909
EV00137,Hurricane,0.000984,TX-COAST;TX-CENTRAL,1.676
EV00138,Hurricane,0.001087,LA-COAST;TX-COAST;TX-GULF,2.080
EV00139,Hurricane,0.000188,TX-COAST;TX-GULF;TX-EAST,3.384
EV00140,Hurricane,0.012517,LA-COAST;TX-COAST;TX-GULF,1.164
EV00141,Hurricane,0.000886,TX-COAST;TX-GULF;TX-EAST,2.468
EV00142,Hurricane,0.000743,LA-COAST;LA-SOUTH;LA-NORTH,2.458
EV00143,Hurricane,0.000193,TX-COAST;TX-CENTRAL,3.657
EV00144,Hurricane,0.000549,TX-COAST;TX-CENTRAL,3.991
EV00145,Hurricane,0.000450,LA-COAST;TX-COAST;TX-GULF,3.369
EV00146,Hurricane,0.004466,LA-COAST;TX-COAST;TX-GULF,1.781
EV00147,Hurricane,0.001072,LA-COAST;LA-SOUTH;LA-NORTH,3.664
EV00148,Hurricane,0.001514,LA-COAST;LA-SOUTH;LA-NORTH,3.334
EV00149,Hurricane,0.001834,LA-COAST;TX-COAST;TX-GULF,1.440
EV00150,Hurricane,0.001073,LA-COAST;TX-COAST;TX-GULF,2.439
EV00151,Hurricane,0.000667,TX-COAST;TX-GULF;TX-EAST,2.254
EV00152,Hurricane,0.001113,TX-COAST;TX-GULF;TX-EAST,2.462
EV00153,Hurricane,0.002195,LA-COAST;LA-SOUTH;LA-NORTH,2.337
EV00154,Hurricane,0.001829,LA-COAST;LA-SOUTH;LA-NORTH,3.116
EV00155,Hurricane,0.000171,LA-COAST;LA-SOUTH;LA-NORTH,1.055
EV00156,Hurricane,0.002027,TX-COAST;TX-GULF;TX-EAST,1.771
EV00157,Hurricane,0.001006,LA-COAST;TX-COAST;TX-GULF,3.796
EV00158,Hurricane,0.003933,LA-COAST;TX-COAST;TX-GULF,1.476
EV00159,Hurricane,0.002247,TX-COAST;TX-GULF;TX-EAST,1.827
EV00160,Hurricane,0.000378,TX-COAST;TX-GULF;TX-EAST,3.194
EV00161,Hurricane,0.003956,TX-COAST;TX-CENTRAL,1.450
EV00162,Hurricane,0.000756,LA-COAST;LA-SOUTH;LA-NORTH,2.672
EV00163,Hurricane,0.000332,TX-COAST;TX-CENTRAL,3.945
EV00164,Hurricane,0.002012,TX-COAST;TX-GULF;TX-EAST,1.862
EV00165,Hurricane,0.001855,TX-COAST;TX-CENTRAL,2.162
EV00166,Hurricane,0.001156,LA-COAST;LA-SOUTH;LA-NORTH,1.577
EV00167,Hurricane,0.000441,TX-COAST;TX-CENTRAL,1.981
EV00168,Hurricane,0.004476,TX-COAST;TX-CENTRAL,1.325
EV00169,Hurricane,0.000764,LA-COAST;LA-SOUTH;LA-NORTH,2.785
EV00170,Hurricane,0.001423,TX-COAST;TX-GULF;TX-EAST,1.758
EV00171,Hurricane,0.002111,LA-COAST;TX-COAST;TX-GULF,1.946
EV00172,Hurricane,0.000154,TX-COAST;TX-GULF;TX-EAST,3.305
EV00173,Hurricane,0.000949,TX-COAST;TX-CENTRAL,2.665
EV00174,Hurricane,0.000432,TX-COAST;TX-CENTRAL,1.516
EV00175,Hurricane,0.004225,TX-COAST;TX-GULF;TX-EAST,1.552
EV00176,Hurricane,0.000717,LA-COAST;TX-COAST;TX-GULF,2.210
EV00177,Hurricane,0.001057,TX-COAST;TX-CENTRAL,1.903
EV00178,Hurricane,0.001210,LA-COAST;LA-SOUTH;LA-NORTH,1.035
EV00179,Hurricane,0.000725,TX-COAST;TX-CENTRAL,3.077
EV00180,Hurricane,0.001718,LA-COAST;LA-SOUTH;LA-NORTH,1.423
EV00181,Hurricane,0.000321,TX-COAST;TX-CENTRAL,3.081
EV00182,Hurricane,0.000260,LA-COAST;LA-SOUTH;LA-NORTH,3.547
EV00183,Hurricane,0.001776,LA-COAST;TX-COAST;TX-GULF,1.899
EV00184,Hurricane,0.002102,LA-COAST;LA-SOUTH;LA-NORTH,1.848
EV00185,Hurricane,0.002093,TX-COAST;TX-GULF;TX-EAST,1.923
EV00186,Hurricane,0.001039,TX-COAST;TX-GULF;TX-EAST,2.720
EV00187,Hurricane,0.000273,TX-COAST;TX-CENTRAL,3.815
EV00188,Hurricane,0.002039,TX-COAST;TX-CENTRAL,2.506
EV00189,Hurricane,0.002551,TX-COAST;TX-GULF;TX-EAST,1.561
EV00190,Hurricane,0.000659,LA-COAST;LA-SOUTH;LA-NORTH,2.524
EV00191,Hurricane,0.005716,TX-COAST;TX-CENTRAL,1.209
EV00192,Hurricane,0.000970,TX-COAST;TX-CENTRAL,2.499
EV00193,Hurricane,0.000333,TX-COAST;TX-CENTRAL,1.526
EV00194,Hurricane,0.001631,TX-COAST;TX-CENTRAL,2.852
EV00195,Hurricane,0.000105,LA-COAST;TX-COAST;TX-GULF,4.517
EV00196,Hurricane,0.000383,LA-COAST;LA-SOUTH;LA-NORTH,3.381
EV00197,Hurricane,0.000446,TX-COAST;TX-GULF;TX-EAST,3.368
EV00198,Hurricane,0.002819,LA-COAST;TX-COAST;TX-GULF,2.523
EV00199,Hurricane,0.000238,TX-COAST;TX-GULF;TX-EAST,3.319
EV00200,Hurricane,0.000378,TX-COAST;TX-CENTRAL,3.586
EV00201,Hurricane,0.000353,LA-COAST;LA-SOUTH;LA-NORTH,2.290
EV00202,Hurricane,0.002947,LA-COAST;LA-SOUTH;LA-NORTH,1.286
EV00203,Hurricane,0.001971,LA-COAST;LA-SOUTH;LA-NORTH,1.360
EV00204,Hurricane,0.002088,TX-COAST;TX-GULF;TX-EAST,2.073
EV00205,Hurricane,0.000595,LA-COAST;LA-SOUTH;LA-NORTH,3.977
EV00206,Hurricane,0.011001,TX-COAST;TX-GULF;TX-EAST,1.254
EV00207,Hurricane,0.001018,LA-COAST;TX-COAST;TX-GULF,2.002
EV00208,Hurricane,0.000143,TX-COAST;TX-CENTRAL,2.109
EV00209,Hurricane,0.000745,TX-COAST;TX-GULF;TX-EAST,3.027
EV00210,Hurricane,0.001824,LA-COAST;TX-COAST;TX-GULF,2.333
EV00211,Hurricane,0.001750,TX-COAST;TX-GULF;TX-EAST,2.056
EV00212,Hurricane,0.001520,TX-COAST;TX-CENTRAL,2.444
EV00213,Hurricane,0.001581,TX-COAST;TX-CENTRAL,2.411
EV00214,Hurricane,0.001315,TX-COAST;TX-GULF;TX-EAST,1.996
EV00215,Hurricane,0.000350,LA-COAST;TX-COAST;TX-GULF,3.658
EV00216,Hurricane,0.007591,LA-COAST;LA-SOUTH;LA-NORTH,1.092
EV00217,Hurricane,0.000310,TX-COAST;TX-CENTRAL,4.021
EV00218,Hurricane,0.000238,TX-COAST;TX-CENTRAL,2.469
EV00219,Hurricane,0.000490,TX-COAST;TX-CENTRAL,3.060
EV00220,Hurricane,0.001327,LA-COAST;LA-SOUTH;LA-NORTH,3.254
EV00221,Hurricane,0.002635,TX-COAST;TX-GULF;TX-EAST,1.976
EV00222,Hurricane,0.005516,TX-COAST;TX-CENTRAL,1.273
EV00223,Hurricane,0.001842,TX-COAST;TX-CENTRAL,2.324
EV00224,Hurricane,0.000710,LA-COAST;LA-SOUTH;LA-NORTH,1.883
EV00225,Hurricane,0.015069,TX-COAST;TX-GULF;TX-EAST,1.295
EV00226,Hurricane,0.002144,TX-COAST;TX-GULF;TX-EAST,1.212
EV00227,Hurricane,0.000565,LA-COAST;LA-SOUTH;LA-NORTH,3.072
EV00228,Hurricane,0.000177,LA-COAST;LA-SOUTH;LA-NORTH,4.399
EV00229,Hurricane,0.000159,TX-COAST;TX-CENTRAL,4.455
EV00230,Hurricane,0.000779,TX-COAST;TX-CENTRAL,2.054
EV00231,Hurricane,0.002796,LA-COAST;TX-COAST;TX-GULF,1.734
EV00232,Hurricane,0.000347,LA-COAST;TX-COAST;TX-GULF,2.869
EV00233,Hurricane,0.002052,LA-COAST;TX-COAST;TX-GULF,2.382
EV00234,Hurricane,0.000347,TX-COAST;TX-GULF;TX-EAST,4.388
EV00235,Hurricane,0.000173,TX-COAST;TX-CENTRAL,2.330
EV00236,Hurricane,0.000926,LA-COAST;LA-SOUTH;LA-NORTH,2.671
EV00237,Hurricane,0.000649,LA-COAST;TX-COAST;TX-GULF,3.524
EV00238,Hurricane,0.002726,LA-COAST;TX-COAST;TX-GULF,2.416
EV00239,Hurricane,0.000065,LA-COAST;LA-SOUTH;LA-NORTH,4.753
EV00240,Hurricane,0.000081,TX-COAST;TX-CENTRAL,3.693
EV00241,Hurricane,0.000739,LA-COAST;LA-SOUTH;LA-NORTH,1.408
EV00242,Hurricane,0.000431,LA-COAST;LA-SOUTH;LA-NORTH,3.499
EV00243,Hurricane,0.001578,TX-COAST;TX-CENTRAL,2.273
EV00244,Hurricane,0.000259,TX-COAST;TX-CENTRAL,3.618
EV00245,Hurricane,0.001426,LA-COAST;LA-SOUTH;LA-NORTH,2.238
EV00246,Hurricane,0.003445,TX-COAST;TX-CENTRAL,1.918
EV00247,Hurricane,0.001711,TX-COAST;TX-CENTRAL,1.656
EV00248,Hurricane,0.000320,TX-COAST;TX-CENTRAL,3.438
EV00249,Hurricane,0.003236,LA-COAST;LA-SOUTH;LA-NORTH,1.263
EV00250,Hurricane,0.007036,TX-COAST;TX-CENTRAL,1.091
EV00251,Hurricane,0.002301,TX-COAST;TX-CENTRAL,2.555
EV00252,Hurricane,0.000182,TX-COAST;TX-CENTRAL,2.811
EV00253,Hurricane,0.005351,TX-COAST;TX-CENTRAL,1.529
EV00254,Hurricane,0.000907,LA-COAST;TX-COAST;TX-GULF,3.454
EV00255,Hurricane,0.005132,TX-COAST;TX-CENTRAL,1.697
EV00256,Hurricane,0.000184,TX-COAST;TX-GULF;TX-EAST,2.551
EV00257,Hurricane,0.000466,TX-COAST;TX-CENTRAL,2.552
EV00258,Hurricane,0.005459,LA-COAST;LA-SOUTH;LA-NORTH,2.345
EV00259,Hurricane,0.001894,TX-COAST;TX-GULF;TX-EAST,2.112
EV00260,Hurricane,0.001623,TX-COAST;TX-GULF;TX-EAST,2.424
EV00261,Hurricane,0.000150,LA-COAST;TX-COAST;TX-GULF,2.048
EV00262,Hurricane,0.001145,LA-COAST;LA-SOUTH;LA-NORTH,1.843
EV00263,Hurricane,0.000155,LA-COAST;TX-COAST;TX-GULF,4.131
EV00264,Hurricane,0.002686,TX-COAST;TX-CENTRAL,1.197
EV00265,Hurricane,0.000252,TX-COAST;TX-GULF;TX-EAST,2.581
EV00266,Hurricane,0.000157,TX-COAST;TX-GULF;TX-EAST,3.628
EV00267,Hurricane,0.002448,TX-COAST;TX-CENTRAL,2.592
EV00268,Hurricane,0.000471,LA-COAST;TX-COAST;TX-GULF,2.854
EV00269,Hurricane,0.000747,TX-COAST;TX-GULF;TX-EAST,1.507
EV00270,Hurricane,0.001621,TX-COAST;TX-CENTRAL,1.676
EV00271,Hurricane,0.003212,LA-COAST;LA-SOUTH;LA-NORTH,1.659
EV00272,Hurricane,0.000493,TX-COAST;TX-GULF;TX-EAST,2.411
EV00273,Hurricane,0.000216,LA-COAST;TX-COAST;TX-GULF,3.100
EV00274,Hurricane,0.000941,TX-COAST;TX-GULF;TX-EAST,3.158
EV00275,Hurricane,0.004800,TX-COAST;TX-GULF;TX-EAST,1.745
EV00276,Hurricane,0.000015,LA-COAST;TX-COAST;TX-GULF,4.941
EV00277,Hurricane,0.001728,LA-COAST;TX-COAST;TX-GULF,1.840
EV00278,Hurricane,0.001159,LA-COAST;LA-SOUTH;LA-NORTH,3.092
EV00279,Hurricane,0.000134,TX-COAST;TX-GULF;TX-EAST,4.598
EV00280,Hurricane,0.000608,TX-COAST;TX-GULF;TX-EAST,2.999
EV00281,Hurricane,0.003570,TX-COAST;TX-GULF;TX-EAST,1.546
EV00282,Hurricane,0.001485,LA-COAST;TX-COAST;TX-GULF,2.005
EV00283,Hurricane,0.000749,LA-COAST;TX-COAST;TX-GULF,1.797
EV00284,Hurricane,0.000633,TX-COAST;TX-GULF;TX-EAST,3.241
EV00285,Hurricane,0.001564,LA-COAST;TX-COAST;TX-GULF,2.435
EV00286,Hurricane,0.001203,LA-COAST;LA-SOUTH;LA-NORTH,2.849
EV00287,Hurricane,0.000756,TX-COAST;TX-CENTRAL,2.140
EV00288,Hurricane,0.012103,TX-COAST;TX-GULF;TX-EAST,1.036
EV00289,Hurricane,0.000997,TX-COAST;TX-CENTRAL,1.557
EV00290,Hurricane,0.000230,TX-COAST;TX-CENTRAL,3.904
EV00291,Hurricane,0.002184,TX-COAST;TX-GULF;TX-EAST,1.633
EV00292,Hurricane,0.000260,TX-COAST;TX-CENTRAL,4.073
EV00293,Hurricane,0.000808,LA-COAST;LA-SOUTH;LA-NORTH,1.950
EV00294,Hurricane,0.001912,LA-COAST;LA-SOUTH;LA-NORTH,1.683
EV00295,Hurricane,0.002161,LA-COAST;LA-SOUTH;LA-NORTH,2.516
EV00296,Hurricane,0.000459,TX-COAST;TX-GULF;TX-EAST,1.627
EV00297,Hurricane,0.001001,TX-COAST;TX-CENTRAL,2.589
EV00298,Hurricane,0.002330,TX-COAST;TX-GULF;TX-EAST,1.580
EV00299,Hurricane,0.004321,TX-COAST;TX-GULF;TX-EAST,1.656
EV00300,Hurricane,0.001689,LA-COAST;LA-SOUTH;LA-NORTH,1.825
EV00301,Hurricane,0.001458,TX-COAST;TX-GULF;TX-EAST,1.557
EV00302,Hurricane,0.000472,TX-COAST;TX-CENTRAL,3.538
EV00303,Hurricane,0.005481,TX-COAST;TX-GULF;TX-EAST,1.152
EV00304,Hurricane,0.000728,TX-COAST;TX-CENTRAL,2.575
EV00305,Hurricane,0.001166,TX-COAST;TX-GULF;TX-EAST,2.285
EV00306,Hurricane,0.001817,TX-COAST;TX-CENTRAL,3.265
EV00307,Hurricane,0.000442,TX-COAST;TX-CENTRAL,2.328
EV00308,Hurricane,0.000194,LA-COAST;LA-SOUTH;LA-NORTH,2.465
EV00309,Hurricane,0.003115,TX-COAST;TX-CENTRAL,1.788
EV00310,Hurricane,0.000317,LA-COAST;LA-SOUTH;LA-NORTH,3.486
EV00311,Hurricane,0.000498,LA-COAST;LA-SOUTH;LA-NORTH,1.654
EV00312,Hurricane,0.003776,TX-COAST;TX-CENTRAL,1.828
EV00313,Hurricane,0.000726,LA-COAST;LA-SOUTH;LA-NORTH,3.513
EV00314,Hurricane,0.000328,TX-COAST;TX-GULF;TX-EAST,3.132
EV00315,Hurricane,0.002947,TX-COAST;TX-GULF;TX-EAST,1.695
EV00316,Hurricane,0.001941,LA-COAST;LA-SOUTH;LA-NORTH,2.919
EV00317,Hurricane,0.001487,LA-COAST;LA-SOUTH;LA-NORTH,1.266
EV00318,Hurricane,0.001612,TX-COAST;TX-GULF;TX-EAST,1.798
EV00319,Hurricane,0.002698,TX-COAST;TX-GULF;TX-EAST,2.599
EV00320,Hurricane,0.000185,TX-COAST;TX-GULF;TX-EAST,1.749
EV00321,Severe Convective Storm,0.001197,NM,1.933
EV00322,Severe Convective Storm,0.000334,TX-EAST,1.592
EV00323,Severe Convective Storm,0.001175,LA-NORTH,2.508
EV00324,Severe Convective Storm,0.000745,OK-CENTRAL,2.509
EV00325,Severe Convective Storm,0.002866,TX-EAST,1.961
EV00326,Severe Convective Storm,0.007048,TX-EAST,1.638
EV00327,Severe Convective Storm,0.001128,OK-CENTRAL;OK-EAST,1.150
EV00328,Severe Convective Storm,0.004056,TX-WEST;LA-NORTH,2.123
EV00329,Severe Convective Storm,0.001635,CO-FRONT;OK-CENTRAL,1.674
EV00330,Severe Convective Storm,0.002436,AR,1.712
EV00331,Severe Convective Storm,0.000959,TX-WEST,3.169
EV00332,Severe Convective Storm,0.000539,CO-FRONT;TX-CENTRAL,3.880
EV00333,Severe Convective Storm,0.000582,LA-NORTH;CO-FRONT,2.666
EV00334,Severe Convective Storm,0.003162,TX-EAST,2.430
EV00335,Severe Convective Storm,0.001868,OK-CENTRAL;TX-CENTRAL,1.881
EV00336,Severe Convective Storm,0.002670,NM,1.272
EV00337,Severe Convective Storm,0.001034,TX-NORTH;AR,1.805
EV00338,Severe Convective Storm,0.001461,CO-FRONT,3.018
EV00339,Severe Convective Storm,0.002034,AR;TX-EAST,1.475
EV00340,Severe Convective Storm,0.000915,CO-FRONT;OK-CENTRAL,1.571
EV00341,Severe Convective Storm,0.000574,NM,3.236
EV00342,Severe Convective Storm,0.001733,TX-EAST,3.171
EV00343,Severe Convective Storm,0.000432,LA-NORTH;TX-EAST,3.544
EV00344,Severe Convective Storm,0.001509,CO-FRONT,2.371
EV00345,Severe Convective Storm,0.001479,NM,1.220
EV00346,Severe Convective Storm,0.001564,OK-EAST,1.801
EV00347,Severe Convective Storm,0.001427,AR,2.546
EV00348,Severe Convective Storm,0.002525,TX-CENTRAL,1.724
EV00349,Severe Convective Storm,0.000781,TX-WEST,3.552
EV00350,Severe Convective Storm,0.001509,AR,1.216
EV00351,Severe Convective Storm,0.001594,NM,1.709
EV00352,Severe Convective Storm,0.000201,TX-EAST,3.337
EV00353,Severe Convective Storm,0.000464,LA-NORTH,2.415
EV00354,Severe Convective Storm,0.000967,TX-CENTRAL,1.956
EV00355,Severe Convective Storm,0.003017,NM,1.601
EV00356,Severe Convective Storm,0.002332,OK-CENTRAL,2.062
EV00357,Severe Convective Storm,0.000768,LA-NORTH,1.669
EV00358,Severe Convective Storm,0.007731,TX-NORTH,1.536
EV00359,Severe Convective Storm,0.001074,AR,2.636
EV00360,Severe Convective Storm,0.000663,TX-EAST;OK-EAST,2.227
EV00361,Severe Convective Storm,0.004737,TX-NORTH,1.457
EV00362,Severe Convective Storm,0.001456,AR,3.052
EV00363,Severe Convective Storm,0.004829,TX-CENTRAL,1.297
EV00364,Severe Convective Storm,0.000791,OK-EAST,2.470
EV00365,Severe Convective Storm,0.002756,AR,1.903
EV00366,Severe Convective Storm,0.003294,LA-NORTH;CO-FRONT,2.169
EV00367,Severe Convective Storm,0.001560,AR;TX-CENTRAL,2.693
EV00368,Severe Convective Storm,0.003225,TX-WEST,1.154
EV00369,Severe Convective Storm,0.000850,TX-EAST,1.970
EV00370,Severe Convective Storm,0.002920,TX-EAST;OK-EAST,2.608
EV00371,Severe Convective Storm,0.000434,TX-WEST;AR,2.555
EV00372,Severe Convective Storm,0.005464,CO-FRONT;TX-EAST,1.375
EV00373,Severe Convective Storm,0.002336,NM,1.057
EV00374,Severe Convective Storm,0.001663,AR,2.645
EV00375,Severe Convective Storm,0.004827,AR,1.564
EV00376,Severe Convective Storm,0.005316,LA-NORTH,1.918
EV00377,Severe Convective Storm,0.002358,OK-EAST,2.443
EV00378,Severe Convective Storm,0.000088,TX-NORTH,2.511
EV00379,Severe Convective Storm,0.000805,TX-WEST;NM,3.159
EV00380,Severe Convective Storm,0.000979,LA-NORTH,1.894
EV00381,Severe Convective Storm,0.000430,AR,1.868
EV00382,Severe Convective Storm,0.006241,TX-EAST,1.401
EV00383,Severe Convective Storm,0.005205,TX-EAST,1.641
EV00384,Severe Convective Storm,0.003032,TX-EAST,2.845
EV00385,Severe Convective Storm,0.006519,TX-CENTRAL,1.115
EV00386,Severe Convective Storm,0.003624,CO-FRONT;TX-EAST,1.319
EV00387,Severe Convective Storm,0.003579,OK-CENTRAL,2.674
EV00388,Severe Convective Storm,0.002255,NM,1.564
EV00389,Severe Convective Storm,0.003010,AR,1.712
EV00390,Severe Convective Storm,0.002189,TX-NORTH;OK-EAST,2.209
EV00391,Severe Convective Storm,0.003841,OK-CENTRAL;TX-WEST,1.196
EV00392,Severe Convective Storm,0.001382,NM;OK-EAST,2.320
EV00393,Severe Convective Storm,0.001362,OK-CENTRAL,1.986
EV00394,Severe Convective Storm,0.001500,TX-CENTRAL,1.502
EV00395,Severe Convective Storm,0.002138,LA-NORTH;TX-NORTH,1.512
EV00396,Severe Convective Storm,0.001502,AR,1.800
EV00397,Severe Convective Storm,0.002036,AR;NM,1.441
EV00398,Severe Convective Storm,0.000245,TX-EAST;TX-WEST,2.381
EV00399,Severe Convective Storm,0.003646,OK-CENTRAL,1.560
EV00400,Severe Convective Storm,0.001578,TX-CENTRAL,2.091
EV00401,Severe Convective Storm,0.001425,TX-NORTH,2.264
EV00402,Severe Convective Storm,0.001048,TX-EAST,4.157
EV00403,Severe Convective Storm,0.001154,TX-NORTH,1.606
EV00404,Severe Convective Storm,0.001622,TX-EAST,2.027
EV00405,Severe Convective Storm,0.002759,TX-EAST;LA-NORTH,1.240
EV00406,Severe Convective Storm,0.001112,TX-WEST,1.959
EV00407,Severe Convective Storm,0.001707,CO-FRONT,1.499
EV00408,Severe Convective Storm,0.002186,NM,1.742
EV00409,Severe Convective Storm,0.000851,CO-FRONT,4.290
EV00410,Severe Convective Storm,0.000131,CO-FRONT,3.194
EV00411,Severe Convective Storm,0.000612,TX-WEST,2.291
EV00412,Severe Convective Storm,0.005018,AR,1.427
EV00413,Severe Convective Storm,0.002833,OK-CENTRAL,1.278
EV00414,Severe Convective Storm,0.000997,TX-EAST,1.460
EV00415,Severe Convective Storm,0.000440,TX-EAST,3.504
EV00416,Severe Convective Storm,0.003973,NM;OK-EAST,2.595
EV00417,Severe Convective Storm,0.000207,OK-EAST,2.242
EV00418,Severe Convective Storm,0.001934,CO-FRONT,1.997
EV00419,Severe Convective Storm,0.002151,OK-CENTRAL,1.358
EV00420,Severe Convective Storm,0.002565,LA-NORTH,3.043
EV00421,Severe Convective Storm,0.000403,OK-EAST,3.402
EV00422,Severe Convective Storm,0.001291,CO-FRONT;NM,3.697
EV00423,Severe Convective Storm,0.004589,NM;OK-CENTRAL,1.594
EV00424,Severe Convective Storm,0.001339,LA-NORTH,3.094
EV00425,Severe Convective Storm,0.000491,OK-EAST,1.990
EV00426,Severe Convective Storm,0.001125,TX-NORTH,1.582
EV00427,Severe Convective Storm,0.001615,TX-WEST,1.584
EV00428,Severe Convective Storm,0.001712,LA-NORTH,2.137
EV00429,Severe Convective Storm,0.002198,OK-CENTRAL,1.694
EV00430,Severe Convective Storm,0.000752,TX-NORTH,1.511
EV00431,Severe Convective Storm,0.004883,AR;LA-NORTH,1.220
EV00432,Severe Convective Storm,0.004303,TX-NORTH,1.848
EV00433,Severe Convective Storm,0.001804,NM;TX-WEST,2.573
EV00434,Severe Convective Storm,0.000236,TX-EAST,1.352
EV00435,Severe Convective Storm,0.004110,TX-WEST;TX-NORTH,1.351
EV00436,Severe Convective Storm,0.002402,TX-CENTRAL;LA-NORTH,1.253
EV00437,Severe Convective Storm,0.000415,TX-EAST,1.703
EV00438,Severe Convective Storm,0.003321,OK-EAST,1.970
EV00439,Severe Convective Storm,0.001312,TX-WEST,1.838
EV00440,Severe Convective Storm,0.001481,CO-FRONT,2.866
EV00441,Severe Convective Storm,0.000611,TX-EAST,1.351
EV00442,Severe Convective Storm,0.001344,NM,1.104
EV00443,Severe Convective Storm,0.003064,TX-EAST,1.816
EV00444,Severe Convective Storm,0.001912,OK-CENTRAL,1.272
EV00445,Severe Convective Storm,0.001643,CO-FRONT,1.468
EV00446,Severe Convective Storm,0.002704,OK-CENTRAL;LA-NORTH,1.113
EV00447,Severe Convective Storm,0.004841,TX-WEST,2.220
EV00448,Severe Convective Storm,0.002463,TX-NORTH,2.335
EV00449,Severe Convective Storm,0.002012,OK-CENTRAL,2.976
EV00450,Severe Convective Storm,0.000804,TX-WEST,3.266
EV00451,Severe Convective Storm,0.001863,LA-NORTH,1.971
EV00452,Severe Convective Storm,0.000185,OK-CENTRAL,2.944
EV00453,Severe Convective Storm,0.000873,AR,2.459
EV00454,Severe Convective Storm,0.000721,CO-FRONT,2.808
EV00455,Severe Convective Storm,0.001485,NM,2.524
EV00456,Severe Convective Storm,0.000678,LA-NORTH;TX-WEST,3.444
EV00457,Severe Convective Storm,0.002427,TX-NORTH,1.458
EV00458,Severe Convective Storm,0.000890,TX-NORTH;TX-EAST,3.700
EV00459,Severe Convective Storm,0.000918,OK-EAST,1.334
EV00460,Severe Convective Storm,0.001693,TX-NORTH,2.930
EV00461,Severe Convective Storm,0.000958,TX-EAST,2.033
EV00462,Severe Convective Storm,0.001567,CO-FRONT,2.990
EV00463,Severe Convective Storm,0.001461,TX-WEST,1.439
EV00464,Severe Convective Storm,0.000208,TX-EAST,4.239
EV00465,Severe Convective Storm,0.000865,OK-CENTRAL,2.222
EV00466,Severe Convective Storm,0.003274,TX-WEST,1.446
EV00467,Severe Convective Storm,0.001418,OK-CENTRAL,2.547
EV00468,Severe Convective Storm,0.000134,OK-CENTRAL;TX-NORTH,3.451
EV00469,Severe Convective Storm,0.000272,TX-EAST,2.463
EV00470,Severe Convective Storm,0.003013,TX-WEST,1.077
EV00471,Severe Convective Storm,0.001476,CO-FRONT,2.767
EV00472,Severe Convective Storm,0.004397,OK-EAST,1.318
EV00473,Severe Convective Storm,0.001728,LA-NORTH,2.922
EV00474,Severe Convective Storm,0.000854,TX-EAST,1.279
EV00475,Severe Convective Storm,0.002474,TX-EAST,3.925
EV00476,Severe Convective Storm,0.004592,TX-CENTRAL,1.587
EV00477,Severe Convective Storm,0.000331,LA-NORTH,2.580
EV00478,Severe Convective Storm,0.001063,TX-WEST,1.134
EV00479,Severe Convective Storm,0.004514,NM,1.438
EV00480,Severe Convective Storm,0.000569,TX-WEST,1.168
EV00481,Severe Convective Storm,0.001530,CO-FRONT,2.123
EV00482,Severe Convective Storm,0.000361,CO-FRONT,3.975
EV00483,Severe Convective Storm,0.000851,NM,2.677
EV00484,Severe Convective Storm,0.000256,CO-FRONT,2.577
EV00485,Severe Convective Storm,0.000405,TX-NORTH;OK-EAST,1.858
EV00486,Severe Convective Storm,0.003230,OK-CENTRAL,1.474
EV00487,Severe Convective Storm,0.000516,TX-NORTH;NM,3.481
EV00488,Severe Convective Storm,0.001145,AR,1.792
EV00489,Severe Convective Storm,0.005062,TX-NORTH,1.398
EV00490,Severe Convective Storm,0.000533,LA-NORTH;OK-EAST,2.430
EV00491,Severe Convective Storm,0.003192,TX-NORTH;TX-CENTRAL,1.078
EV00492,Severe Convective Storm,0.002074,TX-WEST,2.862
EV00493,Severe Convective Storm,0.002964,CO-FRONT,1.435
EV00494,Severe Convective Storm,0.000705,OK-CENTRAL,2.073
EV00495,Severe Convective Storm,0.000341,TX-EAST;LA-NORTH,1.297
EV00496,Severe Convective Storm,0.003840,NM;TX-EAST,1.515
EV00497,Severe Convective Storm,0.000957,AR,2.433
EV00498,Severe Convective Storm,0.003181,OK-CENTRAL,1.930
EV00499,Severe Convective Storm,0.004603,TX-NORTH,1.051
EV00500,Severe Convective Storm,0.004126,OK-CENTRAL,1.672
EV00501,Severe Convective Storm,0.001008,TX-EAST,2.351
EV00502,Severe Convective Storm,0.004639,TX-CENTRAL,2.290
EV00503,Severe Convective Storm,0.003632,AR,1.338
EV00504,Severe Convective Storm,0.001234,TX-EAST,2.792
EV00505,Severe Convective Storm,0.000162,AR,2.528
EV00506,Severe Convective Storm,0.000360,OK-EAST,1.781
EV00507,Severe Convective Storm,0.000658,TX-CENTRAL,3.228
EV00508,Severe Convective Storm,0.000805,OK-CENTRAL,2.076
EV00509,Severe Convective Storm,0.006914,TX-WEST,1.530
EV00510,Severe Convective Storm,0.003443,TX-EAST,3.304
EV00511,Severe Convective Storm,0.001458,TX-EAST,2.379
EV00512,Severe Convective Storm,0.006743,AR,1.266
EV00513,Severe Convective Storm,0.001317,TX-EAST,1.252
EV00514,Severe Convective Storm,0.001088,TX-EAST,1.389
EV00515,Severe Convective Storm,0.003620,OK-CENTRAL,2.200
EV00516,Severe Convective Storm,0.001244,LA-NORTH,2.930
EV00517,Severe Convective Storm,0.000711,OK-EAST,1.992
EV00518,Severe Convective Storm,0.000256,OK-CENTRAL;TX-NORTH,1.874
EV00519,Severe Convective Storm,0.001409,TX-NORTH,1.084
EV00520,Severe Convective Storm,0.000805,TX-WEST;CO-FRONT,2.866
EV00521,Severe Convective Storm,0.001169,TX-EAST;AR,2.338
EV00522,Severe Convective Storm,0.003763,OK-CENTRAL,2.084
EV00523,Severe Convective Storm,0.000437,OK-EAST,2.952
EV00524,Severe Convective Storm,0.000405,LA-NORTH;NM,2.629
EV00525,Severe Convective Storm,0.001289,TX-NORTH;TX-WEST,1.614
EV00526,Severe Convective Storm,0.002065,OK-CENTRAL;TX-NORTH,1.824
EV00527,Severe Convective Storm,0.000727,TX-CENTRAL;OK-EAST,1.376
EV00528,Severe Convective Storm,0.002447,AR;OK-CENTRAL,1.383
EV00529,Severe Convective Storm,0.000232,TX-EAST;TX-WEST,4.059
EV00530,Severe Convective Storm,0.000443,TX-EAST,1.407
EV00531,Severe Convective Storm,0.002596,CO-FRONT,2.828
EV00532,Severe Convective Storm,0.004128,CO-FRONT;OK-EAST,1.596
EV00533,Severe Convective Storm,0.000942,NM,3.757
EV00534,Severe Convective Storm,0.003422,TX-WEST;AR,1.703
EV00535,Severe Convective Storm,0.004830,TX-WEST,1.280
EV00536,Severe Convective Storm,0.002189,OK-EAST,1.389
EV00537,Severe Convective Storm,0.003127,LA-NORTH,1.510
EV00538,Severe Convective Storm,0.001692,OK-EAST,1.916
EV00539,Severe Convective Storm,0.001619,TX-CENTRAL;TX-EAST,2.464
EV00540,Severe Convective Storm,0.002826,NM,1.312
EV00541,Severe Convective Storm,0.004027,NM,2.187
EV00542,Severe Convective Storm,0.001668,NM,1.164
EV00543,Severe Convective Storm,0.001926,TX-WEST,2.042
EV00544,Severe Convective Storm,0.003015,AR;CO-FRONT,1.010
EV00545,Severe Convective Storm,0.004382,CO-FRONT,1.635
EV00546,Severe Convective Storm,0.001868,OK-CENTRAL,1.551
EV00547,Severe Convective Storm,0.001430,TX-CENTRAL,1.382
EV00548,Severe Convective Storm,0.007846,TX-EAST,1.291
EV00549,Severe Convective Storm,0.001991,TX-WEST,2.532
EV00550,Severe Convective Storm,0.001608,TX-CENTRAL;LA-NORTH,1.608
EV00551,Severe Convective Storm,0.000342,NM,2.057
EV00552,Severe Convective Storm,0.001629,CO-FRONT,1.573
EV00553,Severe Convective Storm,0.001791,TX-NORTH;TX-WEST,2.526
EV00554,Severe Convective Storm,0.000753,NM;TX-EAST,3.479
EV00555,Severe Convective Storm,0.004319,TX-WEST;NM,1.319
EV00556,Severe Convective Storm,0.000972,AR,2.881
EV00557,Severe Convective Storm,0.004034,TX-CENTRAL,1.102
EV00558,Severe Convective Storm,0.001513,TX-CENTRAL,2.601
EV00559,Severe Convective Storm,0.004840,OK-EAST,1.053
EV00560,Severe Convective Storm,0.002118,CO-FRONT;OK-EAST,1.305
EV00561,Severe Convective Storm,0.001600,NM,1.841
EV00562,Severe Convective Storm,0.002347,TX-WEST,2.005
EV00563,Severe Convective Storm,0.002321,TX-EAST,1.453
EV00564,Severe Convective Storm,0.000861,AR;TX-CENTRAL,2.427
EV00565,Severe Convective Storm,0.006378,OK-CENTRAL,1.352
EV00566,Severe Convective Storm,0.005377,LA-NORTH,1.267
EV00567,Severe Convective Storm,0.002281,NM;OK-EAST,1.467
EV00568,Severe Convective Storm,0.001586,TX-EAST,3.438
EV00569,Severe Convective Storm,0.002694,LA-NORTH,1.803
EV00570,Severe Convective Storm,0.001375,CO-FRONT,1.752
EV00571,Severe Convective Storm,0.004351,OK-CENTRAL,2.785
EV00572,Severe Convective Storm,0.000850,NM;TX-WEST,2.106
EV00573,Severe Convective Storm,0.001401,NM;CO-FRONT,1.654
EV00574,Severe Convective Storm,0.005837,TX-NORTH;LA-NORTH,1.534
EV00575,Severe Convective Storm,0.001280,TX-CENTRAL;AR,2.879
EV00576,Severe Convective Storm,0.000442,OK-CENTRAL;TX-CENTRAL,1.425
EV00577,Severe Convective Storm,0.002276,TX-WEST,1.114
EV00578,Severe Convective Storm,0.000980,NM;CO-FRONT,4.425
EV00579,Severe Convective Storm,0.004391,TX-NORTH,1.346
EV00580,Severe Convective Storm,0.001868,TX-WEST,1.170
EV00581,Severe Convective Storm,0.000017,LA-NORTH;TX-WEST,3.152
EV00582,Severe Convective Storm,0.001604,NM,2.615
EV00583,Severe Convective Storm,0.003519,CO-FRONT,1.159
EV00584,Severe Convective Storm,0.003473,LA-NORTH;OK-CENTRAL,1.228
EV00585,Severe Convective Storm,0.001142,NM,1.836
EV00586,Severe Convective Storm,0.000654,CO-FRONT,1.788
EV00587,Severe Convective Storm,0.002526,TX-NORTH,2.359
EV00588,Severe Convective Storm,0.001467,AR,2.727
EV00589,Severe Convective Storm,0.000719,TX-EAST,3.087
EV00590,Severe Convective Storm,0.001090,TX-WEST,1.108
EV00591,Severe Convective Storm,0.001632,TX-CENTRAL,2.128
EV00592,Severe Convective Storm,0.003737,AR,1.664
EV00593,Severe Convective Storm,0.002055,AR,1.688
EV00594,Severe Convective Storm,0.002887,OK-EAST,1.498
EV00595,Severe Convective Storm,0.005885,NM,1.237
EV00596,Severe Convective Storm,0.000725,TX-WEST,3.256
EV00597,Severe Convective Storm,0.002353,NM,1.156
EV00598,Severe Convective Storm,0.000327,TX-EAST;TX-CENTRAL,3.461
EV00599,Severe Convective Storm,0.002749,TX-CENTRAL;CO-FRONT,2.300
EV00600,Severe Convective Storm,0.004075,LA-NORTH,1.284
EV00601,Severe Convective Storm,0.000684,CO-FRONT,2.343
EV00602,Severe Convective Storm,0.002520,TX-WEST;LA-NORTH,1.411
EV00603,Severe Convective Storm,0.003377,OK-CENTRAL,1.731
EV00604,Severe Convective Storm,0.004557,TX-EAST;NM,1.639
EV00605,Severe Convective Storm,0.000850,TX-WEST,1.688
EV00606,Severe Convective Storm,0.001514,OK-CENTRAL,2.074
EV00607,Severe Convective Storm,0.003927,TX-CENTRAL,1.298
EV00608,Severe Convective Storm,0.000503,TX-CENTRAL,3.471
EV00609,Severe Convective Storm,0.000283,NM,3.328
EV00610,Severe Convective Storm,0.000133,TX-CENTRAL,3.714
EV00611,Severe Convective Storm,0.001165,TX-EAST,2.002
EV00612,Severe Convective Storm,0.001362,TX-WEST,1.258
EV00613,Severe Convective Storm,0.002027,LA-NORTH,1.249
EV00614,Severe Convective Storm,0.003691,TX-WEST;CO-FRONT,1.852
EV00615,Severe Convective Storm,0.003590,TX-CENTRAL;CO-FRONT,1.987
EV00616,Severe Convective Storm,0.001943,TX-CENTRAL,2.124
EV00617,Severe Convective Storm,0.001262,OK-EAST,2.016
EV00618,Severe Convective Storm,0.002051,TX-CENTRAL,2.621
EV00619,Severe Convective Storm,0.001360,OK-CENTRAL,1.500
EV00620,Severe Convective Storm,0.002067,TX-EAST,3.965
EV00621,Severe Convective Storm,0.002432,OK-CENTRAL,1.214
EV00622,Severe Convective Storm,0.000753,TX-EAST,2.584
EV00623,Severe Convective Storm,0.002133,CO-FRONT;NM,1.407
EV00624,Severe Convective Storm,0.001848,LA-NORTH,2.034
EV00625,Severe Convective Storm,0.000609,CO-FRONT,3.286
EV00626,Severe Convective Storm,0.001107,AR,1.445
EV00627,Severe Convective Storm,0.000701,AR,1.616
EV00628,Severe Convective Storm,0.003027,LA-NORTH,1.182
EV00629,Severe Convective Storm,0.000323,OK-CENTRAL;TX-WEST,3.769
EV00630,Severe Convective Storm,0.000150,OK-CENTRAL;TX-CENTRAL,2.084
EV00631,Severe Convective Storm,0.002630,NM,1.873
EV00632,Severe Convective Storm,0.001468,OK-EAST,2.964
EV00633,Severe Convective Storm,0.000293,OK-EAST;AR,2.823
EV00634,Severe Convective Storm,0.000434,TX-EAST,2.028
EV00635,Severe Convective Storm,0.002406,AR;TX-EAST,1.839
EV00636,Severe Convective Storm,0.004604,AR,1.167
EV00637,Severe Convective Storm,0.001878,OK-CENTRAL,1.940
EV00638,Severe Convective Storm,0.001058,TX-CENTRAL,1.778
EV00639,Severe Convective Storm,0.001058,AR,2.902
EV00640,Severe Convective Storm,0.000530,AR;OK-EAST,2.151
EV00641,Severe Convective Storm,0.003608,CO-FRONT;TX-NORTH,1.805
EV00642,Severe Convective Storm,0.001207,OK-EAST,2.093
EV00643,Severe Convective Storm,0.000830,TX-NORTH;TX-CENTRAL,2.859
EV00644,Severe Convective Storm,0.001236,TX-WEST;TX-NORTH,3.826
EV00645,Severe Convective Storm,0.000448,TX-CENTRAL,3.583
EV00646,Severe Convective Storm,0.000214,LA-NORTH,3.962
EV00647,Severe Convective Storm,0.000587,AR,3.045
EV00648,Severe Convective Storm,0.002015,CO-FRONT,1.067
EV00649,Severe Convective Storm,0.000475,TX-WEST;OK-CENTRAL,4.152
EV00650,Severe Convective Storm,0.000720,LA-NORTH;TX-NORTH,2.387
EV00651,Severe Convective Storm,0.009489,TX-NORTH,1.518
EV00652,Severe Convective Storm,0.001190,TX-WEST;CO-FRONT,3.405
EV00653,Severe Convective Storm,0.001456,NM;AR,1.073
EV00654,Severe Convective Storm,0.001055,TX-NORTH,2.110
EV00655,Severe Convective Storm,0.004806,TX-NORTH;TX-WEST,1.364
EV00656,Severe Convective Storm,0.000074,AR,3.998
EV00657,Severe Convective Storm,0.004025,TX-WEST,1.730
EV00658,Severe Convective Storm,0.001964,CO-FRONT,2.155
EV00659,Severe Convective Storm,0.000103,AR;TX-NORTH,4.092
EV00660,Severe Convective Storm,0.002298,TX-CENTRAL;TX-EAST,2.192
EV00661,Severe Convective Storm,0.001612,LA-NORTH,2.091
EV00662,Severe Convective Storm,0.001447,TX-EAST,1.446
EV00663,Severe Convective Storm,0.001201,OK-CENTRAL,3.490
EV00664,Severe Convective Storm,0.001878,CO-FRONT;TX-NORTH,2.258
EV00665,Severe Convective Storm,0.002603,NM,1.398
EV00666,Severe Convective Storm,0.001170,AR;LA-NORTH,1.125
EV00667,Severe Convective Storm,0.001059,LA-NORTH,1.702
EV00668,Severe Convective Storm,0.001294,TX-CENTRAL,2.105
EV00669,Severe Convective Storm,0.001450,LA-NORTH,2.015
EV00670,Severe Convective Storm,0.000580,TX-WEST,1.895
EV00671,Severe Convective Storm,0.001376,NM,1.265
EV00672,Severe Convective Storm,0.000893,OK-EAST,1.755
EV00673,Severe Convective Storm,0.000752,LA-NORTH,2.647
EV00674,Severe Convective Storm,0.001446,TX-WEST,1.376
EV00675,Severe Convective Storm,0.001025,CO-FRONT,2.500
EV00676,Severe Convective Storm,0.000629,NM,2.538
EV00677,Severe Convective Storm,0.001094,AR,1.996
EV00678,Severe Convective Storm,0.000376,TX-EAST,3.241
EV00679,Severe Convective Storm,0.002100,TX-WEST,2.123
EV00680,Severe Convective Storm,0.002420,TX-NORTH,2.352
EV00681,Severe Convective Storm,0.001990,NM,1.559
EV00682,Severe Convective Storm,0.006342,OK-CENTRAL,1.365
EV00683,Severe Convective Storm,0.002793,OK-CENTRAL,1.341
EV00684,Severe Convective Storm,0.005003,OK-CENTRAL,1.714
EV00685,Severe Convective Storm,0.001168,OK-EAST,3.289
EV00686,Severe Convective Storm,0.001070,NM,2.518
EV00687,Severe Convective Storm,0.002112,LA-NORTH;OK-CENTRAL,1.804
EV00688,Severe Convective Storm,0.000110,TX-EAST;NM,3.190
EV00689,Severe Convective Storm,0.000727,TX-NORTH;AR,2.187
EV00690,Severe Convective Storm,0.001897,OK-CENTRAL,1.524
EV00691,Severe Convective Storm,0.003638,NM;AR,1.674
EV00692,Severe Convective Storm,0.001902,CO-FRONT;TX-CENTRAL,2.082
EV00693,Severe Convective Storm,0.000804,CO-FRONT,2.433
EV00694,Severe Convective Storm,0.001143,CO-FRONT,1.911
EV00695,Severe Convective Storm,0.000168,TX-CENTRAL,2.764
EV00696,Severe Convective Storm,0.002903,OK-EAST,2.634
EV00697,Severe Convective Storm,0.000614,TX-NORTH,2.327
EV00698,Severe Convective Storm,0.001575,TX-WEST,2.025
EV00699,Severe Convective Storm,0.005143,NM,1.579
EV00700,Severe Convective Storm,0.000822,TX-WEST,2.313
EV00701,Severe Convective Storm,0.000753,NM,3.261
EV00702,Severe Convective Storm,0.001596,CO-FRONT;LA-NORTH,1.868
EV00703,Severe Convective Storm,0.004353,TX-EAST,1.682
EV00704,Severe Convective Storm,0.000491,CO-FRONT;TX-EAST,4.286
EV00705,Severe Convective Storm,0.000654,TX-EAST,2.438
EV00706,Severe Convective Storm,0.000389,OK-EAST;TX-WEST,2.488
EV00707,Severe Convective Storm,0.001714,TX-EAST,2.770
EV00708,Severe Convective Storm,0.000062,AR,2.934
EV00709,Severe Convective Storm,0.005637,NM,1.866
EV00710,Severe Convective Storm,0.003215,CO-FRONT,1.946
EV00711,Severe Convective Storm,0.003582,TX-CENTRAL,1.642
EV00712,Severe Convective Storm,0.006978,TX-NORTH,1.543
EV00713,Severe Convective Storm,0.000276,AR,3.539
EV00714,Severe Convective Storm,0.005126,TX-WEST,2.264
EV00715,Severe Convective Storm,0.006212,OK-CENTRAL,2.122
EV00716,Severe Convective Storm,0.001374,TX-EAST;OK-CENTRAL,2.852
EV00717,Severe Convective Storm,0.005796,LA-NORTH,1.357
EV00718,Severe Convective Storm,0.003556,OK-CENTRAL,1.063
EV00719,Severe Convective Storm,0.002070,OK-CENTRAL,1.327
EV00720,Severe Convective Storm,0.008017,OK-CENTRAL,1.669
EV00721,Severe Convective Storm,0.000869,TX-WEST;TX-EAST,1.577
EV00722,Severe Convective Storm,0.004341,AR,1.302
EV00723,Severe Convective Storm,0.002323,LA-NORTH,1.093
EV00724,Severe Convective Storm,0.000175,AR,3.921
EV00725,Severe Convective Storm,0.003251,CO-FRONT,2.437
EV00726,Severe Convective Storm,0.001133,OK-CENTRAL,3.074
EV00727,Severe Convective Storm,0.001586,OK-CENTRAL;TX-NORTH,1.123
EV00728,Severe Convective Storm,0.000616,NM,3.111
EV00729,Severe Convective Storm,0.004904,CO-FRONT,1.211
EV00730,Severe Convective Storm,0.000654,TX-NORTH,3.340
EV00731,Severe Convective Storm,0.005159,NM;TX-CENTRAL,1.905
EV00732,Severe Convective Storm,0.001865,TX-NORTH,3.747
EV00733,Severe Convective Storm,0.000439,AR;TX-WEST,2.179
EV00734,Severe Convective Storm,0.003195,OK-CENTRAL,1.103
EV00735,Severe Convective Storm,0.001343,OK-CENTRAL,1.800
EV00736,Severe Convective Storm,0.000502,TX-WEST,1.763
EV00737,Severe Convective Storm,0.001906,LA-NORTH,2.049
EV00738,Severe Convective Storm,0.002151,TX-EAST,2.155
EV00739,Severe Convective Storm,0.000513,OK-CENTRAL;AR,1.835
EV00740,Severe Convective Storm,0.002608,TX-NORTH,3.447
EV00741,Severe Convective Storm,0.000605,TX-CENTRAL,2.222
EV00742,Severe Convective Storm,0.004290,AR,1.676
EV00743,Severe Convective Storm,0.000607,NM,1.195
EV00744,Severe Convective Storm,0.002404,NM,1.673
EV00745,Severe Convective Storm,0.001940,AR,1.412
EV00746,Severe Convective Storm,0.001901,TX-CENTRAL,1.694
EV00747,Severe Convective Storm,0.002174,LA-NORTH,1.473
EV00748,Severe Convective Storm,0.002429,TX-EAST,1.392
EV00749,Severe Convective Storm,0.003734,TX-NORTH,1.735
EV00750,Severe Convective Storm,0.000516,NM,2.440
EV00751,Severe Convective Storm,0.008699,TX-EAST,1.099
EV00752,Severe Convective Storm,0.002769,TX-CENTRAL,2.588
EV00753,Severe Convective Storm,0.001915,TX-EAST,2.690
EV00754,Severe Convective Storm,0.006357,TX-EAST;TX-CENTRAL,1.376
EV00755,Severe Convective Storm,0.000564,TX-WEST;NM,1.450
EV00756,Severe Convective Storm,0.000356,OK-EAST;TX-EAST,2.494
EV00757,Severe Convective Storm,0.001842,TX-NORTH,1.632
EV00758,Severe Convective Storm,0.002087,CO-FRONT,2.643
EV00759,Severe Convective Storm,0.001327,TX-CENTRAL,1.652
EV00760,Severe Convective Storm,0.005449,AR,1.350
EV00761,Severe Convective Storm,0.003032,CO-FRONT,1.730
EV00762,Severe Convective Storm,0.000912,TX-CENTRAL,2.098
EV00763,Severe Convective Storm,0.002046,LA-NORTH,1.827
EV00764,Severe Convective Storm,0.001899,TX-WEST,2.699
EV00765,Severe Convective Storm,0.001363,TX-NORTH,2.222
EV00766,Severe Convective Storm,0.001555,NM;OK-EAST,1.284
EV00767,Severe Convective Storm,0.006366,OK-EAST,1.230
EV00768,Severe Convective Storm,0.002540,TX-WEST;CO-FRONT,1.760
EV00769,Severe Convective Storm,0.001318,AR,2.153
EV00770,Severe Convective Storm,0.000563,TX-CENTRAL,2.787
EV00771,Severe Convective Storm,0.000160,NM;AR,4.516
EV00772,Severe Convective Storm,0.003726,OK-CENTRAL;LA-NORTH,1.588
EV00773,Severe Convective Storm,0.007641,LA-NORTH;TX-WEST,1.897
EV00774,Severe Convective Storm,0.000271,OK-CENTRAL,3.022
EV00775,Severe Convective Storm,0.002012,CO-FRONT,1.837
EV00776,Severe Convective Storm,0.002337,TX-NORTH;TX-EAST,2.233
EV00777,Severe Convective Storm,0.001549,TX-WEST,1.706
EV00778,Severe Convective Storm,0.001751,TX-EAST,1.788
EV00779,Severe Convective Storm,0.003579,OK-CENTRAL,1.688
EV00780,Severe Convective Storm,0.003077,OK-CENTRAL,1.296
EV00781,Severe Convective Storm,0.002250,CO-FRONT,1.960
EV00782,Severe Convective Storm,0.001640,NM,2.821
EV00783,Severe Convective Storm,0.004488,TX-WEST;CO-FRONT,1.090
EV00784,Severe Convective Storm,0.000941,TX-WEST;LA-NORTH,2.260
EV00785,Severe Convective Storm,0.000670,OK-CENTRAL,2.338
EV00786,Severe Convective Storm,0.005971,LA-NORTH,1.179
EV00787,Severe Convective Storm,0.002208,AR,1.282
EV00788,Severe Convective Storm,0.001891,TX-CENTRAL,1.252
EV00789,Severe Convective Storm,0.001172,TX-NORTH,1.771
EV00790,Severe Convective Storm,0.007360,CO-FRONT;NM,1.132
EV00791,Severe Convective Storm,0.001606,TX-CENTRAL,2.075
EV00792,Severe Convective Storm,0.004122,TX-NORTH,1.235
EV00793,Severe Convective Storm,0.004816,AR,1.408
EV00794,Severe Convective Storm,0.000401,TX-CENTRAL,2.770
EV00795,Severe Convective Storm,0.000310,NM,2.080
EV00796,Severe Convective Storm,0.000725,TX-EAST,1.016
EV00797,Severe Convective Storm,0.001733,NM;AR,1.174
EV00798,Severe Convective Storm,0.000362,OK-EAST,2.628
EV00799,Severe Convective Storm,0.006584,LA-NORTH,1.297
EV00800,Severe Convective Storm,0.001108,OK-CENTRAL,1.594
EV00801,Severe Convective Storm,0.000570,TX-WEST;TX-EAST,3.138
EV00802,Severe Convective Storm,0.001056,LA-NORTH,3.266
EV00803,Severe Convective Storm,0.004669,TX-CENTRAL,1.152
EV00804,Severe Convective Storm,0.000827,OK-CENTRAL;TX-NORTH,3.019
EV00805,Severe Convective Storm,0.006816,TX-NORTH,1.649
EV00806,Severe Convective Storm,0.000509,CO-FRONT,2.673
EV00807,Severe Convective Storm,0.002015,TX-WEST,1.848
EV00808,Severe Convective Storm,0.002458,OK-CENTRAL,1.578
EV00809,Severe Convective Storm,0.004736,NM,1.337
EV00810,Severe Convective Storm,0.001739,TX-CENTRAL,1.665
EV00811,Severe Convective Storm,0.000486,AR,3.398
EV00812,Severe Convective Storm,0.002302,TX-EAST,3.521
EV00813,Severe Convective Storm,0.001790,OK-CENTRAL,2.541
EV00814,Severe Convective Storm,0.003649,AR,2.720
EV00815,Severe Convective Storm,0.002066,AR,2.902
EV00816,Severe Convective Storm,0.004833,AR,1.324
EV00817,Severe Convective Storm,0.000528,OK-CENTRAL;TX-CENTRAL,2.806
EV00818,Severe Convective Storm,0.001360,CO-FRONT;AR,1.664
EV00819,Severe Convective Storm,0.004532,NM,1.533
EV00820,Severe Convective Storm,0.001892,CO-FRONT,2.676
EV00821,Severe Convective Storm,0.002540,OK-CENTRAL,2.154
EV00822,Severe Convective Storm,0.000095,TX-CENTRAL,3.770
EV00823,Severe Convective Storm,0.000842,OK-EAST;CO-FRONT,2.464
EV00824,Severe Convective Storm,0.000591,OK-EAST,2.642
EV00825,Severe Convective Storm,0.000671,OK-EAST,2.666
EV00826,Severe Convective Storm,0.000875,OK-EAST,4.100
EV00827,Severe Convective Storm,0.002528,TX-CENTRAL;OK-EAST,2.682
EV00828,Severe Convective Storm,0.000609,AR,3.407
EV00829,Severe Convective Storm,0.000753,CO-FRONT;OK-CENTRAL,3.310
EV00830,Severe Convective Storm,0.001348,NM,1.484
EV00831,Severe Convective Storm,0.004803,TX-CENTRAL,1.888
EV00832,Severe Convective Storm,0.000743,CO-FRONT,2.317
EV00833,Severe Convective Storm,0.002095,NM,1.981
EV00834,Severe Convective Storm,0.000616,CO-FRONT,2.428
EV00835,Severe Convective Storm,0.001289,TX-NORTH,2.756
EV00836,Severe Convective Storm,0.000597,CO-FRONT,1.980
EV00837,Severe Convective Storm,0.004466,TX-WEST,1.746
EV00838,Severe Convective Storm,0.004592,NM,2.533
EV00839,Severe Convective Storm,0.001859,NM,1.298
EV00840,Severe Convective Storm,0.000905,TX-EAST,2.761
EV00841,Severe Convective Storm,0.006155,TX-EAST,1.247
EV00842,Severe Convective Storm,0.002373,LA-NORTH,1.649
EV00843,Severe Convective Storm,0.007807,TX-CENTRAL,1.135
EV00844,Severe Convective Storm,0.000148,OK-EAST;LA-NORTH,3.499
EV00845,Severe Convective Storm,0.000901,CO-FRONT,2.283
EV00846,Severe Convective Storm,0.001839,TX-NORTH,1.806
EV00847,Severe Convective Storm,0.002653,TX-EAST,1.488
EV00848,Severe Convective Storm,0.006287,TX-WEST,1.093
EV00849,Severe Convective Storm,0.001937,CO-FRONT;TX-CENTRAL,3.024
EV00850,Severe Convective Storm,0.003304,OK-EAST,1.507
EV00851,Severe Convective Storm,0.001236,OK-EAST,1.247
EV00852,Severe Convective Storm,0.000488,LA-NORTH;OK-CENTRAL,2.436
EV00853,Severe Convective Storm,0.000159,NM,2.816
EV00854,Severe Convective Storm,0.004026,TX-CENTRAL,2.249
EV00855,Severe Convective Storm,0.002250,TX-WEST,3.389
EV00856,Severe Convective Storm,0.000823,TX-CENTRAL,3.606
EV00857,Severe Convective Storm,0.002610,NM,2.985
EV00858,Severe Convective Storm,0.001808,LA-NORTH,2.523
EV00859,Severe Convective Storm,0.000641,NM;TX-EAST,3.168
EV00860,Severe Convective Storm,0.000816,OK-EAST,2.357
EV00861,Severe Convective Storm,0.001823,TX-NORTH,1.120
EV00862,Severe Convective Storm,0.002125,CO-FRONT,1.633
EV00863,Severe Convective Storm,0.003949,TX-WEST;TX-NORTH,1.296
EV00864,Severe Convective Storm,0.003499,TX-WEST,1.195
EV00865,Severe Convective Storm,0.000666,CO-FRONT,2.821
EV00866,Severe Convective Storm,0.004967,TX-WEST;TX-CENTRAL,1.322
EV00867,Severe Convective Storm,0.001538,TX-WEST,2.735
EV00868,Severe Convective Storm,0.002205,LA-NORTH,1.648
EV00869,Severe Convective Storm,0.004901,TX-NORTH;TX-WEST,2.079
EV00870,Severe Convective Storm,0.000691,LA-NORTH;TX-NORTH,2.928
EV00871,Severe Convective Storm,0.003999,TX-EAST;TX-CENTRAL,1.696
EV00872,Severe Convective Storm,0.000981,TX-CENTRAL,2.463
EV00873,Severe Convective Storm,0.002374,NM;TX-EAST,2.041
EV00874,Severe Convective Storm,0.000257,TX-EAST,1.201
EV00875,Severe Convective Storm,0.002271,LA-NORTH;OK-CENTRAL,2.202
EV00876,Severe Convective Storm,0.000364,TX-NORTH,2.930
EV00877,Severe Convective Storm,0.001119,OK-CENTRAL;TX-WEST,3.233
EV00878,Severe Convective Storm,0.000435,TX-CENTRAL,2.957
EV00879,Severe Convective Storm,0.004445,TX-NORTH;AR,1.257
EV00880,Severe Convective Storm,0.001998,CO-FRONT;OK-CENTRAL,3.332
EV00881,Severe Convective Storm,0.002429,TX-CENTRAL;NM,2.055
EV00882,Severe Convective Storm,0.002939,CO-FRONT;OK-EAST,1.906
EV00883,Severe Convective Storm,0.003099,LA-NORTH,1.366
EV00884,Severe Convective Storm,0.006600,TX-CENTRAL,1.625
EV00885,Severe Convective Storm,0.000938,TX-CENTRAL;TX-EAST,1.948
EV00886,Severe Convective Storm,0.000799,OK-CENTRAL,3.210
EV00887,Severe Convective Storm,0.002786,TX-WEST,1.657
EV00888,Severe Convective Storm,0.002298,CO-FRONT;TX-NORTH,2.171
EV00889,Severe Convective Storm,0.001278,TX-CENTRAL,2.814
EV00890,Severe Convective Storm,0.002932,NM,1.173
EV00891,Severe Convective Storm,0.000241,CO-FRONT,3.740
EV00892,Severe Convective Storm,0.000227,LA-NORTH,2.361
EV00893,Severe Convective Storm,0.000429,OK-CENTRAL;AR,1.652
EV00894,Severe Convective Storm,0.001211,OK-CENTRAL;LA-NORTH,2.960
EV00895,Severe Convective Storm,0.005481,AR;OK-CENTRAL,1.475
EV00896,Severe Convective Storm,0.010602,TX-NORTH,1.243
EV00897,Severe Convective Storm,0.002195,TX-WEST,2.624
EV00898,Severe Convective Storm,0.002299,OK-CENTRAL,1.594
EV00899,Severe Convective Storm,0.002649,LA-NORTH,1.469
EV00900,Severe Convective Storm,0.000796,TX-EAST,4.172
EV00901,Severe Convective Storm,0.002058,TX-EAST,2.871
EV00902,Severe Convective Storm,0.000129,LA-NORTH,3.428
EV00903,Severe Convective Storm,0.001790,AR,1.686
EV00904,Severe Convective Storm,0.000623,NM,2.511
EV00905,Severe Convective Storm,0.000055,LA-NORTH,4.073
EV00906,Severe Convective Storm,0.000585,CO-FRONT,1.441
EV00907,Severe Convective Storm,0.000513,CO-FRONT;TX-NORTH,1.957
EV00908,Severe Convective Storm,0.003918,TX-NORTH;AR,1.406
EV00909,Severe Convective Storm,0.001612,AR;TX-CENTRAL,1.830
EV00910,Severe Convective Storm,0.000569,LA-NORTH,2.602
EV00911,Severe Convective Storm,0.001353,NM,1.516
EV00912,Severe Convective Storm,0.001137,CO-FRONT;TX-CENTRAL,1.873
EV00913,Severe Convective Storm,0.000802,TX-CENTRAL;TX-NORTH,3.937
EV00914,Severe Convective Storm,0.001749,NM;TX-NORTH,1.674
EV00915,Severe Convective Storm,0.004448,TX-NORTH,1.463
EV00916,Severe Convective Storm,0.000509,OK-CENTRAL;TX-NORTH,1.042
EV00917,Severe Convective Storm,0.003522,CO-FRONT,1.825
EV00918,Severe Convective Storm,0.002011,CO-FRONT,2.200
EV00919,Severe Convective Storm,0.000692,TX-WEST,3.208
EV00920,Severe Convective Storm,0.002143,TX-WEST;CO-FRONT,1.278
EV00921,Severe Convective Storm,0.000930,AR,2.811
EV00922,Severe Convective Storm,0.000437,LA-NORTH,3.086
EV00923,Severe Convective Storm,0.001995,TX-WEST,1.663
EV00924,Severe Convective Storm,0.000329,LA-NORTH;TX-CENTRAL,3.214
EV00925,Severe Convective Storm,0.000338,TX-EAST,3.964
EV00926,Severe Convective Storm,0.001323,TX-WEST,3.044
EV00927,Severe Convective Storm,0.001136,OK-EAST,2.229
EV00928,Severe Convective Storm,0.003307,TX-EAST,1.598
EV00929,Severe Convective Storm,0.000536,LA-NORTH,3.343
EV00930,Severe Convective Storm,0.002199,NM;TX-WEST,2.177
EV00931,Severe Convective Storm,0.001131,TX-WEST,1.046
EV00932,Severe Convective Storm,0.000539,TX-NORTH;NM,1.873
EV00933,Severe Convective Storm,0.000480,TX-WEST,1.589
EV00934,Severe Convective Storm,0.000592,OK-EAST,2.484
EV00935,Severe Convective Storm,0.002284,TX-NORTH;AR,2.310
EV00936,Severe Convective Storm,0.002271,OK-EAST;OK-CENTRAL,2.086
EV00937,Severe Convective Storm,0.002244,TX-EAST,2.542
EV00938,Severe Convective Storm,0.004708,TX-CENTRAL,1.065
EV00939,Severe Convective Storm,0.002718,TX-CENTRAL,2.417
EV00940,Severe Convective Storm,0.002787,CO-FRONT,1.963
EV00941,Severe Convective Storm,0.006317,LA-NORTH,1.118
EV00942,Severe Convective Storm,0.004722,OK-EAST;TX-WEST,2.276
EV00943,Severe Convective Storm,0.003154,CO-FRONT,2.192
EV00944,Severe Convective Storm,0.001322,TX-WEST,3.293
EV00945,Severe Convective Storm,0.001368,OK-EAST,2.511
EV00946,Severe Convective Storm,0.003375,CO-FRONT;TX-NORTH,1.135
EV00947,Severe Convective Storm,0.002459,TX-WEST;OK-EAST,1.086
EV00948,Severe Convective Storm,0.001076,NM,1.619
EV00949,Severe Convective Storm,0.001132,OK-CENTRAL;NM,2.141
EV00950,Severe Convective Storm,0.003329,OK-EAST;TX-EAST,1.804
EV00951,Severe Convective Storm,0.000692,TX-WEST,3.061
EV00952,Severe Convective Storm,0.000501,LA-NORTH,2.834
EV00953,Severe Convective Storm,0.004644,TX-NORTH,1.079
EV00954,Severe Convective Storm,0.002929,CO-FRONT,1.086
EV00955,Severe Convective Storm,0.002300,AR,4.145
EV00956,Severe Convective Storm,0.000465,TX-EAST,1.941
EV00957,Severe Convective Storm,0.001040,TX-WEST,2.567
EV00958,Severe Convective Storm,0.000852,TX-CENTRAL,2.995
EV00959,Severe Convective Storm,0.001045,OK-EAST,2.787
EV00960,Severe Convective Storm,0.003354,AR,1.818
EV00961,Severe Convective Storm,0.000433,LA-NORTH,1.787
EV00962,Severe Convective Storm,0.000616,CO-FRONT,3.013
EV00963,Severe Convective Storm,0.000499,TX-NORTH;AR,2.179
EV00964,Severe Convective Storm,0.003266,OK-EAST;AR,1.649
EV00965,Severe Convective Storm,0.000403,OK-CENTRAL,2.353
EV00966,Severe Convective Storm,0.000744,CO-FRONT,2.927
EV00967,Severe Convective Storm,0.002913,TX-CENTRAL,1.239
EV00968,Severe Convective Storm,0.001677,TX-EAST,1.531
EV00969,Severe Convective Storm,0.001389,OK-CENTRAL,1.420
EV00970,Severe Convective Storm,0.002878,OK-EAST,1.955
EV00971,Severe Convective Storm,0.000548,CO-FRONT,2.341
EV00972,Severe Convective Storm,0.001445,CO-FRONT;TX-NORTH,2.518
EV00973,Severe Convective Storm,0.005207,TX-WEST;AR,1.352
EV00974,Severe Convective Storm,0.000554,OK-EAST,1.754
EV00975,Severe Convective Storm,0.003761,CO-FRONT,1.652
EV00976,Severe Convective Storm,0.000641,TX-NORTH;OK-EAST,2.477
EV00977,Severe Convective Storm,0.000597,TX-NORTH,2.585
EV00978,Severe Convective Storm,0.001154,LA-NORTH,2.984
EV00979,Severe Convective Storm,0.001188,OK-EAST,1.469
EV00980,Severe Convective Storm,0.000651,AR,2.506
EV00981,Severe Convective Storm,0.006592,CO-FRONT,1.287
EV00982,Severe Convective Storm,0.001483,OK-CENTRAL;TX-NORTH,2.051
EV00983,Severe Convective Storm,0.004281,OK-CENTRAL;NM,1.445
EV00984,Severe Convective Storm,0.000508,LA-NORTH,2.426
EV00985,Severe Convective Storm,0.000915,TX-WEST,1.376
EV00986,Severe Convective Storm,0.001487,AR,1.685
EV00987,Severe Convective Storm,0.001181,AR,3.389
EV00988,Severe Convective Storm,0.002308,TX-WEST,1.711
EV00989,Severe Convective Storm,0.002100,AR,1.907
EV00990,Severe Convective Storm,0.001979,NM;TX-NORTH,2.227
EV00991,Severe Convective Storm,0.001648,TX-WEST,2.616
EV00992,Severe Convective Storm,0.003387,TX-EAST,1.818
EV00993,Severe Convective Storm,0.002129,TX-EAST,1.287
EV00994,Severe Convective Storm,0.001120,AR;OK-EAST,1.460
EV00995,Severe Convective Storm,0.000766,TX-NORTH,1.667
EV00996,Severe Convective Storm,0.000905,TX-NORTH,3.068
EV00997,Severe Convective Storm,0.003946,OK-CENTRAL,1.140
EV00998,Severe Convective Storm,0.001908,CO-FRONT,2.061
EV00999,Severe Convective Storm,0.001132,OK-EAST;CO-FRONT,2.822
EV01000,Severe Convective Storm,0.004096,TX-EAST,1.118
EV01001,Severe Convective Storm,0.002373,CO-FRONT,1.138
EV01002,Severe Convective Storm,0.000061,TX-EAST,3.855
EV01003,Severe Convective Storm,0.000962,OK-CENTRAL;TX-NORTH,4.295
EV01004,Severe Convective Storm,0.001174,NM,1.813
EV01005,Severe Convective Storm,0.000729,TX-CENTRAL,1.970
EV01006,Severe Convective Storm,0.004974,TX-EAST,2.193
EV01007,Severe Convective Storm,0.000449,TX-NORTH,3.949
EV01008,Severe Convective Storm,0.001998,TX-NORTH,2.893
EV01009,Severe Convective Storm,0.001160,NM;LA-NORTH,1.639
EV01010,Severe Convective Storm,0.002930,NM,1.557
EV01011,Severe Convective Storm,0.000350,CO-FRONT,2.608
EV01012,Severe Convective Storm,0.003894,OK-CENTRAL,2.104
EV01013,Severe Convective Storm,0.000664,CO-FRONT,1.433
EV01014,Severe Convective Storm,0.002276,TX-NORTH,1.134
EV01015,Severe Convective Storm,0.000762,TX-NORTH,2.515
EV01016,Severe Convective Storm,0.000079,OK-CENTRAL,3.466
EV01017,Severe Convective Storm,0.002810,AR;TX-CENTRAL,1.894
EV01018,Severe Convective Storm,0.000942,NM,2.182
EV01019,Severe Convective Storm,0.001714,LA-NORTH,1.432
EV01020,Severe Convective Storm,0.001787,OK-EAST,2.303
EV01021,Severe Convective Storm,0.002492,TX-EAST,3.378
EV01022,Severe Convective Storm,0.001205,OK-CENTRAL,2.112
EV01023,Severe Convective Storm,0.006045,OK-EAST,1.435
EV01024,Severe Convective Storm,0.001361,TX-NORTH;CO-FRONT,2.080
EV01025,Severe Convective Storm,0.001153,TX-NORTH;AR,3.337
EV01026,Severe Convective Storm,0.002128,OK-EAST,3.135
EV01027,Severe Convective Storm,0.002811,TX-CENTRAL,2.170
EV01028,Severe Convective Storm,0.001236,TX-EAST,3.891
EV01029,Severe Convective Storm,0.004406,TX-WEST,1.935
EV01030,Severe Convective Storm,0.001957,NM;LA-NORTH,1.412
EV01031,Severe Convective Storm,0.000690,TX-NORTH,1.839
EV01032,Severe Convective Storm,0.002091,TX-EAST,2.639
EV01033,Severe Convective Storm,0.001906,TX-CENTRAL,2.380
EV01034,Severe Convective Storm,0.001233,TX-NORTH;OK-CENTRAL,2.242
EV01035,Severe Convective Storm,0.001362,AR;TX-NORTH,2.167
EV01036,Severe Convective Storm,0.001928,TX-CENTRAL;CO-FRONT,3.106
EV01037,Severe Convective Storm,0.002128,TX-WEST,1.499
EV01038,Severe Convective Storm,0.000682,TX-WEST;AR,3.594
EV01039,Severe Convective Storm,0.003129,LA-NORTH,1.130
EV01040,Severe Convective Storm,0.001760,TX-CENTRAL,1.288
EV01041,Severe Convective Storm,0.002558,TX-CENTRAL,1.279
EV01042,Severe Convective Storm,0.000853,OK-EAST,3.904
EV01043,Severe Convective Storm,0.002329,CO-FRONT,1.960
EV01044,Severe Convective Storm,0.006187,AR,1.161
EV01045,Severe Convective Storm,0.001342,OK-EAST;TX-NORTH,2.811
EV01046,Severe Convective Storm,0.000763,TX-WEST;TX-CENTRAL,1.261
EV01047,Severe Convective Storm,0.000238,TX-NORTH,2.249
EV01048,Severe Convective Storm,0.001314,TX-EAST;AR,1.921
EV01049,Severe Convective Storm,0.003646,CO-FRONT,2.102
EV01050,Severe Convective Storm,0.002470,TX-EAST,1.728
EV01051,Severe Convective Storm,0.002945,TX-NORTH,1.817
EV01052,Severe Convective Storm,0.004050,TX-WEST,1.511
EV01053,Severe Convective Storm,0.000760,TX-WEST,3.464
EV01054,Severe Convective Storm,0.000968,OK-CENTRAL,2.129
EV01055,Severe Convective Storm,0.000610,TX-CENTRAL;LA-NORTH,2.328
EV01056,Severe Convective Storm,0.000923,OK-CENTRAL,1.048
EV01057,Severe Convective Storm,0.000938,TX-WEST,1.170
EV01058,Severe Convective Storm,0.001367,NM,1.125
EV01059,Severe Convective Storm,0.002940,NM;TX-EAST,1.063
EV01060,Severe Convective Storm,0.001672,TX-EAST;TX-WEST,1.118
EV01061,Severe Convective Storm,0.000820,LA-NORTH,3.648
EV01062,Severe Convective Storm,0.003321,TX-CENTRAL;NM,1.271
EV01063,Severe Convective Storm,0.003643,TX-EAST,2.633
EV01064,Severe Convective Storm,0.000588,NM,3.411
EV01065,Severe Convective Storm,0.001414,TX-NORTH,2.320
EV01066,Severe Convective Storm,0.000345,LA-NORTH,2.222
EV01067,Severe Convective Storm,0.006798,TX-NORTH,1.435
EV01068,Severe Convective Storm,0.002559,AR,1.363
EV01069,Severe Convective Storm,0.000984,OK-CENTRAL,3.098
EV01070,Severe Convective Storm,0.001247,TX-WEST,1.824
EV01071,Severe Convective Storm,0.001364,NM,3.362
EV01072,Severe Convective Storm,0.003693,TX-NORTH,2.113
EV01073,Severe Convective Storm,0.002332,NM,1.810
EV01074,Severe Convective Storm,0.001851,CO-FRONT,2.149
EV01075,Severe Convective Storm,0.003301,TX-WEST,1.165
EV01076,Severe Convective Storm,0.005677,LA-NORTH,1.309
EV01077,Severe Convective Storm,0.001816,TX-WEST;TX-NORTH,1.632
EV01078,Severe Convective Storm,0.002680,TX-NORTH,2.133
EV01079,Severe Convective Storm,0.009407,CO-FRONT;LA-NORTH,1.056
EV01080,Severe Convective Storm,0.001175,OK-CENTRAL;TX-WEST,2.098
EV01081,Severe Convective Storm,0.001503,TX-EAST,1.754
EV01082,Severe Convective Storm,0.000710,NM,1.261
EV01083,Severe Convective Storm,0.001917,LA-NORTH;CO-FRONT,2.718
EV01084,Severe Convective Storm,0.002744,AR,1.476
EV01085,Severe Convective Storm,0.003311,OK-CENTRAL,2.512
EV01086,Severe Convective Storm,0.000351,LA-NORTH,2.753
EV01087,Severe Convective Storm,0.001646,CO-FRONT,1.070
EV01088,Severe Convective Storm,0.001273,TX-EAST,1.918
EV01089,Severe Convective Storm,0.001431,AR,1.923
EV01090,Severe Convective Storm,0.002582,LA-NORTH,1.876
EV01091,Severe Convective Storm,0.002571,OK-CENTRAL,1.059
EV01092,Severe Convective Storm,0.000528,TX-WEST,2.981
EV01093,Severe Convective Storm,0.002052,TX-WEST;TX-EAST,3.001
EV01094,Severe Convective Storm,0.001772,NM,1.538
EV01095,Severe Convective Storm,0.001721,TX-WEST,2.412
EV01096,Severe Convective Storm,0.000060,NM;OK-EAST,3.993
EV01097,Severe Convective Storm,0.001271,OK-CENTRAL,1.124
EV01098,Severe Convective Storm,0.000432,TX-WEST,3.816
EV01099,Severe Convective Storm,0.001900,TX-CENTRAL,2.305
EV01100,Severe Convective Storm,0.004000,TX-EAST,1.127
EV01101,Severe Convective Storm,0.000911,AR,3.933
EV01102,Severe Convective Storm,0.000726,NM,2.206
EV01103,Severe Convective Storm,0.007364,OK-EAST,1.495
EV01104,Severe Convective Storm,0.002355,AR,2.482
EV01105,Severe Convective Storm,0.004543,NM,1.384
EV01106,Severe Convective Storm,0.000484,OK-CENTRAL,3.377
EV01107,Severe Convective Storm,0.001404,TX-EAST;TX-WEST,1.512
EV01108,Severe Convective Storm,0.003466,LA-NORTH,1.302
EV01109,Severe Convective Storm,0.000955,TX-EAST,2.115
EV01110,Severe Convective Storm,0.003748,CO-FRONT,1.295
EV01111,Severe Convective Storm,0.006958,TX-EAST,2.086
EV01112,Severe Convective Storm,0.001644,LA-NORTH,2.247
EV01113,Severe Convective Storm,0.001679,TX-NORTH,2.026
EV01114,Severe Convective Storm,0.000747,LA-NORTH,2.275
EV01115,Severe Convective Storm,0.001816,TX-NORTH,1.850
EV01116,Severe Convective Storm,0.003961,OK-CENTRAL,1.304
EV01117,Severe Convective Storm,0.001593,TX-CENTRAL,1.420
EV01118,Severe Convective Storm,0.001798,CO-FRONT,1.667
EV01119,Severe Convective Storm,0.002535,TX-EAST;LA-NORTH,1.937
EV01120,Severe Convective Storm,0.004527,AR;TX-EAST,1.502
EV01121,Severe Convective Storm,0.001976,LA-NORTH,2.530
EV01122,Severe Convective Storm,0.001251,NM,2.940
EV01123,Severe Convective Storm,0.001288,TX-NORTH;CO-FRONT,3.315
EV01124,Severe Convective Storm,0.002133,CO-FRONT,1.922
EV01125,Severe Convective Storm,0.000907,NM,2.517
EV01126,Severe Convective Storm,0.003224,NM,1.107
EV01127,Severe Convective Storm,0.003217,OK-EAST,1.568
EV01128,Severe Convective Storm,0.000811,AR,1.109
EV01129,Severe Convective Storm,0.000615,OK-CENTRAL,2.166
EV01130,Severe Convective Storm,0.001971,TX-EAST,1.936
EV01131,Severe Convective Storm,0.005054,OK-CENTRAL,1.052
EV01132,Severe Convective Storm,0.001945,TX-CENTRAL,3.117
EV01133,Severe Convective Storm,0.001500,TX-WEST,1.544
EV01134,Severe Convective Storm,0.002505,TX-WEST,1.617
EV01135,Severe Convective Storm,0.001340,OK-CENTRAL,3.507
EV01136,Severe Convective Storm,0.004757,AR,1.927
EV01137,Severe Convective Storm,0.002204,TX-WEST,1.578
EV01138,Severe Convective Storm,0.004370,TX-EAST;NM,1.612
EV01139,Severe Convective Storm,0.000454,TX-EAST,1.076
EV01140,Severe Convective Storm,0.000756,OK-CENTRAL,1.147
EV01141,Severe Convective Storm,0.005646,TX-CENTRAL,1.384
EV01142,Severe Convective Storm,0.001230,TX-WEST,1.579
EV01143,Severe Convective Storm,0.004062,NM,1.661
EV01144,Severe Convective Storm,0.000641,NM,2.212
EV01145,Severe Convective Storm,0.000520,CO-FRONT;TX-WEST,3.027
EV01146,Severe Convective Storm,0.000619,OK-CENTRAL,1.109
EV01147,Severe Convective Storm,0.000357,OK-EAST,2.028
EV01148,Severe Convective Storm,0.003241,TX-NORTH,1.948
EV01149,Severe Convective Storm,0.001518,TX-EAST,2.618
EV01150,Severe Convective Storm,0.000315,TX-WEST,2.385
EV01151,Severe Convective Storm,0.000458,LA-NORTH,3.365
EV01152,Severe Convective Storm,0.000367,OK-EAST,3.601
EV01153,Severe Convective Storm,0.000910,TX-EAST,2.850
EV01154,Severe Convective Storm,0.002665,AR,2.912
EV01155,Severe Convective Storm,0.004316,TX-CENTRAL,3.042
EV01156,Severe Convective Storm,0.000459,AR,3.279
EV01157,Severe Convective Storm,0.000328,OK-CENTRAL,2.547
EV01158,Severe Convective Storm,0.012809,TX-CENTRAL,1.384
EV01159,Severe Convective Storm,0.000759,NM,2.653
EV01160,Severe Convective Storm,0.000994,NM,2.538
EV01161,Severe Convective Storm,0.000325,TX-WEST,1.410
EV01162,Severe Convective Storm,0.001458,CO-FRONT,1.243
EV01163,Severe Convective Storm,0.000795,TX-CENTRAL,2.737
EV01164,Severe Convective Storm,0.003055,TX-WEST;OK-CENTRAL,2.895
EV01165,Severe Convective Storm,0.003785,TX-EAST;NM,2.292
EV01166,Severe Convective Storm,0.005439,OK-CENTRAL,1.797
EV01167,Severe Convective Storm,0.002485,TX-WEST,1.526
EV01168,Severe Convective Storm,0.002460,TX-NORTH,1.166
EV01169,Severe Convective Storm,0.000324,NM;OK-EAST,2.365
EV01170,Severe Convective Storm,0.002462,TX-NORTH;AR,1.851
EV01171,Severe Convective Storm,0.000358,TX-EAST,1.498
EV01172,Severe Convective Storm,0.002253,AR;TX-NORTH,1.199
EV01173,Severe Convective Storm,0.001820,OK-CENTRAL,1.141
EV01174,Severe Convective Storm,0.000215,LA-NORTH,1.334
EV01175,Severe Convective Storm,0.002988,LA-NORTH,1.137
EV01176,Severe Convective Storm,0.001745,TX-NORTH,3.069
EV01177,Severe Convective Storm,0.004219,LA-NORTH,1.556
EV01178,Severe Convective Storm,0.002034,TX-NORTH,1.641
EV01179,Severe Convective Storm,0.001273,LA-NORTH,1.860
EV01180,Severe Convective Storm,0.006409,AR,1.623
EV01181,Severe Convective Storm,0.000444,TX-CENTRAL;TX-WEST,1.076
EV01182,Severe Convective Storm,0.001663,OK-EAST;LA-NORTH,2.111
EV01183,Severe Convective Storm,0.003568,LA-NORTH;NM,1.327
EV01184,Severe Convective Storm,0.000536,OK-CENTRAL,3.359
EV01185,Severe Convective Storm,0.000245,OK-EAST,3.796
EV01186,Severe Convective Storm,0.001285,OK-CENTRAL;TX-WEST,2.930
EV01187,Severe Convective Storm,0.001278,LA-NORTH,2.066
EV01188,Severe Convective Storm,0.002012,TX-WEST,2.409
EV01189,Severe Convective Storm,0.000673,TX-NORTH,1.636
EV01190,Severe Convective Storm,0.004590,CO-FRONT,1.903
EV01191,Severe Convective Storm,0.000524,AR;TX-NORTH,2.965
EV01192,Severe Convective Storm,0.000362,TX-CENTRAL,1.600
EV01193,Severe Convective Storm,0.000730,AR;CO-FRONT,2.967
EV01194,Severe Convective Storm,0.000844,OK-CENTRAL,2.466
EV01195,Severe Convective Storm,0.001456,TX-EAST;TX-CENTRAL,3.101
EV01196,Severe Convective Storm,0.000109,OK-CENTRAL,2.813
EV01197,Severe Convective Storm,0.001912,LA-NORTH,2.156
EV01198,Severe Convective Storm,0.003516,TX-NORTH,1.349
EV01199,Severe Convective Storm,0.001590,TX-EAST,3.460
EV01200,Severe Convective Storm,0.000444,TX-EAST,2.862
EV01201,Severe Convective Storm,0.000831,TX-EAST,1.765
EV01202,Severe Convective Storm,0.006129,CO-FRONT,1.124
EV01203,Severe Convective Storm,0.000580,OK-EAST,3.306
EV01204,Severe Convective Storm,0.003887,NM;OK-EAST,1.135
EV01205,Severe Convective Storm,0.000689,TX-EAST,2.557
EV01206,Severe Convective Storm,0.001810,TX-NORTH,2.663
EV01207,Severe Convective Storm,0.000852,TX-NORTH,2.833
EV01208,Severe Convective Storm,0.001683,OK-EAST,1.392
EV01209,Severe Convective Storm,0.001797,OK-CENTRAL,1.992
EV01210,Severe Convective Storm,0.000898,LA-NORTH,1.479
EV01211,Severe Convective Storm,0.005225,TX-CENTRAL;OK-EAST,1.161
EV01212,Severe Convective Storm,0.000085,AR;TX-EAST,1.653
EV01213,Severe Convective Storm,0.001903,TX-CENTRAL,2.637
EV01214,Severe Convective Storm,0.001483,CO-FRONT,2.690
EV01215,Severe Convective Storm,0.001709,TX-CENTRAL,1.119
EV01216,Severe Convective Storm,0.001720,TX-NORTH,2.074
EV01217,Severe Convective Storm,0.001885,AR,1.507
EV01218,Severe Convective Storm,0.002540,TX-WEST,2.939
EV01219,Severe Convective Storm,0.001410,CO-FRONT,1.615
EV01220,Severe Convective Storm,0.001816,OK-EAST;TX-CENTRAL,2.142
EV01221,Severe Convective Storm,0.004272,NM,1.394
EV01222,Severe Convective Storm,0.000342,NM;AR,2.628
EV01223,Severe Convective Storm,0.001501,NM,2.396
EV01224,Severe Convective Storm,0.000622,NM,2.464
EV01225,Severe Convective Storm,0.002862,TX-CENTRAL,2.976
EV01226,Severe Convective Storm,0.003807,CO-FRONT;OK-EAST,1.104
EV01227,Severe Convective Storm,0.000425,TX-NORTH;OK-CENTRAL,2.074
EV01228,Severe Convective Storm,0.005224,OK-CENTRAL,1.141
EV01229,Severe Convective Storm,0.001358,LA-NORTH,3.022
EV01230,Severe Convective Storm,0.003767,AR,1.158
EV01231,Severe Convective Storm,0.001992,CO-FRONT,1.103
EV01232,Severe Convective Storm,0.000358,TX-NORTH;LA-NORTH,2.663
EV01233,Severe Convective Storm,0.002379,TX-EAST;OK-CENTRAL,2.749
EV01234,Severe Convective Storm,0.000844,AR,1.959
EV01235,Severe Convective Storm,0.004462,CO-FRONT,1.473
EV01236,Severe Convective Storm,0.002032,CO-FRONT;TX-EAST,2.179
EV01237,Severe Convective Storm,0.003773,TX-EAST,1.452
EV01238,Severe Convective Storm,0.005260,NM,1.759
EV01239,Severe Convective Storm,0.002486,TX-CENTRAL;TX-EAST,2.028
EV01240,Severe Convective Storm,0.002699,TX-NORTH,2.242
EV01241,Severe Convective Storm,0.000335,OK-EAST,2.861
EV01242,Severe Convective Storm,0.001623,TX-WEST,1.650
EV01243,Severe Convective Storm,0.000683,TX-WEST,1.045
EV01244,Severe Convective Storm,0.001981,TX-EAST,2.178
EV01245,Severe Convective Storm,0.001442,TX-CENTRAL;LA-NORTH,1.280
EV01246,Severe Convective Storm,0.003183,CO-FRONT,1.849
EV01247,Severe Convective Storm,0.000264,TX-EAST,2.021
EV01248,Severe Convective Storm,0.001475,TX-CENTRAL,1.856
EV01249,Severe Convective Storm,0.001217,TX-CENTRAL;CO-FRONT,1.747
EV01250,Severe Convective Storm,0.002261,TX-EAST,1.033
EV01251,Severe Convective Storm,0.004568,AR,1.053
EV01252,Severe Convective Storm,0.000441,LA-NORTH,2.941
EV01253,Severe Convective Storm,0.000890,OK-CENTRAL,1.664
EV01254,Severe Convective Storm,0.001781,OK-CENTRAL,2.799
EV01255,Severe Convective Storm,0.001890,TX-WEST;TX-NORTH,2.350
EV01256,Severe Convective Storm,0.000784,TX-NORTH,3.010
EV01257,Severe Convective Storm,0.001692,AR,3.186
EV01258,Severe Convective Storm,0.000346,TX-EAST,1.577
EV01259,Severe Convective Storm,0.002496,LA-NORTH,1.966
EV01260,Severe Convective Storm,0.002181,OK-EAST,2.921
EV01261,Severe Convective Storm,0.001789,OK-CENTRAL,1.310
EV01262,Severe Convective Storm,0.003566,OK-CENTRAL,1.387
EV01263,Severe Convective Storm,0.001888,NM,1.659
EV01264,Severe Convective Storm,0.001429,TX-CENTRAL,2.910
EV01265,Severe Convective Storm,0.000102,OK-CENTRAL,1.252
EV01266,Severe Convective Storm,0.002788,OK-EAST,2.167
EV01267,Severe Convective Storm,0.001151,OK-EAST,3.209
EV01268,Severe Convective Storm,0.000645,CO-FRONT,1.412
EV01269,Severe Convective Storm,0.001862,LA-NORTH;TX-NORTH,1.367
EV01270,Severe Convective Storm,0.001285,CO-FRONT;OK-EAST,1.481
EV01271,Severe Convective Storm,0.000230,LA-NORTH,1.530
EV01272,Severe Convective Storm,0.002851,OK-CENTRAL,1.454
EV01273,Severe Convective Storm,0.007294,OK-EAST;CO-FRONT,1.031
EV01274,Severe Convective Storm,0.009262,LA-NORTH,1.086
EV01275,Severe Convective Storm,0.001262,LA-NORTH,3.299
EV01276,Severe Convective Storm,0.005008,NM,1.179
EV01277,Severe Convective Storm,0.007326,OK-EAST,1.555
EV01278,Severe Convective Storm,0.000866,OK-EAST,3.932
EV01279,Severe Convective Storm,0.000747,OK-EAST;TX-EAST,2.053
EV01280,Severe Convective Storm,0.002023,TX-EAST,2.449
EV01281,Severe Convective Storm,0.002096,AR,1.640
EV01282,Severe Convective Storm,0.000779,TX-EAST;CO-FRONT,3.062
EV01283,Severe Convective Storm,0.001199,AR,1.451
EV01284,Severe Convective Storm,0.000916,OK-EAST,1.809
EV01285,Severe Convective Storm,0.004743,TX-WEST;OK-CENTRAL,1.384
EV01286,Severe Convective Storm,0.000420,CO-FRONT;TX-WEST,3.924
EV01287,Severe Convective Storm,0.000642,NM,2.552
EV01288,Severe Convective Storm,0.004300,TX-CENTRAL;OK-CENTRAL,1.382
EV01289,Severe Convective Storm,0.008507,TX-WEST,1.057
EV01290,Severe Convective Storm,0.003136,NM;TX-NORTH,1.442
EV01291,Severe Convective Storm,0.003010,TX-CENTRAL,1.202
EV01292,Severe Convective Storm,0.003941,TX-WEST;LA-NORTH,2.144
EV01293,Severe Convective Storm,0.000218,TX-CENTRAL,2.458
EV01294,Severe Convective Storm,0.002897,TX-CENTRAL;CO-FRONT,2.901
EV01295,Severe Convective Storm,0.000393,NM;AR,1.902
EV01296,Severe Convective Storm,0.001689,LA-NORTH,1.738
EV01297,Severe Convective Storm,0.007853,OK-CENTRAL,1.393
EV01298,Severe Convective Storm,0.002277,NM,2.406
EV01299,Severe Convective Storm,0.001121,TX-CENTRAL;TX-EAST,3.757
EV01300,Severe Convective Storm,0.001116,NM,1.418
EV01301,Severe Convective Storm,0.000371,OK-CENTRAL,2.076
EV01302,Severe Convective Storm,0.000656,TX-EAST;AR,2.540
EV01303,Severe Convective Storm,0.001161,TX-WEST,1.753
EV01304,Severe Convective Storm,0.006929,TX-NORTH,1.143
EV01305,Severe Convective Storm,0.001363,LA-NORTH,2.655
EV01306,Severe Convective Storm,0.002652,TX-CENTRAL,1.183
EV01307,Severe Convective Storm,0.001925,OK-CENTRAL,3.026
EV01308,Severe Convective Storm,0.000594,TX-WEST,1.409
EV01309,Severe Convective Storm,0.000464,LA-NORTH;TX-NORTH,2.941
EV01310,Severe Convective Storm,0.007145,OK-CENTRAL,1.144
EV01311,Severe Convective Storm,0.001356,LA-NORTH,1.807
EV01312,Severe Convective Storm,0.000200,TX-WEST;AR,3.574
EV01313,Severe Convective Storm,0.005918,TX-CENTRAL,2.686
EV01314,Severe Convective Storm,0.001872,OK-CENTRAL;TX-WEST,2.111
EV01315,Severe Convective Storm,0.000468,OK-EAST;TX-CENTRAL,2.675
EV01316,Severe Convective Storm,0.001696,CO-FRONT,1.840
EV01317,Severe Convective Storm,0.001323,OK-EAST,1.395
EV01318,Severe Convective Storm,0.001466,OK-EAST;OK-CENTRAL,1.325
EV01319,Severe Convective Storm,0.002343,LA-NORTH,1.203
EV01320,Severe Convective Storm,0.000695,TX-EAST,1.913
EV01321,Severe Convective Storm,0.002522,TX-NORTH,1.137
EV01322,Severe Convective Storm,0.005122,NM,1.468
EV01323,Severe Convective Storm,0.000507,TX-WEST,3.860
EV01324,Severe Convective Storm,0.003151,TX-NORTH,2.504
EV01325,Severe Convective Storm,0.000525,TX-WEST,3.766
EV01326,Severe Convective Storm,0.004484,AR,1.536
EV01327,Severe Convective Storm,0.003729,TX-CENTRAL,1.035
EV01328,Severe Convective Storm,0.001059,LA-NORTH;TX-NORTH,1.172
EV01329,Severe Convective Storm,0.002320,LA-NORTH,1.393
EV01330,Severe Convective Storm,0.002727,LA-NORTH,1.468
EV01331,Severe Convective Storm,0.000314,NM,2.054
EV01332,Severe Convective Storm,0.003824,OK-EAST,2.535
EV01333,Severe Convective Storm,0.005679,OK-CENTRAL,1.149
EV01334,Severe Convective Storm,0.000690,AR,2.335
EV01335,Severe Convective Storm,0.001098,TX-NORTH,3.859
EV01336,Severe Convective Storm,0.000882,LA-NORTH,1.701
EV01337,Severe Convective Storm,0.001118,OK-EAST,1.611
EV01338,Severe Convective Storm,0.000220,TX-EAST,2.905
EV01339,Severe Convective Storm,0.001510,OK-CENTRAL,3.238
EV01340,Severe Convective Storm,0.000582,OK-CENTRAL,1.260
EV01341,Severe Convective Storm,0.001684,TX-CENTRAL,1.780
EV01342,Severe Convective Storm,0.003517,TX-EAST,1.313
EV01343,Severe Convective Storm,0.004302,CO-FRONT,1.352
EV01344,Severe Convective Storm,0.000093,LA-NORTH,2.964
EV01345,Severe Convective Storm,0.006489,LA-NORTH,1.703
EV01346,Severe Convective Storm,0.007213,TX-WEST;TX-EAST,1.096
EV01347,Severe Convective Storm,0.000482,TX-WEST,2.147
EV01348,Severe Convective Storm,0.001515,AR;OK-CENTRAL,2.412
EV01349,Severe Convective Storm,0.005648,NM,1.221
EV01350,Severe Convective Storm,0.002490,TX-CENTRAL;AR,1.050
EV01351,Severe Convective Storm,0.003218,TX-EAST,1.460
EV01352,Severe Convective Storm,0.000703,OK-EAST;OK-CENTRAL,2.695
EV01353,Severe Convective Storm,0.000791,OK-CENTRAL,1.725
EV01354,Severe Convective Storm,0.001486,NM,3.059
EV01355,Severe Convective Storm,0.000846,LA-NORTH,1.416
EV01356,Severe Convective Storm,0.001324,TX-CENTRAL,1.581
EV01357,Severe Convective Storm,0.001319,NM;CO-FRONT,1.676
EV01358,Severe Convective Storm,0.001094,NM;OK-CENTRAL,1.812
EV01359,Severe Convective Storm,0.001487,CO-FRONT,1.715
EV01360,Severe Convective Storm,0.006120,CO-FRONT,1.699
EV01361,Severe Convective Storm,0.001016,TX-CENTRAL,1.733
EV01362,Severe Convective Storm,0.001835,LA-NORTH,2.115
EV01363,Severe Convective Storm,0.000141,LA-NORTH,2.608
EV01364,Severe Convective Storm,0.000643,CO-FRONT,2.423
EV01365,Severe Convective Storm,0.003313,TX-NORTH,1.254
EV01366,Severe Convective Storm,0.001888,CO-FRONT,2.080
EV01367,Severe Convective Storm,0.002590,AR,2.189
EV01368,Severe Convective Storm,0.004111,TX-EAST;TX-CENTRAL,1.490
EV01369,Severe Convective Storm,0.002184,CO-FRONT,2.008
EV01370,Severe Convective Storm,0.000153,OK-CENTRAL;TX-NORTH,2.480
EV01371,Severe Convective Storm,0.000746,NM,2.122
EV01372,Severe Convective Storm,0.000468,TX-EAST,4.280
EV01373,Severe Convective Storm,0.004324,TX-EAST,1.876
EV01374,Severe Convective Storm,0.001401,OK-EAST,1.946
EV01375,Severe Convective Storm,0.000714,OK-EAST,1.960
EV01376,Severe Convective Storm,0.000676,NM;OK-EAST,2.985
EV01377,Severe Convective Storm,0.000681,CO-FRONT;TX-CENTRAL,2.458
EV01378,Severe Convective Storm,0.003264,TX-CENTRAL,1.697
EV01379,Severe Convective Storm,0.003934,TX-WEST,1.345
EV01380,Severe Convective Storm,0.000372,TX-CENTRAL;AR,1.039
EV01381,Severe Convective Storm,0.003422,TX-CENTRAL,1.814
EV01382,Severe Convective Storm,0.005573,NM,2.019
EV01383,Severe Convective Storm,0.001466,TX-EAST;LA-NORTH,3.205
EV01384,Severe Convective Storm,0.000788,OK-CENTRAL,1.358
EV01385,Severe Convective Storm,0.007052,CO-FRONT,1.140
EV01386,Severe Convective Storm,0.000451,CO-FRONT;TX-WEST,1.180
EV01387,Severe Convective Storm,0.000698,TX-WEST,1.315
EV01388,Severe Convective Storm,0.001128,OK-EAST,1.598
EV01389,Severe Convective Storm,0.002313,NM,1.035
EV01390,Severe Convective Storm,0.000815,CO-FRONT,2.053
EV01391,Severe Convective Storm,0.001661,OK-EAST;NM,2.292
EV01392,Severe Convective Storm,0.001562,AR,1.653
EV01393,Severe Convective Storm,0.000356,TX-EAST,3.747
EV01394,Severe Convective Storm,0.002295,TX-NORTH,1.982
EV01395,Severe Convective Storm,0.003497,NM,1.091
EV01396,Severe Convective Storm,0.000735,AR;TX-EAST,1.571
EV01397,Severe Convective Storm,0.000320,AR;CO-FRONT,1.299
EV01398,Severe Convective Storm,0.003695,LA-NORTH;CO-FRONT,1.515
EV01399,Severe Convective Storm,0.001637,LA-NORTH,2.353
EV01400,Severe Convective Storm,0.000576,TX-CENTRAL,1.147
EV01401,Severe Convective Storm,0.001288,TX-NORTH,2.024
EV01402,Severe Convective Storm,0.001461,AR,2.167
EV01403,Severe Convective Storm,0.001951,OK-EAST;LA-NORTH,1.856
EV01404,Severe Convective Storm,0.007372,OK-EAST,2.114
EV01405,Severe Convective Storm,0.000492,TX-CENTRAL,3.559
EV01406,Severe Convective Storm,0.000545,TX-NORTH;AR,2.267
EV01407,Severe Convective Storm,0.000126,TX-CENTRAL;TX-EAST,2.923
EV01408,Severe Convective Storm,0.006253,LA-NORTH,1.319
EV01409,Severe Convective Storm,0.000636,TX-NORTH,1.283
EV01410,Severe Convective Storm,0.002263,LA-NORTH;OK-EAST,1.425
EV01411,Severe Convective Storm,0.000207,LA-NORTH,4.341
EV01412,Severe Convective Storm,0.000663,CO-FRONT,2.239
EV01413,Severe Convective Storm,0.006803,OK-EAST,1.601
EV01414,Severe Convective Storm,0.009584,NM,1.027
EV01415,Severe Convective Storm,0.002972,TX-CENTRAL;TX-WEST,2.483
EV01416,Severe Convective Storm,0.002264,TX-CENTRAL,2.459
EV01417,Severe Convective Storm,0.000950,TX-CENTRAL,2.081
EV01418,Severe Convective Storm,0.000419,OK-CENTRAL,2.050
EV01419,Severe Convective Storm,0.003241,TX-WEST;CO-FRONT,1.609
EV01420,Severe Convective Storm,0.000609,TX-WEST,3.251
EV01421,Severe Convective Storm,0.005442,TX-NORTH,1.175
EV01422,Severe Convective Storm,0.003347,OK-CENTRAL,1.255
EV01423,Severe Convective Storm,0.002911,AR,1.169
EV01424,Severe Convective Storm,0.003220,AR,2.297
EV01425,Severe Convective Storm,0.000726,TX-NORTH,1.208
EV01426,Severe Convective Storm,0.001144,TX-NORTH,3.495
EV01427,Severe Convective Storm,0.006647,TX-WEST,1.912
EV01428,Severe Convective Storm,0.001413,NM,1.831
EV01429,Severe Convective Storm,0.002543,OK-EAST;TX-WEST,1.221
EV01430,Severe Convective Storm,0.000390,OK-CENTRAL,2.184
EV01431,Severe Convective Storm,0.003117,CO-FRONT,2.416
EV01432,Severe Convective Storm,0.001587,TX-CENTRAL,2.220
EV01433,Severe Convective Storm,0.002152,LA-NORTH,1.363
EV01434,Severe Convective Storm,0.001009,OK-EAST,1.982
EV01435,Severe Convective Storm,0.005525,TX-WEST,1.405
EV01436,Severe Convective Storm,0.001316,CO-FRONT,3.137
EV01437,Severe Convective Storm,0.001506,TX-NORTH,1.543
EV01438,Severe Convective Storm,0.001097,OK-EAST,1.764
EV01439,Severe Convective Storm,0.002173,TX-CENTRAL;AR,1.905
EV01440,Severe Convective Storm,0.000504,OK-EAST,4.098
EV01441,Severe Convective Storm,0.003722,TX-NORTH,1.547
EV01442,Severe Convective Storm,0.002118,LA-NORTH;AR,1.875
EV01443,Severe Convective Storm,0.000644,TX-NORTH,2.518
EV01444,Severe Convective Storm,0.006063,OK-CENTRAL;NM,1.592
EV01445,Severe Convective Storm,0.000707,TX-CENTRAL;CO-FRONT,3.319
EV01446,Severe Convective Storm,0.000532,OK-EAST;OK-CENTRAL,2.978
EV01447,Severe Convective Storm,0.001277,OK-CENTRAL,1.514
EV01448,Severe Convective Storm,0.001499,OK-CENTRAL,1.923
EV01449,Severe Convective Storm,0.002333,OK-CENTRAL,1.621
EV01450,Severe Convective Storm,0.002387,TX-EAST;LA-NORTH,3.457
EV01451,Severe Convective Storm,0.004870,TX-EAST;OK-EAST,1.300
EV01452,Severe Convective Storm,0.001169,OK-CENTRAL;OK-EAST,1.713
EV01453,Severe Convective Storm,0.001976,TX-CENTRAL,3.039
EV01454,Severe Convective Storm,0.000258,TX-CENTRAL,2.485
EV01455,Severe Convective Storm,0.000830,OK-EAST,2.784
EV01456,Severe Convective Storm,0.000797,NM,2.732
EV01457,Severe Convective Storm,0.000729,AR,2.263
EV01458,Severe Convective Storm,0.000417,TX-WEST,4.167
EV01459,Severe Convective Storm,0.001294,NM;CO-FRONT,2.684
EV01460,Severe Convective Storm,0.000372,TX-EAST;OK-CENTRAL,1.464
EV01461,Severe Convective Storm,0.001306,CO-FRONT;AR,2.187
EV01462,Severe Convective Storm,0.002311,TX-WEST;TX-NORTH,3.062
EV01463,Severe Convective Storm,0.000713,TX-EAST;NM,3.263
EV01464,Severe Convective Storm,0.006121,OK-EAST;LA-NORTH,1.043
EV01465,Severe Convective Storm,0.003267,AR,1.330
EV01466,Severe Convective Storm,0.000630,NM;TX-CENTRAL,4.179
EV01467,Severe Convective Storm,0.003034,OK-EAST;TX-NORTH,2.607
EV01468,Severe Convective Storm,0.002051,OK-CENTRAL,1.136
EV01469,Severe Convective Storm,0.003002,NM,3.220
EV01470,Severe Convective Storm,0.001239,TX-EAST,1.095
EV01471,Severe Convective Storm,0.004296,OK-EAST;TX-NORTH,1.437
EV01472,Severe Convective Storm,0.000531,TX-CENTRAL,2.573
EV01473,Severe Convective Storm,0.003300,TX-EAST,2.023
EV01474,Severe Convective Storm,0.000585,OK-EAST,3.845
EV01475,Severe Convective Storm,0.001504,TX-NORTH,2.955
EV01476,Severe Convective Storm,0.001264,TX-CENTRAL,1.034
EV01477,Severe Convective Storm,0.000629,TX-WEST,2.397
EV01478,Severe Convective Storm,0.001175,NM;TX-EAST,3.372
EV01479,Severe Convective Storm,0.000147,AR,3.198
EV01480,Severe Convective Storm,0.000978,CO-FRONT,2.350
EV01481,Severe Convective Storm,0.001296,CO-FRONT,1.829
EV01482,Severe Convective Storm,0.001363,TX-NORTH,1.595
EV01483,Severe Convective Storm,0.000960,TX-NORTH,2.685
EV01484,Severe Convective Storm,0.003925,TX-WEST;CO-FRONT,1.586
EV01485,Severe Convective Storm,0.004218,CO-FRONT,1.119
EV01486,Severe Convective Storm,0.001958,TX-WEST,3.303
EV01487,Severe Convective Storm,0.004642,OK-EAST,1.303
EV01488,Severe Convective Storm,0.003769,TX-NORTH,1.472
EV01489,Severe Convective Storm,0.001505,TX-EAST;OK-EAST,2.648
EV01490,Severe Convective Storm,0.001694,LA-NORTH,2.073
EV01491,Severe Convective Storm,0.001692,OK-CENTRAL,1.963
EV01492,Severe Convective Storm,0.002500,TX-CENTRAL,2.061
EV01493,Severe Convective Storm,0.001094,TX-CENTRAL,4.330
EV01494,Severe Convective Storm,0.000763,LA-NORTH;NM,2.705
EV01495,Severe Convective Storm,0.001117,LA-NORTH,1.554
EV01496,Severe Convective Storm,0.000335,OK-CENTRAL,2.864
EV01497,Severe Convective Storm,0.000581,LA-NORTH,1.643
EV01498,Severe Convective Storm,0.002783,TX-WEST;TX-EAST,1.669
EV01499,Severe Convective Storm,0.001419,TX-CENTRAL,2.486
EV01500,Severe Convective Storm,0.003362,TX-EAST,1.520
EV01501,Severe Convective Storm,0.001752,TX-WEST;CO-FRONT,1.886
EV01502,Severe Convective Storm,0.003290,NM;TX-NORTH,1.484
EV01503,Severe Convective Storm,0.003774,TX-NORTH,1.883
EV01504,Severe Convective Storm,0.001221,AR;TX-NORTH,2.553
EV01505,Severe Convective Storm,0.002811,TX-CENTRAL,1.942
EV01506,Severe Convective Storm,0.000549,TX-NORTH,4.512
EV01507,Severe Convective Storm,0.001419,AR;TX-NORTH,1.611
EV01508,Severe Convective Storm,0.002258,OK-EAST;LA-NORTH,1.575
EV01509,Severe Convective Storm,0.001726,NM;TX-EAST,1.171
EV01510,Severe Convective Storm,0.001008,TX-WEST;NM,2.560
EV01511,Severe Convective Storm,0.000609,OK-CENTRAL,1.566
EV01512,Severe Convective Storm,0.002029,OK-EAST;AR,2.502
EV01513,Severe Convective Storm,0.002409,TX-NORTH,2.388
EV01514,Severe Convective Storm,0.003686,AR;TX-WEST,2.168
EV01515,Severe Convective Storm,0.001746,TX-CENTRAL,1.714
EV01516,Severe Convective Storm,0.001564,LA-NORTH,3.658
EV01517,Severe Convective Storm,0.000500,TX-EAST;OK-CENTRAL,4.071
EV01518,Severe Convective Storm,0.007191,TX-CENTRAL;NM,1.666
EV01519,Severe Convective Storm,0.003062,AR,1.409
EV01520,Severe Convective Storm,0.001982,OK-EAST;TX-EAST,2.248
EV01521,Severe Convective Storm,0.001153,TX-WEST;TX-CENTRAL,2.873
EV01522,Severe Convective Storm,0.000244,TX-EAST,2.748
EV01523,Severe Convective Storm,0.000433,CO-FRONT,1.934
EV01524,Severe Convective Storm,0.002651,OK-CENTRAL,1.909
EV01525,Severe Convective Storm,0.000695,AR,1.023
EV01526,Severe Convective Storm,0.006900,OK-EAST,1.835
EV01527,Severe Convective Storm,0.001704,CO-FRONT,3.223
EV01528,Severe Convective Storm,0.003485,OK-EAST,1.913
EV01529,Severe Convective Storm,0.002335,AR,1.299
EV01530,Severe Convective Storm,0.001741,TX-EAST,2.122
EV01531,Severe Convective Storm,0.000274,LA-NORTH,1.060
EV01532,Severe Convective Storm,0.001105,CO-FRONT,2.036
EV01533,Severe Convective Storm,0.004459,AR,1.194
EV01534,Severe Convective Storm,0.001585,LA-NORTH;AR,2.855
EV01535,Severe Convective Storm,0.000884,LA-NORTH,2.643
EV01536,Severe Convective Storm,0.000647,TX-NORTH,1.188
EV01537,Severe Convective Storm,0.005199,TX-CENTRAL,1.587
EV01538,Severe Convective Storm,0.000864,TX-NORTH;NM,2.302
EV01539,Severe Convective Storm,0.001232,NM,1.135
EV01540,Severe Convective Storm,0.001818,TX-CENTRAL,1.939
EV01541,Severe Convective Storm,0.000812,TX-CENTRAL,3.925
EV01542,Severe Convective Storm,0.001082,AR;OK-CENTRAL,1.972
EV01543,Severe Convective Storm,0.001547,AR,2.798
EV01544,Severe Convective Storm,0.000666,TX-EAST,2.553
EV01545,Severe Convective Storm,0.004617,TX-EAST,1.065
EV01546,Severe Convective Storm,0.004044,TX-CENTRAL;CO-FRONT,1.680
EV01547,Severe Convective Storm,0.000863,TX-NORTH;TX-CENTRAL,1.123
EV01548,Severe Convective Storm,0.003860,NM;TX-EAST,1.212
EV01549,Severe Convective Storm,0.000664,OK-CENTRAL,1.838
EV01550,Severe Convective Storm,0.003124,AR,1.823
EV01551,Severe Convective Storm,0.006975,TX-NORTH,1.017
EV01552,Severe Convective Storm,0.003850,OK-EAST,1.263
EV01553,Severe Convective Storm,0.000108,OK-CENTRAL,3.955
EV01554,Severe Convective Storm,0.000496,OK-EAST;CO-FRONT,4.307
EV01555,Severe Convective Storm,0.001138,AR;TX-NORTH,2.288
EV01556,Severe Convective Storm,0.000416,TX-WEST,2.175
EV01557,Severe Convective Storm,0.003419,TX-EAST;AR,1.120
EV01558,Severe Convective Storm,0.004158,TX-NORTH,1.347
EV01559,Severe Convective Storm,0.000983,AR,1.380
EV01560,Severe Convective Storm,0.001533,TX-EAST,2.690
EV01561,Severe Convective Storm,0.000712,TX-WEST,2.192
EV01562,Severe Convective Storm,0.001240,TX-CENTRAL,3.258
EV01563,Severe Convective Storm,0.001303,OK-EAST,1.255
EV01564,Severe Convective Storm,0.000493,CO-FRONT,2.646
EV01565,Severe Convective Storm,0.005302,AR,2.074
EV01566,Severe Convective Storm,0.002483,TX-WEST,2.015
EV01567,Severe Convective Storm,0.000846,AR;OK-CENTRAL,3.993
EV01568,Severe Convective Storm,0.002824,TX-NORTH,2.412
EV01569,Severe Convective Storm,0.001810,TX-WEST;NM,2.830
EV01570,Severe Convective Storm,0.005398,AR,1.069
EV01571,Severe Convective Storm,0.002637,OK-EAST;TX-CENTRAL,2.118
EV01572,Severe Convective Storm,0.001447,TX-EAST,1.607
EV01573,Severe Convective Storm,0.000795,NM,1.839
EV01574,Severe Convective Storm,0.001323,TX-NORTH,2.419
EV01575,Severe Convective Storm,0.007346,OK-CENTRAL,1.117
EV01576,Severe Convective Storm,0.002037,NM;TX-EAST,3.689
EV01577,Severe Convective Storm,0.000977,TX-NORTH,3.845
EV01578,Severe Convective Storm,0.004715,OK-CENTRAL,1.576
EV01579,Severe Convective Storm,0.002477,TX-NORTH,3.099
EV01580,Severe Convective Storm,0.006955,OK-EAST,1.579
EV01581,Severe Convective Storm,0.002292,TX-EAST,1.843
EV01582,Severe Convective Storm,0.000921,AR,2.810
EV01583,Severe Convective Storm,0.000492,TX-NORTH,3.597
EV01584,Severe Convective Storm,0.000389,AR;TX-WEST,3.991
EV01585,Severe Convective Storm,0.002273,LA-NORTH,2.012
EV01586,Severe Convective Storm,0.000638,TX-EAST,2.640
EV01587,Severe Convective Storm,0.000306,NM,2.583
EV01588,Severe Convective Storm,0.000339,OK-CENTRAL,1.210
EV01589,Severe Convective Storm,0.001925,CO-FRONT,2.192
EV01590,Severe Convective Storm,0.005500,TX-WEST;TX-NORTH,1.046
EV01591,Severe Convective Storm,0.007699,LA-NORTH;TX-WEST,1.722
EV01592,Severe Convective Storm,0.000507,LA-NORTH;TX-NORTH,3.319
EV01593,Severe Convective Storm,0.000372,TX-CENTRAL,3.052
EV01594,Severe Convective Storm,0.001442,TX-CENTRAL;AR,1.207
EV01595,Severe Convective Storm,0.002035,TX-EAST,2.302
EV01596,Severe Convective Storm,0.000614,AR;TX-EAST,2.703
EV01597,Severe Convective Storm,0.001335,TX-CENTRAL,1.755
EV01598,Severe Convective Storm,0.000157,NM,2.689
EV01599,Severe Convective Storm,0.002433,TX-EAST,1.418
EV01600,Severe Convective Storm,0.003782,LA-NORTH,1.857
EV01601,Severe Convective Storm,0.000717,AR,3.509
EV01602,Severe Convective Storm,0.000185,AR,2.329
EV01603,Severe Convective Storm,0.000271,TX-CENTRAL,1.056
EV01604,Severe Convective Storm,0.001700,LA-NORTH,2.989
EV01605,Severe Convective Storm,0.001683,OK-CENTRAL,1.388
EV01606,Severe Convective Storm,0.000440,TX-CENTRAL,1.608
EV01607,Severe Convective Storm,0.001329,LA-NORTH,2.781
EV01608,Severe Convective Storm,0.002597,LA-NORTH,1.756
EV01609,Severe Convective Storm,0.002794,OK-EAST,1.524
EV01610,Severe Convective Storm,0.002063,CO-FRONT,1.757
EV01611,Severe Convective Storm,0.001025,AR,1.582
EV01612,Severe Convective Storm,0.000407,OK-CENTRAL,3.758
EV01613,Severe Convective Storm,0.003723,TX-WEST,1.019
EV01614,Severe Convective Storm,0.002334,TX-NORTH,2.344
EV01615,Severe Convective Storm,0.001237,TX-WEST,2.521
EV01616,Severe Convective Storm,0.003506,OK-EAST,1.088
EV01617,Severe Convective Storm,0.001678,OK-CENTRAL,1.175
EV01618,Severe Convective Storm,0.003033,OK-EAST,1.067
EV01619,Severe Convective Storm,0.000638,NM,2.887
EV01620,Severe Convective Storm,0.001386,TX-WEST,1.539
EV01621,Severe Convective Storm,0.001340,OK-CENTRAL;LA-NORTH,1.360
EV01622,Severe Convective Storm,0.002077,TX-WEST,1.525
EV01623,Severe Convective Storm,0.002274,TX-CENTRAL,1.393
EV01624,Severe Convective Storm,0.000439,NM,3.043
EV01625,Severe Convective Storm,0.003835,TX-CENTRAL,2.013
EV01626,Severe Convective Storm,0.002873,TX-WEST,1.139
EV01627,Severe Convective Storm,0.004170,OK-EAST,1.139
EV01628,Severe Convective Storm,0.000350,TX-NORTH,1.306
EV01629,Severe Convective Storm,0.002967,TX-WEST,1.628
EV01630,Severe Convective Storm,0.000389,TX-EAST;OK-EAST,3.140
EV01631,Severe Convective Storm,0.002249,LA-NORTH;TX-NORTH,1.846
EV01632,Severe Convective Storm,0.001538,TX-CENTRAL;LA-NORTH,3.088
EV01633,Severe Convective Storm,0.005321,TX-EAST,1.681
EV01634,Severe Convective Storm,0.010544,TX-NORTH,1.524
EV01635,Severe Convective Storm,0.000860,NM,3.684
EV01636,Severe Convective Storm,0.000714,OK-EAST,2.442
EV01637,Severe Convective Storm,0.000695,AR;NM,2.676
EV01638,Severe Convective Storm,0.001431,LA-NORTH,2.340
EV01639,Severe Convective Storm,0.001389,LA-NORTH,1.882
EV01640,Severe Convective Storm,0.000701,TX-NORTH,1.370
EV01641,Severe Convective Storm,0.004862,NM,1.331
EV01642,Severe Convective Storm,0.001829,TX-CENTRAL,2.680
EV01643,Severe Convective Storm,0.000229,TX-CENTRAL,2.949
EV01644,Severe Convective Storm,0.000871,AR,2.818
EV01645,Severe Convective Storm,0.001366,TX-EAST,3.277
EV01646,Severe Convective Storm,0.002164,LA-NORTH,1.249
EV01647,Severe Convective Storm,0.001475,TX-CENTRAL,2.667
EV01648,Severe Convective Storm,0.000614,TX-NORTH,3.608
EV01649,Severe Convective Storm,0.004096,CO-FRONT,1.758
EV01650,Severe Convective Storm,0.006058,CO-FRONT,1.531
EV01651,Severe Convective Storm,0.005346,AR,1.226
EV01652,Severe Convective Storm,0.001090,OK-EAST,3.707
EV01653,Severe Convective Storm,0.002537,LA-NORTH;OK-EAST,1.314
EV01654,Severe Convective Storm,0.000820,OK-CENTRAL;CO-FRONT,2.165
EV01655,Severe Convective Storm,0.000850,CO-FRONT,2.163
EV01656,Severe Convective Storm,0.003874,TX-CENTRAL,1.087
EV01657,Severe Convective Storm,0.001281,TX-NORTH,1.908
EV01658,Severe Convective Storm,0.001721,TX-NORTH,3.197
EV01659,Severe Convective Storm,0.005001,TX-NORTH;TX-WEST,1.447
EV01660,Severe Convective Storm,0.001380,TX-WEST,3.195
EV01661,Severe Convective Storm,0.005453,TX-EAST;LA-NORTH,1.722
EV01662,Severe Convective Storm,0.001153,TX-WEST,2.294
EV01663,Severe Convective Storm,0.002113,AR,1.097
EV01664,Severe Convective Storm,0.001168,CO-FRONT;LA-NORTH,2.903
EV01665,Severe Convective Storm,0.001114,CO-FRONT,2.494
EV01666,Severe Convective Storm,0.001750,NM,2.253
EV01667,Severe Convective Storm,0.000847,CO-FRONT,2.163
EV01668,Severe Convective Storm,0.000963,TX-EAST,3.063
EV01669,Severe Convective Storm,0.003036,AR,1.337
EV01670,Severe Convective Storm,0.000804,TX-CENTRAL,3.628
EV01671,Severe Convective Storm,0.002912,AR;TX-WEST,1.584
EV01672,Severe Convective Storm,0.005724,TX-CENTRAL,1.024
EV01673,Severe Convective Storm,0.002595,OK-EAST,2.329
EV01674,Severe Convective Storm,0.000203,LA-NORTH,2.377
EV01675,Severe Convective Storm,0.005452,TX-WEST,1.302
EV01676,Severe Convective Storm,0.000451,OK-EAST,2.716
EV01677,Severe Convective Storm,0.003104,TX-EAST;CO-FRONT,1.584
EV01678,Severe Convective Storm,0.000438,AR,3.009
EV01679,Severe Convective Storm,0.000645,TX-NORTH,2.419
EV01680,Severe Convective Storm,0.001545,LA-NORTH;AR,1.808
EV01681,Severe Convective Storm,0.001215,CO-FRONT,1.681
EV01682,Severe Convective Storm,0.000967,OK-EAST,3.075
EV01683,Severe Convective Storm,0.000657,TX-CENTRAL,1.955
EV01684,Severe Convective Storm,0.001990,TX-WEST,1.516
EV01685,Severe Convective Storm,0.001949,TX-CENTRAL,1.373
EV01686,Severe Convective Storm,0.001386,NM;TX-CENTRAL,1.098
EV01687,Severe Convective Storm,0.004116,AR,1.904
EV01688,Severe Convective Storm,0.001465,TX-WEST,1.327
EV01689,Severe Convective Storm,0.001214,TX-WEST;CO-FRONT,1.347
EV01690,Severe Convective Storm,0.001503,TX-EAST,1.834
EV01691,Severe Convective Storm,0.002790,TX-NORTH,2.427
EV01692,Severe Convective Storm,0.000572,TX-CENTRAL,2.398
EV01693,Severe Convective Storm,0.009305,CO-FRONT,1.568
EV01694,Severe Convective Storm,0.004042,NM;OK-CENTRAL,1.388
EV01695,Severe Convective Storm,0.003238,TX-NORTH;TX-CENTRAL,1.952
EV01696,Severe Convective Storm,0.001151,TX-NORTH,2.964
EV01697,Severe Convective Storm,0.001473,TX-CENTRAL,2.739
EV01698,Severe Convective Storm,0.002112,TX-EAST,2.083
EV01699,Severe Convective Storm,0.002678,LA-NORTH;OK-EAST,1.272
EV01700,Severe Convective Storm,0.001493,CO-FRONT,2.858
EV01701,Severe Convective Storm,0.003547,TX-NORTH,1.036
EV01702,Severe Convective Storm,0.003829,TX-NORTH,1.163
EV01703,Severe Convective Storm,0.004524,OK-CENTRAL;TX-CENTRAL,1.117
EV01704,Severe Convective Storm,0.000759,LA-NORTH;TX-NORTH,3.047
EV01705,Severe Convective Storm,0.000114,TX-WEST,1.937
EV01706,Severe Convective Storm,0.001100,TX-WEST,2.839
EV01707,Severe Convective Storm,0.001398,LA-NORTH,2.338
EV01708,Severe Convective Storm,0.001328,TX-CENTRAL,3.369
EV01709,Severe Convective Storm,0.000616,OK-EAST,2.268
EV01710,Severe Convective Storm,0.000709,TX-EAST,3.248
EV01711,Severe Convective Storm,0.001424,CO-FRONT,2.424
EV01712,Severe Convective Storm,0.000531,TX-EAST,2.585
EV01713,Severe Convective Storm,0.000133,TX-NORTH,4.359
EV01714,Severe Convective Storm,0.000914,OK-EAST,1.676
EV01715,Severe Convective Storm,0.002864,NM;OK-CENTRAL,1.698
EV01716,Severe Convective Storm,0.000182,AR;TX-EAST,3.095
EV01717,Severe Convective Storm,0.004076,TX-EAST,1.829
EV01718,Severe Convective Storm,0.001947,LA-NORTH;OK-EAST,2.080
EV01719,Severe Convective Storm,0.001019,OK-CENTRAL;TX-WEST,2.214
EV01720,Severe Convective Storm,0.000915,TX-EAST;TX-NORTH,2.190
EV01721,Severe Convective Storm,0.004446,OK-EAST,1.863
EV01722,Severe Convective Storm,0.001128,TX-NORTH,1.154
EV01723,Severe Convective Storm,0.001406,OK-CENTRAL,2.794
EV01724,Severe Convective Storm,0.000180,OK-CENTRAL,1.802
EV01725,Severe Convective Storm,0.002411,OK-EAST;NM,1.870
EV01726,Severe Convective Storm,0.000655,AR;TX-CENTRAL,1.773
EV01727,Severe Convective Storm,0.001196,TX-NORTH,1.135
EV01728,Severe Convective Storm,0.001082,TX-CENTRAL,2.795
EV01729,Severe Convective Storm,0.003190,NM;AR,2.218
EV01730,Severe Convective Storm,0.001605,NM,2.561
EV01731,Severe Convective Storm,0.001668,LA-NORTH;AR,2.678
EV01732,Severe Convective Storm,0.002603,TX-CENTRAL,1.011
EV01733,Severe Convective Storm,0.000202,NM,3.068
EV01734,Severe Convective Storm,0.002652,NM,2.229
EV01735,Severe Convective Storm,0.000539,TX-WEST,1.168
EV01736,Severe Convective Storm,0.000288,CO-FRONT,3.623
EV01737,Severe Convective Storm,0.001950,TX-EAST;LA-NORTH,2.762
EV01738,Severe Convective Storm,0.000944,TX-EAST,3.342
EV01739,Severe Convective Storm,0.000860,TX-CENTRAL,1.110
EV01740,Severe Convective Storm,0.003359,NM,2.662
EV01741,Severe Convective Storm,0.003750,AR;OK-EAST,2.052
EV01742,Severe Convective Storm,0.004188,TX-NORTH,2.331
EV01743,Severe Convective Storm,0.002473,OK-EAST,2.421
EV01744,Severe Convective Storm,0.002282,OK-CENTRAL;TX-EAST,1.254
EV01745,Severe Convective Storm,0.006640,OK-CENTRAL;NM,1.215
EV01746,Severe Convective Storm,0.002048,OK-CENTRAL;LA-NORTH,2.677
EV01747,Severe Convective Storm,0.004384,TX-EAST;AR,1.143
EV01748,Severe Convective Storm,0.002121,CO-FRONT,2.041
EV01749,Severe Convective Storm,0.001014,NM,1.560
EV01750,Severe Convective Storm,0.001891,CO-FRONT,4.185
EV01751,Severe Convective Storm,0.003609,AR,1.097
EV01752,Severe Convective Storm,0.005457,TX-CENTRAL,1.248
EV01753,Severe Convective Storm,0.003148,TX-EAST,1.756
EV01754,Severe Convective Storm,0.000760,LA-NORTH;TX-NORTH,2.532
EV01755,Severe Convective Storm,0.002304,OK-EAST,2.879
EV01756,Severe Convective Storm,0.002607,OK-EAST;TX-CENTRAL,1.489
EV01757,Severe Convective Storm,0.001387,TX-EAST,2.031
EV01758,Severe Convective Storm,0.006703,AR,1.037
EV01759,Severe Convective Storm,0.002700,TX-EAST,1.558
EV01760,Severe Convective Storm,0.009973,OK-CENTRAL,1.071
EV01761,Severe Convective Storm,0.004950,TX-WEST;TX-NORTH,2.137
EV01762,Severe Convective Storm,0.001064,AR,2.998
EV01763,Severe Convective Storm,0.000526,TX-WEST,1.331
EV01764,Severe Convective Storm,0.003192,AR,2.342
EV01765,Severe Convective Storm,0.000475,NM,3.686
EV01766,Severe Convective Storm,0.009461,TX-EAST;TX-CENTRAL,1.311
EV01767,Severe Convective Storm,0.001820,TX-EAST;TX-NORTH,2.287
EV01768,Severe Convective Storm,0.007437,AR;NM,1.415
EV01769,Severe Convective Storm,0.001891,TX-NORTH;TX-EAST,1.487
EV01770,Severe Convective Storm,0.003957,TX-CENTRAL;TX-EAST,1.312
EV01771,Severe Convective Storm,0.001092,TX-NORTH,1.319
EV01772,Severe Convective Storm,0.002754,TX-EAST,1.156
EV01773,Severe Convective Storm,0.000883,OK-EAST,1.523
EV01774,Severe Convective Storm,0.000232,LA-NORTH,1.254
EV01775,Severe Convective Storm,0.002506,LA-NORTH;TX-EAST,2.056
EV01776,Severe Convective Storm,0.000089,AR,2.523
EV01777,Severe Convective Storm,0.002084,TX-WEST;TX-EAST,1.722
EV01778,Severe Convective Storm,0.007444,LA-NORTH,1.473
EV01779,Severe Convective Storm,0.001971,TX-EAST,2.064
EV01780,Severe Convective Storm,0.005365,NM,1.394
EV01781,Severe Convective Storm,0.002103,OK-EAST,2.593
EV01782,Severe Convective Storm,0.002511,CO-FRONT,2.858
EV01783,Severe Convective Storm,0.002181,TX-NORTH,1.493
EV01784,Severe Convective Storm,0.004714,TX-NORTH,1.021
EV01785,Severe Convective Storm,0.000442,OK-EAST,4.638
EV01786,Severe Convective Storm,0.000351,OK-CENTRAL;OK-EAST,2.713
EV01787,Severe Convective Storm,0.002068,NM,1.421
EV01788,Severe Convective Storm,0.000988,TX-EAST,2.485
EV01789,Severe Convective Storm,0.002370,TX-WEST,1.341
EV01790,Severe Convective Storm,0.002202,TX-EAST;LA-NORTH,3.344
EV01791,Severe Convective Storm,0.004551,TX-CENTRAL,1.005
EV01792,Severe Convective Storm,0.001286,NM,3.153
EV01793,Severe Convective Storm,0.007755,TX-WEST,1.096
EV01794,Severe Convective Storm,0.002284,TX-NORTH,1.247
EV01795,Severe Convective Storm,0.003645,TX-EAST,1.553
EV01796,Severe Convective Storm,0.005230,OK-EAST,1.668
EV01797,Severe Convective Storm,0.002208,TX-CENTRAL,1.443
EV01798,Severe Convective Storm,0.004749,TX-CENTRAL,1.521
EV01799,Severe Convective Storm,0.000911,AR;OK-EAST,2.073
EV01800,Severe Convective Storm,0.000129,OK-CENTRAL,1.588
EV01801,Severe Convective Storm,0.004649,TX-NORTH,1.380
EV01802,Severe Convective Storm,0.001022,OK-EAST,2.029
EV01803,Severe Convective Storm,0.001310,OK-CENTRAL,1.189
EV01804,Severe Convective Storm,0.005244,OK-CENTRAL;NM,1.282
EV01805,Severe Convective Storm,0.001306,TX-NORTH;AR,1.902
EV01806,Severe Convective Storm,0.003321,OK-CENTRAL,1.248
EV01807,Severe Convective Storm,0.000285,TX-NORTH,3.861
EV01808,Severe Convective Storm,0.004182,TX-EAST,1.803
EV01809,Severe Convective Storm,0.003631,AR;TX-NORTH,1.681
EV01810,Severe Convective Storm,0.001881,TX-WEST;LA-NORTH,1.007
EV01811,Severe Convective Storm,0.001101,TX-WEST;TX-NORTH,1.122
EV01812,Severe Convective Storm,0.003665,CO-FRONT,1.721
EV01813,Severe Convective Storm,0.001814,CO-FRONT,2.344
EV01814,Severe Convective Storm,0.002612,OK-CENTRAL;TX-CENTRAL,1.349
EV01815,Severe Convective Storm,0.003379,TX-NORTH,1.410
EV01816,Severe Convective Storm,0.000589,LA-NORTH,2.995
EV01817,Severe Convective Storm,0.002309,TX-CENTRAL;TX-WEST,1.924
EV01818,Severe Convective Storm,0.000919,NM,1.858
EV01819,Severe Convective Storm,0.000905,CO-FRONT,1.049
EV01820,Severe Convective Storm,0.000373,TX-EAST,4.212
EV01821,Winter Storm,0.000244,TX-NORTH;TX-CENTRAL;TX-GULF;TX-EAST,2.549
EV01822,Winter Storm,0.000880,OK-CENTRAL;OK-EAST;AR,2.669
EV01823,Winter Storm,0.000979,OK-CENTRAL;OK-EAST;AR,2.339
EV01824,Winter Storm,0.001784,TX-NORTH;TX-CENTRAL;TX-GULF;TX-EAST,1.246
EV01825,Winter Storm,0.001742,TX-NORTH;OK-CENTRAL;NM;TX-WEST,1.414
EV01826,Winter Storm,0.000128,TX-NORTH;OK-CENTRAL;NM;TX-WEST,2.521
EV01827,Winter Storm,0.001240,TX-NORTH;TX-CENTRAL;TX-GULF;TX-EAST,2.271
EV01828,Winter Storm,0.000002,TX-NORTH;OK-CENTRAL;NM;TX-WEST,3.618
EV01829,Winter Storm,0.000187,TX-NORTH;OK-CENTRAL;NM;TX-WEST,3.364
EV01830,Winter Storm,0.000301,TX-NORTH;OK-CENTRAL;NM;TX-WEST,3.987
EV01831,Winter Storm,0.000127,OK-CENTRAL;OK-EAST;AR,2.924
EV01832,Winter Storm,0.000045,TX-NORTH;OK-CENTRAL;NM;TX-WEST,2.777
EV01833,Winter Storm,0.000522,TX-NORTH;TX-CENTRAL;TX-GULF;TX-EAST,4.059
EV01834,Winter Storm,0.000331,OK-CENTRAL;OK-EAST;AR,3.107
EV01835,Winter Storm,0.001465,OK-CENTRAL;OK-EAST;AR,2.468
EV01836,Winter Storm,0.002855,TX-NORTH;OK-CENTRAL;NM;TX-WEST,1.357
EV01837,Winter Storm,0.000465,TX-NORTH;TX-CENTRAL;TX-GULF;TX-EAST,1.342
EV01838,Winter Storm,0.001034,TX-NORTH;OK-CENTRAL;NM;TX-WEST,2.457
EV01839,Winter Storm,0.000270,OK-CENTRAL;OK-EAST;AR,1.924
EV01840,Winter Storm,0.000515,TX-NORTH;OK-CENTRAL;NM;TX-WEST,1.969
EV01841,Winter Storm,0.000754,OK-CENTRAL;OK-EAST;AR,1.392
EV01842,Winter Storm,0.001741,OK-CENTRAL;OK-EAST;AR,1.147
EV01843,Winter Storm,0.000361,TX-NORTH;OK-CENTRAL;NM;TX-WEST,3.442
EV01844,Winter Storm,0.000217,OK-CENTRAL;OK-EAST;AR,2.463
EV01845,Winter Storm,0.000819,TX-NORTH;TX-CENTRAL;TX-GULF;TX-EAST,2.202
EV01846,Winter Storm,0.004565,TX-NORTH;TX-CENTRAL;TX-GULF;TX-EAST,1.218
EV01847,Winter Storm,0.001153,OK-CENTRAL;OK-EAST;AR,2.335
EV01848,Winter Storm,0.000919,OK-CENTRAL;OK-EAST;AR,2.899
EV01849,Winter Storm,0.001371,OK-CENTRAL;OK-EAST;AR,2.015
EV01850,Winter Storm,0.000382,TX-NORTH;TX-CENTRAL;TX-GULF;TX-EAST,2.765
EV01851,Winter Storm,0.000301,OK-CENTRAL;OK-EAST;AR,2.430
EV01852,Winter Storm,0.000093,TX-NORTH;TX-CENTRAL;TX-GULF;TX-EAST,4.403
EV01853,Winter Storm,0.000318,TX-NORTH;OK-CENTRAL;NM;TX-WEST,1.793
EV01854,Winter Storm,0.000548,OK-CENTRAL;OK-EAST;AR,2.028
EV01855,Winter Storm,0.000295,TX-NORTH;TX-CENTRAL;TX-GULF;TX-EAST,4.592
EV01856,Winter Storm,0.000736,OK-CENTRAL;OK-EAST;AR,2.093
EV01857,Winter Storm,0.000523,TX-NORTH;TX-CENTRAL;TX-GULF;TX-EAST,1.412
EV01858,Winter Storm,0.001323,TX-NORTH;OK-CENTRAL;NM;TX-WEST,2.516
EV01859,Winter Storm,0.000052,TX-NORTH;TX-CENTRAL;TX-GULF;TX-EAST,4.229
EV01860,Winter Storm,0.000530,TX-NORTH;OK-CENTRAL;NM;TX-WEST,1.288
EV01861,Winter Storm,0.000392,OK-CENTRAL;OK-EAST;AR,3.795
EV01862,Winter Storm,0.000531,OK-CENTRAL;OK-EAST;AR,2.529
EV01863,Winter Storm,0.000854,TX-NORTH;OK-CENTRAL;NM;TX-WEST,1.286
EV01864,Winter Storm,0.000175,TX-NORTH;TX-CENTRAL;TX-GULF;TX-EAST,2.851
EV01865,Winter Storm,0.000681,OK-CENTRAL;OK-EAST;AR,1.524
EV01866,Winter Storm,0.000451,TX-NORTH;OK-CENTRAL;NM;TX-WEST,1.723
EV01867,Winter Storm,0.000014,TX-NORTH;TX-CENTRAL;TX-GULF;TX-EAST,3.711
EV01868,Winter Storm,0.000216,TX-NORTH;TX-CENTRAL;TX-GULF;TX-EAST,1.928
EV01869,Winter Storm,0.002897,TX-NORTH;TX-CENTRAL;TX-GULF;TX-EAST,1.842
EV01870,Winter Storm,0.000542,OK-CENTRAL;OK-EAST;AR,2.258
EV01871,Winter Storm,0.000435,TX-NORTH;TX-CENTRAL;TX-GULF;TX-EAST,3.269
EV01872,Winter Storm,0.000033,TX-NORTH;OK-CENTRAL;NM;TX-WEST,4.295
EV01873,Winter Storm,0.000410,TX-NORTH;OK-CENTRAL;NM;TX-WEST,2.602
EV01874,Winter Storm,0.001874,OK-CENTRAL;OK-EAST;AR,1.690
EV01875,Winter Storm,0.000784,TX-NORTH;OK-CENTRAL;NM;TX-WEST,2.662
EV01876,Winter Storm,0.000147,OK-CENTRAL;OK-EAST;AR,3.925
EV01877,Winter Storm,0.000133,TX-NORTH;TX-CENTRAL;TX-GULF;TX-EAST,4.527
EV01878,Winter Storm,0.000590,TX-NORTH;OK-CENTRAL;NM;TX-WEST,2.719
EV01879,Winter Storm,0.000251,OK-CENTRAL;OK-EAST;AR,3.148
EV01880,Winter Storm,0.000166,TX-NORTH;OK-CENTRAL;NM;TX-WEST,2.307
EV01881,Winter Storm,0.000764,TX-NORTH;OK-CENTRAL;NM;TX-WEST,2.186
EV01882,Winter Storm,0.000805,TX-NORTH;TX-CENTRAL;TX-GULF;TX-EAST,1.466
EV01883,Winter Storm,0.000713,TX-NORTH;TX-CENTRAL;TX-GULF;TX-EAST,2.329
EV01884,Winter Storm,0.000744,TX-NORTH;TX-CENTRAL;TX-GULF;TX-EAST,1.299
EV01885,Winter Storm,0.000200,OK-CENTRAL;OK-EAST;AR,2.050
EV01886,Winter Storm,0.001601,TX-NORTH;OK-CENTRAL;NM;TX-WEST,1.203
EV01887,Winter Storm,0.000228,TX-NORTH;TX-CENTRAL;TX-GULF;TX-EAST,4.374
EV01888,Winter Storm,0.000073,TX-NORTH;TX-CENTRAL;TX-GULF;TX-EAST,3.480
EV01889,Winter Storm,0.000676,OK-CENTRAL;OK-EAST;AR,2.341
EV01890,Winter Storm,0.001500,TX-NORTH;OK-CENTRAL;NM;TX-WEST,1.583
EV01891,Winter Storm,0.000389,TX-NORTH;TX-CENTRAL;TX-GULF;TX-EAST,2.230
EV01892,Winter Storm,0.000181,OK-CENTRAL;OK-EAST;AR,3.732
EV01893,Winter Storm,0.001719,TX-NORTH;TX-CENTRAL;TX-GULF;TX-EAST,2.036
EV01894,Winter Storm,0.000313,TX-NORTH;TX-CENTRAL;TX-GULF;TX-EAST,2.785
EV01895,Winter Storm,0.000666,OK-CENTRAL;OK-EAST;AR,3.399
EV01896,Winter Storm,0.000061,TX-NORTH;TX-CENTRAL;TX-GULF;TX-EAST,2.882
EV01897,Winter Storm,0.001370,TX-NORTH;TX-CENTRAL;TX-GULF;TX-EAST,2.526
EV01898,Winter Storm,0.000367,TX-NORTH;OK-CENTRAL;NM;TX-WEST,3.187
EV01899,Winter Storm,0.000135,TX-NORTH;TX-CENTRAL;TX-GULF;TX-EAST,2.471
EV01900,Winter Storm,0.000163,TX-NORTH;OK-CENTRAL;NM;TX-WEST,1.979
EV01901,Winter Storm,0.000681,TX-NORTH;OK-CENTRAL;NM;TX-WEST,1.303
EV01902,Winter Storm,0.000353,TX-NORTH;OK-CENTRAL;NM;TX-WEST,1.469
EV01903,Winter Storm,0.000792,TX-NORTH;TX-CENTRAL;TX-GULF;TX-EAST,2.232
EV01904,Winter Storm,0.000172,TX-NORTH;OK-CENTRAL;NM;TX-WEST,1.887
EV01905,Winter Storm,0.001300,OK-CENTRAL;OK-EAST;AR,1.854
EV01906,Winter Storm,0.000781,OK-CENTRAL;OK-EAST;AR,1.107
EV01907,Winter Storm,0.000085,OK-CENTRAL;OK-EAST;AR,3.175
EV01908,Winter Storm,0.000082,OK-CENTRAL;OK-EAST;AR,2.600
EV01909,Winter Storm,0.000089,TX-NORTH;TX-CENTRAL;TX-GULF;TX-EAST,3.389
EV01910,Winter Storm,0.001135,TX-NORTH;OK-CENTRAL;NM;TX-WEST,2.881
EV01911,Winter Storm,0.000047,TX-NORTH;TX-CENTRAL;TX-GULF;TX-EAST,3.993
EV01912,Winter Storm,0.000102,TX-NORTH;TX-CENTRAL;TX-GULF;TX-EAST,1.474
EV01913,Winter Storm,0.002047,OK-CENTRAL;OK-EAST;AR,1.837
EV01914,Winter Storm,0.000182,TX-NORTH;TX-CENTRAL;TX-GULF;TX-EAST,1.551
EV01915,Winter Storm,0.000140,TX-NORTH;OK-CENTRAL;NM;TX-WEST,3.226
EV01916,Winter Storm,0.000515,TX-NORTH;TX-CENTRAL;TX-GULF;TX-EAST,1.263
EV01917,Winter Storm,0.000778,TX-NORTH;OK-CENTRAL;NM;TX-WEST,2.892
EV01918,Winter Storm,0.000375,TX-NORTH;OK-CENTRAL;NM;TX-WEST,1.137
EV01919,Winter Storm,0.001930,TX-NORTH;OK-CENTRAL;NM;TX-WEST,1.525
EV01920,Winter Storm,0.000311,OK-CENTRAL;OK-EAST;AR,1.769
EV01921,Winter Storm,0.000519,TX-NORTH;OK-CENTRAL;NM;TX-WEST,1.152
EV01922,Winter Storm,0.000069,OK-CENTRAL;OK-EAST;AR,3.879
EV01923,Winter Storm,0.001190,TX-NORTH;OK-CENTRAL;NM;TX-WEST,1.990
EV01924,Winter Storm,0.000397,TX-NORTH;TX-CENTRAL;TX-GULF;TX-EAST,3.007
EV01925,Winter Storm,0.000602,TX-NORTH;TX-CENTRAL;TX-GULF;TX-EAST,2.101
EV01926,Winter Storm,0.000390,TX-NORTH;OK-CENTRAL;NM;TX-WEST,1.765
EV01927,Winter Storm,0.000250,TX-NORTH;OK-CENTRAL;NM;TX-WEST,1.632
EV01928,Winter Storm,0.000258,TX-NORTH;OK-CENTRAL;NM;TX-WEST,3.687
EV01929,Winter Storm,0.000076,TX-NORTH;TX-CENTRAL;TX-GULF;TX-EAST,2.993
EV01930,Winter Storm,0.002602,OK-CENTRAL;OK-EAST;AR,1.328
EV01931,Winter Storm,0.000213,OK-CENTRAL;OK-EAST;AR,1.618
EV01932,Winter Storm,0.001506,OK-CENTRAL;OK-EAST;AR,1.251
EV01933,Winter Storm,0.001125,TX-NORTH;TX-CENTRAL;TX-GULF;TX-EAST,1.206
EV01934,Winter Storm,0.000644,TX-NORTH;TX-CENTRAL;TX-GULF;TX-EAST,2.502
EV01935,Winter Storm,0.000630,TX-NORTH;TX-CENTRAL;TX-GULF;TX-EAST,2.077
EV01936,Winter Storm,0.000335,OK-CENTRAL;OK-EAST;AR,3.826
EV01937,Winter Storm,0.000807,TX-NORTH;TX-CENTRAL;TX-GULF;TX-EAST,1.683
EV01938,Winter Storm,0.001040,TX-NORTH;OK-CENTRAL;NM;TX-WEST,1.571
EV01939,Winter Storm,0.000155,TX-NORTH;TX-CENTRAL;TX-GULF;TX-EAST,1.592
EV01940,Winter Storm,0.000041,OK-CENTRAL;OK-EAST;AR,4.120
EV01941,Winter Storm,0.000129,TX-NORTH;TX-CENTRAL;TX-GULF;TX-EAST,3.649
EV01942,Winter Storm,0.000043,TX-NORTH;OK-CENTRAL;NM;TX-WEST,3.729
EV01943,Winter Storm,0.000343,TX-NORTH;OK-CENTRAL;NM;TX-WEST,2.746
EV01944,Winter Storm,0.000550,TX-NORTH;TX-CENTRAL;TX-GULF;TX-EAST,3.485
EV01945,Winter Storm,0.000337,TX-NORTH;TX-CENTRAL;TX-GULF;TX-EAST,1.672
EV01946,Winter Storm,0.000839,OK-CENTRAL;OK-EAST;AR,1.396
EV01947,Winter Storm,0.000615,TX-NORTH;TX-CENTRAL;TX-GULF;TX-EAST,1.447
EV01948,Winter Storm,0.000186,TX-NORTH;OK-CENTRAL;NM;TX-WEST,3.522
EV01949,Winter Storm,0.000302,OK-CENTRAL;OK-EAST;AR,1.873
EV01950,Winter Storm,0.000201,OK-CENTRAL;OK-EAST;AR,3.252
EV01951,Winter Storm,0.000313,TX-NORTH;OK-CENTRAL;NM;TX-WEST,1.227
EV01952,Winter Storm,0.000553,OK-CENTRAL;OK-EAST;AR,1.917
EV01953,Winter Storm,0.000263,TX-NORTH;OK-CENTRAL;NM;TX-WEST,1.606
EV01954,Winter Storm,0.001204,TX-NORTH;OK-CENTRAL;NM;TX-WEST,2.384
EV01955,Winter Storm,0.000776,TX-NORTH;OK-CENTRAL;NM;TX-WEST,2.168
EV01956,Winter Storm,0.000540,TX-NORTH;TX-CENTRAL;TX-GULF;TX-EAST,2.714
EV01957,Winter Storm,0.000490,TX-NORTH;TX-CENTRAL;TX-GULF;TX-EAST,2.219
EV01958,Winter Storm,0.000746,OK-CENTRAL;OK-EAST;AR,2.151
EV01959,Winter Storm,0.000718,TX-NORTH;TX-CENTRAL;TX-GULF;TX-EAST,1.472
EV01960,Winter Storm,0.000884,TX-NORTH;TX-CENTRAL;TX-GULF;TX-EAST,1.647
EV01961,Winter Storm,0.001482,TX-NORTH;OK-CENTRAL;NM;TX-WEST,2.311
EV01962,Winter Storm,0.001296,TX-NORTH;OK-CENTRAL;NM;TX-WEST,2.145
EV01963,Winter Storm,0.000580,OK-CENTRAL;OK-EAST;AR,2.569
EV01964,Winter Storm,0.000200,OK-CENTRAL;OK-EAST;AR,2.953
EV01965,Winter Storm,0.000260,OK-CENTRAL;OK-EAST;AR,2.994
EV01966,Winter Storm,0.000165,TX-NORTH;OK-CENTRAL;NM;TX-WEST,2.671
EV01967,Winter Storm,0.002807,TX-NORTH;OK-CENTRAL;NM;TX-WEST,1.176
EV01968,Winter Storm,0.000629,TX-NORTH;TX-CENTRAL;TX-GULF;TX-EAST,2.485
EV01969,Winter Storm,0.000584,OK-CENTRAL;OK-EAST;AR,2.971
EV01970,Winter Storm,0.000458,TX-NORTH;TX-CENTRAL;TX-GULF;TX-EAST,3.038
EV01971,Winter Storm,0.000075,OK-CENTRAL;OK-EAST;AR,2.942
EV01972,Winter Storm,0.000351,TX-NORTH;TX-CENTRAL;TX-GULF;TX-EAST,3.780
EV01973,Winter Storm,0.000067,OK-CENTRAL;OK-EAST;AR,2.072
EV01974,Winter Storm,0.000450,OK-CENTRAL;OK-EAST;AR,2.699
EV01975,Winter Storm,0.002302,TX-NORTH;TX-CENTRAL;TX-GULF;TX-EAST,1.186
EV01976,Winter Storm,0.000782,TX-NORTH;OK-CENTRAL;NM;TX-WEST,2.540
EV01977,Winter Storm,0.000120,OK-CENTRAL;OK-EAST;AR,2.747
EV01978,Winter Storm,0.000491,TX-NORTH;TX-CENTRAL;TX-GULF;TX-EAST,3.129
EV01979,Winter Storm,0.000616,TX-NORTH;OK-CENTRAL;NM;TX-WEST,1.091
EV01980,Winter Storm,0.001628,TX-NORTH;OK-CENTRAL;NM;TX-WEST,1.222
EV01981,Winter Storm,0.000299,OK-CENTRAL;OK-EAST;AR,4.269
EV01982,Winter Storm,0.000894,OK-CENTRAL;OK-EAST;AR,2.760
EV01983,Winter Storm,0.000656,TX-NORTH;OK-CENTRAL;NM;TX-WEST,2.391
EV01984,Winter Storm,0.001771,OK-CENTRAL;OK-EAST;AR,2.389
EV01985,Winter Storm,0.000917,TX-NORTH;TX-CENTRAL;TX-GULF;TX-EAST,1.294
EV01986,Winter Storm,0.000192,TX-NORTH;TX-CENTRAL;TX-GULF;TX-EAST,3.894
EV01987,Winter Storm,0.000578,OK-CENTRAL;OK-EAST;AR,1.910
EV01988,Winter Storm,0.000245,OK-CENTRAL;OK-EAST;AR,3.547
EV01989,Winter Storm,0.000038,TX-NORTH;OK-CENTRAL;NM;TX-WEST,2.654
EV01990,Winter Storm,0.001237,TX-NORTH;OK-CENTRAL;NM;TX-WEST,1.350
EV01991,Winter Storm,0.000230,TX-NORTH;TX-CENTRAL;TX-GULF;TX-EAST,3.904
EV01992,Winter Storm,0.000158,TX-NORTH;OK-CENTRAL;NM;TX-WEST,2.868
EV01993,Winter Storm,0.000568,OK-CENTRAL;OK-EAST;AR,3.096
EV01994,Winter Storm,0.000398,TX-NORTH;OK-CENTRAL;NM;TX-WEST,1.961
EV01995,Winter Storm,0.000276,TX-NORTH;TX-CENTRAL;TX-GULF;TX-EAST,3.327
EV01996,Winter Storm,0.000498,TX-NORTH;OK-CENTRAL;NM;TX-WEST,3.353
EV01997,Winter Storm,0.001658,TX-NORTH;OK-CENTRAL;NM;TX-WEST,2.112
EV01998,Winter Storm,0.000700,OK-CENTRAL;OK-EAST;AR,2.008
EV01999,Winter Storm,0.000292,TX-NORTH;TX-CENTRAL;TX-GULF;TX-EAST,3.492
EV02000,Winter Storm,0.001912,TX-NORTH;OK-CENTRAL;NM;TX-WEST,2.507
