sim_year,event_id,day_of_year,gross_loss
1,EV01422,162,43717
2,EV00983,77,118659
2,EV01135,101,3310007
2,EV01382,240,112178
2,EV00270,261,8903808
3,EV01492,169,1064577
3,EV01289,211,33152
4,EV01190,101,610627
4,EV00751,115,35226
4,EV01184,170,3532237
4,EV00216,207,235510
5,EV00358,100,526028
5,EV01068,118,166985
5,EV01090,140,297690
5,EV01111,158,101806
6,EV01248,119,296179
6,EV00672,144,71278
7,EV00837,137,7838
7,EV01094,157,300019
8,EV00599,114,5039877
8,EV01398,118,178922
8,EV01638,133,855752
8,EV00512,152,403510
8,EV01240,162,378280
9,EV01439,139,1871117
9,EV00499,141,50143
9,EV00020,219,2771973
9,EV00299,225,8057177
9,EV00225,260,1161554
10,EV01780,78,81862
10,EV01067,111,107996
10,EV00253,264,3761370
11,EV00729,135,106233
11,EV01349,138,86449
11,EV00565,163,45465
11,EV00135,247,8010117
12,EV00681,160,193009
13,EV01595,101,415405
13,EV01404,107,912103
13,EV00839,156,126585
13,EV00206,247,1973251
13,EV00150,288,18907455
14,EV00400,136,1327556
14,EV01675,138,11316
15,EV01039,96,55875
15,EV00479,141,119959
15,EV01696,146,1273611
15,EV01333,234,75439
15,EV00003,291,1920197
16,EV01448,95,369959
16,EV00384,136,859964
16,EV01378,145,728708
16,EV00265,236,20974231
16,EV00315,248,12316831
16,EV00206,279,360378
17,EV01783,138,400752
17,EV00509,160,42222
17,EV00975,172,378089
18,EV00567,140,403647
18,EV00045,268,5702330
19,EV01742,162,367427
19,EV01023,187,92297
20,EV02000,17,515970
20,EV01557,152,74765
20,EV01080,153,951372
20,EV00619,180,164205
20,EV00388,215,300010
21,EV01381,96,227948
21,EV01104,135,947668
21,EV01103,208,69931
21,EV00168,276,1706871
22,EV01682,131,850659
22,EV00683,133,177281
22,EV01565,143,1365980
22,EV01334,173,431215
22,EV00376,209,97540
23,EV00621,93,92615
23,EV01701,94,65560
23,EV01083,127,1950609
23,EV00185,252,6923278
23,EV00258,256,32586491
24,EV01069,130,2893896
24,EV00612,137,28479
24,EV00869,138,922126
24,EV01273,180,208105
24,EV01413,199,242972
24,EV00154,248,84976776
25,EV00447,85,959642
25,EV00669,166,270932
25,EV01104,192,970005
25,EV01044,198,45222
25,EV00060,270,2075956
26,EV01967,2,249533
26,EV01304,93,139344
26,EV01166,106,325417
26,EV01257,138,3550997
26,EV00603,160,263289
26,EV01830,336,8566028
26,EV01985,342,681154
27,EV01947,22,469767
27,EV00498,141,253765
27,EV00126,246,2380145
28,EV00604,150,168742
29,EV00975,88,160752
29,EV01663,112,104139
29,EV00896,123,225645
29,EV01815,130,233239
29,EV00562,132,86041
29,EV01049,132,308881
29,EV01091,134,32596
29,EV00836,152,740623
29,EV01373,194,290043
29,EV00291,263,6532150
30,EV01793,70,15235
30,EV00841,86,51429
30,EV01164,147,1216619
30,EV01155,177,926126
30,EV01340,188,112304
30,EV00811,197,1161360
31,EV01032,145,188132
31,EV01140,167,129199
31,EV01246,177,1141146
32,EV00912,145,1155898
32,EV00592,151,515408
32,EV00895,158,177902
32,EV01618,164,17059
32,EV00632,174,733382
32,EV00970,184,182642
33,EV00548,137,115256
33,EV00574,175,246861
34,EV00602,100,54147
34,EV01273,154,150791
34,EV01810,193,29459
35,EV01620,109,137144
35,EV01804,116,92508
36,EV01155,88,2843847
36,EV00333,153,3748480
36,EV00052,268,36764493
37,EV01211,95,90397
37,EV01081,109,112168
37,EV00834,175,3723468
38,EV00953,132,92656
38,EV00489,181,503932
39,EV01398,115,567132
39,EV01593,151,2551169
39,EV00975,156,404413
39,EV00751,158,43055
40,EV00716,76,1487997
40,EV00241,253,1364367
40,EV00176,255,10641661
41,EV01617,113,68974
41,EV00751,141,9315
41,EV01264,144,1077456
41,EV01555,173,2690929
42,EV00446,114,51622
42,EV01444,125,282297
42,EV00743,240,56786
42,EV00146,255,7699610
42,EV00191,261,1001674
43,EV01884,48,549136
43,EV01277,124,75651
43,EV00768,127,465045
44,EV01670,83,1200507
44,EV01090,102,78221
44,EV01111,112,68008
44,EV01680,177,580805
44,EV00651,179,352109
44,EV00848,197,11912
44,EV01591,201,222904
45,EV00438,99,146824
45,EV00732,102,1779755
45,EV01003,116,9171072
45,EV00361,137,289578
45,EV01470,141,122127
45,EV01468,179,24133
45,EV01328,180,102650
45,EV00026,270,2184299
46,EV01905,35,582393
47,EV00448,100,314969
47,EV01130,126,10376
47,EV01211,137,33437
48,EV01103,102,150739
48,EV01083,124,2268333
48,EV00883,135,84980
48,EV01029,204,111780
48,EV00089,248,200101
49,EV01919,33,558081
49,EV01779,60,221953
49,EV01813,92,741961
49,EV00339,154,427709
49,EV00773,166,746186
49,EV00810,170,772498
49,EV01049,203,419004
50,EV00476,95,274624
50,EV01294,96,3592810
50,EV01040,119,32203
50,EV01710,125,408552
50,EV00831,132,674654
50,EV00818,153,439735
50,EV01921,360,204814
51,EV01285,130,163812
51,EV01274,135,11425
51,EV00552,142,386483
51,EV00446,201,104837
52,EV01645,98,744964
52,EV00519,131,53330
52,EV01069,148,1513132
52,EV01625,166,394460
52,EV00171,232,19979728
52,EV00204,245,18019105
52,EV01875,338,4653401
53,EV00600,112,31190
53,EV01058,139,24271
53,EV01023,175,229772
54,EV00361,60,304234
54,EV01642,128,1346042
54,EV01394,131,1522096
54,EV00904,158,728664
54,EV01197,179,362107
55,EV00278,252,43097765
56,EV01104,92,800530
56,EV00884,105,671142
56,EV01205,153,495019
56,EV01751,215,373107
56,EV00193,250,2929629
56,EV00225,285,2019667
57,EV00165,285,18976301
58,EV00055,282,19200373
59,EV01625,109,292961
59,EV01202,164,55980
59,EV01695,165,730138
60,EV01398,199,232351
61,EV01978,38,2647162
61,EV01573,91,314760
61,EV01680,134,300431
62,EV00429,110,142803
62,EV01221,117,107419
62,EV00769,159,1555435
62,EV00947,171,80052
62,EV00253,303,3349919
63,EV00854,132,208895
63,EV01649,163,154907
63,EV00920,193,96345
64,EV00956,152,165606
64,EV00188,223,10836501
65,EV01809,103,1184770
65,EV00960,110,719620
65,EV01077,120,1151480
65,EV01253,132,319786
65,EV01462,132,858593
65,EV01290,185,404926
66,EV01669,88,118007
66,EV00869,106,602148
66,EV01435,126,116076
66,EV00435,143,637779
67,EV01667,109,599979
67,EV01235,128,369135
67,EV00589,155,882616
68,EV01243,70,25636
68,EV01593,117,2148697
68,EV01565,172,395155
69,EV01565,157,476109
70,EV01402,99,393068
70,EV00874,129,49496
70,EV01346,129,118817
70,EV00476,148,97088
70,EV00489,182,323674
70,EV01040,201,81647
70,EV00024,252,14832573
71,EV01546,77,721677
71,EV00944,90,1190361
71,EV01698,110,138956
72,EV00390,113,958426
72,EV00917,148,532253
72,EV00937,176,336019
72,EV01058,198,21741
72,EV00288,281,305921
73,EV01148,105,997446
73,EV01255,134,1901312
73,EV00221,254,28402101
73,EV00078,266,11774693
74,EV01080,110,981339
74,EV00546,135,33100
74,EV00326,174,202949
75,EV00842,108,37506
75,EV01547,166,59320
75,EV01226,182,82154
75,EV00830,188,20640
76,EV01817,105,186968
76,EV01158,134,149298
76,EV01591,154,199290
76,EV00112,205,3093925
77,EV01365,142,64170
77,EV00636,182,43583
78,EV01467,160,3174297
78,EV01759,181,36800
79,EV01663,127,66054
79,EV00651,158,369268
79,EV01329,161,27836
79,EV01236,234,1176740
80,EV00530,113,37858
80,EV00416,127,916071
80,EV01158,142,142162
80,EV00470,145,11166
80,EV00055,248,30290353
81,EV00479,143,43915
81,EV00691,182,267559
82,EV01766,92,331071
82,EV01448,98,424768
82,EV01082,134,53120
83,EV00216,244,810363
84,EV01083,137,2626796
84,EV01702,139,84949
84,EV01115,154,308000
84,EV01141,182,143583
84,EV00369,219,116704
85,EV01254,110,843398
85,EV01404,159,291549
85,EV01296,205,158470
85,EV00269,262,4728448
85,EV00191,281,1818470
86,EV00717,157,29535
86,EV01634,161,160953
86,EV00366,177,300070
86,EV00214,199,10356295
86,EV00096,205,337033
86,EV00191,237,1746878
88,EV00946,151,125398
88,EV00303,285,1635363
89,EV01637,122,2524686
89,EV00917,138,605821
89,EV00275,257,19371160
90,EV00941,112,19081
90,EV01360,152,834288
90,EV00093,293,958356
91,EV00778,101,235596
91,EV01373,107,157356
91,EV01180,110,99720
91,EV01093,119,308292
91,EV00509,180,81427
91,EV00079,282,3079261
92,EV01658,77,1915012
92,EV01198,141,209951
93,EV01429,113,130040
93,EV00938,129,41389
94,EV01695,121,788479
94,EV00855,149,1148953
95,EV00738,105,136297
95,EV01754,115,2746093
95,EV01206,161,2942143
95,EV00033,230,30678910
96,EV01842,21,174407
96,EV00813,111,860420
96,EV00496,115,246849
96,EV00747,138,198529
96,EV01216,140,1112481
96,EV00258,261,19495069
96,EV00123,288,4662819
97,EV01702,190,74418
97,EV01825,358,155067
98,EV00566,98,147052
98,EV00073,242,9937730
99,EV00451,60,125942
99,EV01394,60,421055
99,EV00372,77,265889
99,EV01655,106,553366
99,EV01085,127,1176267
99,EV01782,156,2680678
99,EV01741,170,266577
99,EV00782,175,2286831
100,EV01115,105,502860
100,EV01131,146,21415
100,EV00993,149,65645
100,EV00887,164,101736
100,EV01290,171,250052
101,EV00791,132,78808
101,EV01062,140,276460
101,EV01012,158,235584
101,EV01001,159,54520
102,EV00443,74,108497
102,EV00715,108,372174
102,EV01190,108,841313
102,EV01764,140,384820
102,EV00099,268,8634120
103,EV01283,123,25603
103,EV00915,157,148751
103,EV00412,188,107382
104,EV00998,103,299205
104,EV00783,117,135776
104,EV00355,129,356362
104,EV01263,148,323746
104,EV01796,173,351178
105,EV00915,107,147301
105,EV00577,138,18164
105,EV00921,148,1094873
105,EV01211,151,140859
105,EV00250,238,2274830
107,EV00767,97,65835
107,EV01591,120,257698
107,EV00298,233,10399325
108,EV00329,61,297880
108,EV01067,139,72522
108,EV00599,140,2767138
108,EV01335,197,4186487
109,EV01717,97,51569
109,EV00631,103,201479
110,EV01545,136,7802
110,EV01143,181,81727
111,EV01108,101,54229
111,EV01368,108,281027
111,EV00366,138,930971
111,EV00655,143,205600
111,EV01342,153,58356
111,EV01468,153,40760
111,EV01883,350,2838540
112,EV01040,103,86762
112,EV01043,126,442440
112,EV00712,148,289130
112,EV01741,164,310951
112,EV00846,200,795598
112,EV00017,271,2450099
113,EV01685,127,141047
113,EV01571,134,1508327
113,EV01516,156,1773582
113,EV01796,158,183405
113,EV00780,175,130176
114,EV00327,97,23476
114,EV00805,106,55354
114,EV00407,128,291444
114,EV00799,132,147257
114,EV01758,167,32489
115,EV01211,132,59997
115,EV01367,136,1774356
116,EV01869,7,811312
116,EV01548,103,54278
116,EV00744,139,293213
116,EV00489,148,326748
117,EV01373,82,398314
117,EV01090,99,64821
117,EV00651,111,624653
117,EV01079,113,238858
117,EV00368,163,34180
117,EV01442,167,559215
117,EV00383,185,144941
117,EV00264,287,1744279
118,EV00908,81,245337
118,EV00616,120,121521
118,EV00717,145,99096
118,EV01240,158,446009
118,EV00330,172,831706
118,EV00930,184,2320854
118,EV00082,274,3168973
119,EV01580,133,52904
119,EV00584,139,81817
119,EV00555,153,315804
119,EV00315,275,6346122
120,EV01141,151,61492
121,EV01822,35,892622
121,EV01990,51,290952
121,EV00712,143,108128
121,EV01053,164,870288
121,EV01626,171,17400
122,EV01551,209,23929
123,EV00655,106,177316
123,EV00388,128,363678
123,EV00426,152,249322
123,EV00253,260,2960656
124,EV01464,94,74544
124,EV01551,109,27479
124,EV01758,119,118902
124,EV01499,121,654929
124,EV01769,135,501977
124,EV00336,155,36203
125,EV00954,80,85911
125,EV00557,162,44399
125,EV00525,163,554075
125,EV01422,184,25289
126,EV00491,96,376313
126,EV01793,119,51663
126,EV01753,129,79327
126,EV00346,154,335545
127,EV01404,60,243195
127,EV01715,165,385434
127,EV01257,166,1656939
127,EV00222,261,1005875
128,EV01158,139,186291
128,EV00881,165,614613
129,EV01862,11,1062183
129,EV01369,132,465149
129,EV00946,170,122487
130,EV01223,112,521211
130,EV01812,156,936262
130,EV01580,157,43113
130,EV00107,280,70957127
131,EV00542,92,43264
131,EV00841,99,12164
131,EV01138,181,112740
132,EV02000,11,2491288
132,EV01887,13,12792352
132,EV00712,118,244108
132,EV00729,166,133063
133,EV01491,93,496047
133,EV00723,106,11158
133,EV00746,120,406585
133,EV01389,171,19120
133,EV00225,295,1718816
134,EV00847,99,60636
134,EV00526,134,1053267
134,EV00990,189,987908
134,EV00589,203,212154
135,EV00899,79,98915
135,EV00615,83,328105
135,EV00317,208,2748733
135,EV00068,262,10082283
136,EV01791,134,141116
136,EV01360,149,448243
136,EV01066,150,283052
136,EV01206,154,2673479
136,EV00648,165,40619
136,EV00920,191,105984
136,EV00253,219,9118451
137,EV01422,79,27233
137,EV01143,97,295758
137,EV00677,136,241870
137,EV00509,145,175895
137,EV01666,159,775760
137,EV00669,182,195045
137,EV00288,261,543704
138,EV00383,92,20545
138,EV00537,106,22434
138,EV01760,130,43172
139,EV00130,238,1436911
140,EV01274,116,33940
140,EV00511,136,119412
140,EV01274,162,22391
140,EV00061,282,14813311
141,EV00561,98,272449
141,EV00786,186,43033
142,EV01352,119,909541
143,EV01442,114,681444
145,EV01292,116,1683616
145,EV01218,131,1426477
145,EV00560,166,246450
145,EV01589,168,374956
146,EV00543,94,225029
146,EV00651,158,404642
146,EV01469,179,1130787
147,EV01039,164,53550
147,EV00435,183,408168
147,EV01775,193,448480
147,EV00694,217,1039002
147,EV00249,255,545311
148,EV00654,60,276353
148,EV01606,78,407396
148,EV00326,147,93131
148,EV01239,153,322054
148,EV00215,239,108180668
149,EV00438,117,118437
149,EV01656,128,22667
149,EV01216,129,1184526
149,EV01746,147,1633914
149,EV00970,159,122182
150,EV00715,172,384379
150,EV01580,195,93551
151,EV01548,101,62837
151,EV01439,149,2633183
151,EV01000,157,15932
151,EV01460,195,127347
152,EV00945,72,373110
152,EV01616,112,18281
152,EV01758,138,100727
152,EV00373,156,37381
152,EV01148,164,1723326
152,EV01805,191,1159154
152,EV01037,204,49235
152,EV00884,240,368998
152,EV00043,277,33285295
152,EV00210,290,19055770
153,EV00565,125,51124
153,EV00883,147,105098
153,EV01822,360,2494092
154,EV01034,168,1394294
154,EV01634,183,49770
154,EV00202,192,2160848
155,EV00726,128,783532
155,EV01137,129,87790
155,EV01485,146,27543
155,EV01346,167,115338
155,EV00244,252,105513650
156,EV01537,127,222769
156,EV00764,131,1404715
156,EV00535,142,133676
156,EV01288,146,121978
156,EV01063,150,313369
156,EV01760,159,22524
158,EV01321,151,217052
158,EV00491,155,111894
158,EV00137,251,6312000
159,EV00869,110,346358
159,EV01516,111,1998331
159,EV01784,115,35268
159,EV01486,125,1004294
159,EV00548,133,88548
159,EV01408,144,36870
159,EV00882,147,356832
159,EV01505,153,245581
159,EV00714,182,112169
160,EV01118,60,496734
160,EV00396,92,213522
160,EV01398,110,460212
160,EV00577,115,6028
160,EV00595,117,43832
160,EV00423,159,555750
161,EV00325,140,454548
161,EV01373,201,141303
161,EV00113,278,1785995
162,EV01947,24,970110
162,EV01133,124,89315
162,EV01608,125,35731
163,EV01510,95,478405
163,EV00651,157,427476
163,EV01170,178,1623863
163,EV01398,200,437540
163,EV00062,228,36779037
164,EV00915,118,118248
164,EV00088,261,60849987
165,EV01784,141,117580
165,EV00085,227,1552819
165,EV01967,333,439225
166,EV01216,70,1003923
167,EV00763,118,112764
167,EV00489,119,70731
167,EV01004,131,203366
167,EV00140,246,210565
167,EV00096,267,66815
168,EV00749,89,1011729
168,EV01001,152,61380
168,EV00899,181,87677
168,EV00217,252,58522660
169,EV00709,135,90163
169,EV01758,142,84478
169,EV01641,162,139899
169,EV01759,201,57008
169,EV01433,218,184813
169,EV00137,244,7888392
170,EV00913,141,6000817
170,EV01727,166,95166
170,EV00742,193,854087
172,EV01744,85,27866
172,EV00664,140,1122097
172,EV00130,214,6179650
172,EV01767,218,966158
173,EV00843,177,71946
173,EV00258,241,20760620
174,EV01682,187,1973299
175,EV01449,77,90716
175,EV00792,118,54682
175,EV01793,164,22135
176,EV01650,110,660950
176,EV01379,163,30874
177,EV01846,6,699825
177,EV01967,53,447389
177,EV00879,86,106803
177,EV00698,100,150573
177,EV00792,141,39603
177,EV00481,149,1343406
177,EV00555,173,580347
178,EV00788,159,91433
178,EV01277,173,36530
178,EV00565,174,46565
179,EV00964,157,385807
179,EV01313,188,1315425
179,EV00037,291,8133184
179,EV01826,352,2508092
180,EV00328,181,1572638
180,EV00389,198,143312
181,EV01221,92,83544
181,EV01039,171,65662
182,EV00443,95,170024
182,EV00549,125,406396
182,EV01454,143,1200999
182,EV00835,158,537687
182,EV01077,158,623884
182,EV01512,182,1352010
182,EV00303,219,749843
182,EV00255,247,12223923
183,EV01690,145,172446
183,EV01207,153,891307
183,EV00981,175,190480
184,EV01382,137,47347
184,EV00915,157,275232
184,EV01435,167,42600
184,EV01604,190,331476
185,EV00545,130,611372
185,EV00788,144,56605
185,EV00288,232,635532
185,EV00216,243,792745
186,EV01429,130,119018
187,EV01723,88,1016073
187,EV00967,93,26132
187,EV00703,151,79371
187,EV00821,165,229447
187,EV00159,271,12580809
188,EV01473,123,380300
189,EV00387,111,511095
189,EV01132,152,1311659
189,EV00717,186,29093
191,EV01779,84,194642
191,EV00952,115,1015900
192,EV01923,57,1030928
192,EV00757,117,612246
192,EV00816,157,90205
193,EV01091,74,86963
193,EV00600,141,38207
194,EV01845,5,1942751
194,EV01343,156,363421
195,EV01037,114,125829
195,EV01721,117,29461
195,EV01766,151,221629
196,EV01656,102,115403
196,EV00555,107,240638
196,EV01010,125,198987
196,EV00375,138,51733
196,EV01189,144,98743
196,EV01204,158,149690
196,EV00120,234,12632966
197,EV01722,102,22062
197,EV01012,107,370587
197,EV01103,134,230775
197,EV00841,153,33006
197,EV01494,171,530029
197,EV00884,184,458886
197,EV00696,190,628482
198,EV01789,142,28622
198,EV00882,162,677984
198,EV00140,261,429067
199,EV00519,107,54969
199,EV01680,137,427878
199,EV01120,189,205624
199,EV00031,206,2332324
200,EV00799,81,74342
200,EV00336,118,29177
200,EV01701,150,24987
200,EV01558,155,97588
200,EV00194,268,58743169
201,EV01132,95,1936708
201,EV00431,146,120719
201,EV01697,155,1508827
201,EV00209,236,49343860
201,EV00044,256,28044343
202,EV01080,159,557948
202,EV00532,164,321828
202,EV00328,168,1067982
202,EV00073,216,2811685
203,EV00385,106,34235
203,EV00394,110,249297
203,EV01103,141,159946
203,EV00509,224,92603
204,EV00881,90,331643
204,EV00759,124,141880
204,EV00539,125,932858
204,EV01787,141,203313
204,EV00150,174,40424041
205,EV01502,60,166691
205,EV00761,166,858726
205,EV00302,262,45737113
206,EV01533,99,179532
206,EV00361,186,278602
207,EV00583,63,43848
207,EV00825,105,445341
207,EV01317,164,83212
207,EV00191,204,1243681
207,EV00250,273,829207
208,EV01686,93,99410
208,EV01159,102,1602053
208,EV01079,128,257125
208,EV01621,136,288779
208,EV00867,161,134597
208,EV01634,166,95697
208,EV01818,195,568525
208,EV01136,228,1113782
209,EV00824,76,551438
209,EV01164,103,1193279
209,EV00970,106,301203
209,EV00583,177,69908
209,EV01398,203,423498
209,EV00934,208,504614
210,EV00526,145,972766
210,EV00112,275,3663829
211,EV01347,115,255112
211,EV01813,120,1051655
211,EV00754,128,697730
211,EV01794,151,121814
211,EV00275,269,6255261
212,EV00548,96,147402
212,EV00980,113,781735
212,EV00935,142,1647657
212,EV00442,154,119427
212,EV00288,286,191035
213,EV01381,156,1117561
213,EV00685,174,703175
213,EV00718,176,41452
213,EV00052,184,39137811
213,EV00871,202,734016
213,EV01059,240,21524
214,EV00429,116,307869
214,EV01276,127,85528
214,EV01166,146,180717
214,EV00664,177,1175595
214,EV00009,200,60192775
215,EV00657,100,539978
215,EV01548,169,86195
215,EV01145,212,3100430
216,EV01322,81,72672
216,EV01144,127,622106
216,EV00180,240,2403246
217,EV00838,92,424181
217,EV00928,102,76611
218,EV01277,119,64659
218,EV01076,161,81393
218,EV00613,207,100406
218,EV00259,288,7156896
219,EV00715,91,270503
219,EV00826,112,5844318
219,EV00841,122,35393
219,EV00709,126,75251
219,EV01565,143,572312
219,EV01373,177,227456
220,EV01419,178,606699
220,EV01217,221,274852
220,EV01949,363,489719
221,EV01839,32,238993
221,EV00591,99,869997
222,EV00412,110,156225
222,EV01771,141,158221
223,EV01467,118,2252541
223,EV00989,148,408347
223,EV01708,151,1455635
223,EV01408,196,12074
223,EV00076,220,4195301
223,EV00104,277,3861774
223,EV00284,278,49058380
224,EV00790,90,72993
224,EV01546,106,249808
224,EV00275,212,7895152
226,EV00952,164,1137572
227,EV01100,74,43581
227,EV00896,92,234605
227,EV01284,92,163656
227,EV01122,106,2285215
227,EV00841,107,114231
227,EV00561,140,171691
227,EV00799,178,107458
227,EV00106,250,4202792
227,EV00210,266,14087123
228,EV00945,143,847877
228,EV00566,184,173127
228,EV00245,243,13724552
228,EV00288,272,530007
229,EV00565,120,34391
230,EV01961,4,3516441
230,EV01793,61,13913
230,EV00848,127,31644
230,EV00238,259,20667161
231,EV00709,63,124573
231,EV01509,110,61830
231,EV00896,113,291816
231,EV01801,118,147817
231,EV00365,144,457441
231,EV01414,145,14177
231,EV01525,159,76769
231,EV01243,164,21782
231,EV01621,170,83213
231,EV01546,172,511801
231,EV01766,191,667235
232,EV01874,44,431424
232,EV01137,102,80923
232,EV01702,121,65805
232,EV01570,178,79961
233,EV00532,145,271242
233,EV00409,162,6039163
234,EV00937,76,543394
234,EV01427,121,398751
234,EV00803,180,76281
234,EV00104,233,5423672
234,EV00023,291,8210144
235,EV01939,4,991785
235,EV00773,120,459426
235,EV01290,155,131030
235,EV00841,236,106930
236,EV01093,76,3191520
236,EV01568,103,1797758
236,EV01651,111,241576
236,EV00953,138,58986
236,EV01329,176,47668
237,EV01840,4,1055000
237,EV00600,79,16743
237,EV01375,103,249042
237,EV00405,108,177095
237,EV00734,135,31086
237,EV00528,153,211820
238,EV01273,140,286501
239,EV01164,92,569403
240,EV01545,111,34360
240,EV01414,134,14063
240,EV00729,191,52240
240,EV00288,227,1147177
241,EV01164,104,1754808
241,EV01590,202,67921
242,EV00405,89,140583
243,EV01690,104,118827
243,EV01779,112,185798
243,EV00429,152,382707
243,EV00126,226,4562153
243,EV00288,276,944648
244,EV01408,86,58393
244,EV01166,117,241742
244,EV01797,122,212479
244,EV01744,176,76032
244,EV01665,187,856209
244,EV00275,247,4010219
245,EV01421,128,61627
245,EV01647,129,1251953
245,EV00813,139,521342
245,EV00003,204,1103286
246,EV00382,134,87606
246,EV00472,144,21102
247,EV01759,83,39953
247,EV00854,164,114751
247,EV00552,166,315565
248,EV00898,118,79154
248,EV00075,295,38871231
249,EV00941,141,52872
249,EV00350,152,78130
249,EV01189,159,280908
250,EV00472,103,18575
250,EV01527,112,3853784
250,EV00847,123,27823
250,EV00699,164,91636
250,EV01410,190,290595
250,EV00045,286,7838840
251,EV00568,129,490402
251,EV01670,152,1967493
251,EV00243,291,9459241
252,EV01104,141,1967541
252,EV00594,142,60477
252,EV00981,180,109613
253,EV01081,104,60267
253,EV00084,282,8371423
254,EV00872,86,944469
254,EV00329,109,366781
254,EV01475,142,763384
254,EV00867,144,900563
255,EV00908,110,678029
255,EV00462,126,3572393
255,EV01491,148,1030540
255,EV00989,171,225623
255,EV00076,263,4189932
256,EV00981,98,167605
256,EV01548,117,53379
256,EV01471,119,149467
256,EV01693,177,167584
257,EV01139,62,41937
257,EV00113,185,1136639
258,EV01380,128,78808
258,EV00942,173,613935
259,EV01141,97,177893
259,EV00115,242,2146692
260,EV00810,113,294304
260,EV01408,125,28300
260,EV00718,159,17117
260,EV01546,164,385888
260,EV00152,252,45613297
261,EV01421,103,54513
261,EV00537,137,22160
261,EV00799,151,36374
261,EV01084,153,434433
261,EV00890,158,30630
262,EV01073,113,404624
263,EV00103,260,60882722
264,EV01545,98,38976
264,EV01756,143,97580
265,EV01823,51,1488812
265,EV00510,127,207772
265,EV00389,205,648798
266,EV00342,90,488333
266,EV00595,127,64286
266,EV01254,156,2139783
266,EV00641,163,1975388
267,EV00512,101,122581
267,EV01273,103,108312
267,EV00502,124,841610
267,EV01717,134,94277
267,EV01568,151,1072612
268,EV01836,15,471392
268,EV01722,130,69240
268,EV00288,196,1036088
268,EV01081,200,137810
268,EV00225,258,1791012
269,EV01618,84,38058
269,EV01037,148,147340
269,EV01677,156,253753
270,EV01581,143,125087
270,EV00888,206,1195685
271,EV01791,162,47658
271,EV00885,179,796263
271,EV00497,181,2883653
271,EV01481,193,757507
272,EV00747,182,102064
272,EV00186,234,8858644
272,EV00159,235,11816509
273,EV00799,103,100898
273,EV01755,107,874202
273,EV01656,131,15393
273,EV01747,150,269375
273,EV00514,176,33263
273,EV01171,184,144397
275,EV00372,60,386371
275,EV01285,141,296493
275,EV01697,142,466288
275,EV00710,192,2211252
275,EV00115,262,1694720
276,EV00623,105,102410
276,EV01741,138,474838
276,EV00742,160,483047
276,EV00260,230,37461138
277,EV00641,127,1602814
277,EV01158,133,230272
277,EV01814,176,248845
277,EV00243,318,19477580
278,EV01793,100,16958
278,EV01657,165,506388
278,EV00137,269,2932170
278,EV00060,281,2036429
279,EV00631,60,122231
279,EV01035,90,673119
279,EV00670,138,403684
279,EV00510,183,602290
280,EV00606,91,67872
280,EV00723,120,33732
280,EV00572,191,404828
280,EV01798,194,310055
281,EV01976,24,2823937
281,EV00391,122,46507
281,EV00793,123,61340
281,EV00855,132,1409851
281,EV01428,188,25561
282,EV01658,180,3429452
283,EV00478,165,46866
283,EV00305,260,15750111
283,EV00158,277,1856906
284,EV00639,98,2752575
285,EV00595,97,166744
285,EV01419,118,498266
285,EV01330,122,32466
285,EV00330,136,393414
285,EV01580,143,107653
285,EV00740,147,2056432
286,EV00862,93,224589
286,EV00731,106,454569
286,EV00651,117,410919
286,EV01471,127,180550
286,EV01694,148,51062
286,EV00715,151,259207
286,EV01373,199,59819
286,EV00165,275,3702943
288,EV01109,100,127331
288,EV00901,157,840397
288,EV00030,257,3502357
289,EV01669,129,265852
289,EV01691,134,1147458
290,EV01766,110,975799
290,EV00435,181,253899
290,EV01087,186,27943
290,EV00183,259,16248890
291,EV00391,111,129289
291,EV01233,158,665969
292,EV01414,102,19392
292,EV00734,176,24212
292,EV00030,267,11010277
293,EV00705,147,231457
293,EV01729,157,624592
293,EV00149,305,1317004
294,EV01775,138,363706
294,EV01373,140,83646
294,EV00566,144,130347
294,EV00884,170,668344
294,EV00460,175,1249285
294,EV00037,224,3952554
295,EV00532,121,208239
295,EV01413,167,135748
295,EV01246,174,429450
296,EV00545,97,666629
296,EV01530,155,142568
296,EV01158,180,304459
297,EV00435,136,586903
297,EV01633,198,118147
297,EV00202,253,1053584
298,EV00368,181,82244
300,EV00422,95,8369108
300,EV01038,96,1162672
300,EV01335,156,3910457
300,EV01067,175,49467
301,EV01452,144,279980
302,EV00682,73,26043
302,EV01708,86,5163665
302,EV01563,147,71348
302,EV01226,159,47072
302,EV00607,168,195790
303,EV00658,106,915761
303,EV00793,109,62684
304,EV01110,155,36742
304,EV00503,156,86685
304,EV00871,191,380436
304,EV00071,217,40018983
305,EV00896,60,183822
305,EV01526,88,68870
305,EV01533,129,319466
305,EV01389,147,9031
305,EV01580,147,42522
306,EV01213,132,1501168
306,EV01332,140,781532
306,EV01078,141,723700
306,EV01177,165,91160
306,EV01808,188,392326
307,EV01077,197,940419
308,EV01100,105,46456
308,EV00370,114,658074
308,EV00392,135,1940093
308,EV00803,142,55574
308,EV01041,150,116669
309,EV01936,25,4162255
309,EV00445,146,132267
309,EV01274,158,23745
310,EV01158,78,475457
310,EV01720,151,604194
310,EV01304,164,326932
311,EV01798,99,387842
311,EV01508,120,484922
311,EV00366,136,577794
311,EV00715,142,92493
311,EV01327,144,83309
312,EV00479,104,97910
312,EV01404,149,334461
313,EV00395,81,163748
313,EV00536,106,60811
313,EV01260,113,938453
314,EV01548,178,55697
315,EV00496,134,82492
315,EV01529,160,40354
315,EV01273,172,84449
315,EV01402,190,644615
315,EV01796,195,140672
315,EV00382,216,18084
316,EV00743,95,86720
316,EV01349,121,128332
316,EV01699,126,129127
316,EV00616,145,178462
316,EV01575,194,14513
317,EV00788,79,30430
317,EV00864,163,83190
317,EV01708,170,1478330
317,EV00711,171,275294
317,EV00626,190,54641
318,EV01063,92,503064
318,EV01555,125,1388566
318,EV01373,142,103514
318,EV00954,175,30392
318,EV00161,265,7167887
319,EV00951,104,570312
319,EV01093,147,871539
319,EV00837,177,109445
319,EV00299,227,5966302
320,EV01502,137,210054
320,EV00489,146,206867
321,EV01041,118,173497
321,EV01061,119,852160
321,EV00799,123,83544
321,EV01428,133,151746
321,EV00491,149,351070
321,EV00603,187,361849
321,EV01251,187,38578
322,EV01760,80,11577
322,EV00890,120,27094
322,EV01588,121,44727
322,EV01551,130,72675
322,EV00185,250,12654317
323,EV01254,130,1789544
323,EV00972,137,5477170
323,EV01235,142,341038
323,EV01180,193,135651
323,EV00005,230,53421500
323,EV00932,230,412757
324,EV00660,131,1143283
324,EV01687,166,848099
324,EV00202,213,746187
324,EV00078,291,9919236
325,EV01313,110,1857430
325,EV01684,117,26215
325,EV00431,171,124669
325,EV01383,183,609189
326,EV00523,152,765349
326,EV01565,154,1692175
326,EV00137,233,4448721
326,EV00093,249,1885988
327,EV01888,35,7140416
327,EV01425,91,119428
327,EV00623,121,171488
327,EV01143,124,202779
327,EV01231,128,90210
327,EV01707,209,500055
328,EV01304,113,149478
328,EV00980,144,1281092
328,EV00126,277,3253487
328,EV00060,292,481594
329,EV01449,144,194989
329,EV00255,224,6200438
329,EV00035,234,5332353
330,EV00819,162,48708
330,EV00693,163,2729997
330,EV00491,174,185744
330,EV00732,177,2131451
331,EV01634,95,249049
331,EV01350,141,225031
331,EV01105,150,64941
331,EV00130,226,2577204
331,EV00249,300,1287409
332,EV00535,134,142653
332,EV00854,148,138966
332,EV00639,153,555227
332,EV00288,273,708711
333,EV01507,151,597505
333,EV00045,225,12026417
333,EV00580,240,73704
334,EV01633,148,14911
335,EV00420,68,908990
335,EV01235,108,175472
335,EV00373,112,39619
335,EV01431,113,1661437
336,EV00538,162,237721
336,EV00754,163,566503
336,EV01687,178,633691
337,EV01778,149,147150
337,EV00397,154,136254
338,EV00475,61,2533346
338,EV01791,137,44927
338,EV01360,174,476570
338,EV00657,200,195120
339,EV01067,137,112816
339,EV00797,152,139077
339,EV01558,169,102730
339,EV00791,211,681614
339,EV00233,263,7983605
340,EV01871,6,7086655
340,EV00682,82,42439
340,EV01686,105,99234
340,EV01436,126,5692408
340,EV01551,131,44115
340,EV00941,139,10637
340,EV00387,154,330516
341,EV01508,107,473120
341,EV00476,150,149299
341,EV00803,152,121841
341,EV00861,180,17307
341,EV00045,250,4373014
342,EV00386,136,393990
342,EV00788,155,109728
342,EV00013,233,8302205
343,EV01289,114,18610
343,EV01237,163,24840
343,EV01202,181,54585
344,EV01580,126,75857
344,EV01385,144,72637
344,EV00709,157,121988
344,EV00604,178,509335
345,EV01514,107,1344888
345,EV01563,120,89865
345,EV00605,130,86203
345,EV00736,141,157506
345,EV01961,339,3236427
346,EV00583,101,90469
346,EV01050,102,33157
346,EV01766,157,223441
346,EV01221,168,96040
347,EV01408,92,55411
347,EV01575,116,22900
347,EV01427,137,124506
347,EV01526,142,75557
347,EV01131,143,12689
347,EV00792,146,54718
347,EV00269,241,3046261
348,EV01579,111,2345304
348,EV01051,121,2188285
348,EV00711,162,180200
348,EV00761,211,812508
349,EV00729,134,149125
349,EV01427,170,233642
350,EV01804,128,156353
350,EV00981,161,163999
351,EV01741,129,353602
351,EV00963,133,2089150
352,EV00382,99,14696
352,EV00415,104,1815722
352,EV01518,110,392380
352,EV00949,116,670427
352,EV00938,149,20959
353,EV01239,88,836566
353,EV01781,136,337336
353,EV00149,249,1403439
354,EV00583,91,79146
354,EV01044,111,68152
354,EV01566,138,227010
355,EV01768,84,423807
355,EV01007,107,6874818
355,EV00665,108,95303
355,EV00754,169,256016
356,EV00377,101,138524
356,EV01238,120,288603
356,EV01202,144,80223
356,EV00957,152,210885
356,EV01006,154,150561
356,EV01373,189,135238
356,EV01225,202,2754752
356,EV01910,364,1147170
358,EV00419,99,122112
358,EV00348,138,269543
358,EV00975,148,340675
358,EV00875,188,2050354
358,EV00496,191,196650
359,EV01044,127,207850
359,EV00488,142,541532
359,EV00502,181,2229214
359,EV00161,215,2040112
359,EV01345,229,167436
360,EV00653,139,81548
360,EV01166,158,352155
360,EV00326,180,158219
360,EV00460,201,824911
360,EV00243,219,10682783
360,EV00299,263,5478981
361,EV01116,105,22380
361,EV01533,198,170740
362,EV01528,93,680853
362,EV01735,96,16189
362,EV01699,109,42087
362,EV01575,176,23159
364,EV01930,55,301735
364,EV01384,103,51926
364,EV00348,122,512717
364,EV01276,133,41000
365,EV01356,203,190412
365,EV00198,251,28121502
366,EV01070,60,471350
366,EV00936,157,731773
366,EV01342,161,58505
366,EV01812,185,525450
366,EV00002,247,5434646
367,EV01846,38,692625
367,EV01580,94,80645
367,EV00188,282,12799761
368,EV00146,229,7191813
369,EV01604,115,587273
369,EV01491,169,512997
370,EV01515,145,120647
370,EV01014,240,51444
371,EV00946,95,157500
371,EV00594,142,104216
371,EV01228,162,45027
371,EV01625,166,746936
371,EV01703,175,126021
372,EV00866,190,190813
373,EV00727,145,175278
373,EV00808,183,57813
374,EV00808,139,36601
374,EV01075,141,28365
374,EV01656,145,90760
374,EV00790,149,47539
374,EV00153,293,18133848
375,EV00574,76,818934
375,EV01345,117,22796
375,EV00828,122,2328110
375,EV01281,148,358643
375,EV00871,161,1034596
375,EV01464,171,76837
375,EV00782,176,933393
376,EV00717,75,24075
376,EV00503,95,193360
376,EV00368,113,13902
376,EV00603,131,278629
376,EV00338,168,5342055
376,EV00368,173,48025
377,EV00809,78,172942
377,EV01649,108,348996
377,EV00460,183,1167973
377,EV00312,218,11207074
377,EV00017,301,1057402
378,EV01049,97,609931
378,EV01589,106,910849
378,EV01565,155,343156
378,EV01530,162,164604
378,EV01413,169,311249
378,EV00046,286,11822460
379,EV00655,120,78293
379,EV00848,137,6620
379,EV01228,147,42954
379,EV00574,165,984929
379,EV00431,194,113253
380,EV01414,128,14161
380,EV01020,150,734259
380,EV01383,150,857434
380,EV01006,156,139962
381,EV01760,104,22461
381,EV00383,160,9206
382,EV00171,202,4810725
383,EV01365,62,173811
383,EV00408,99,145339
383,EV01408,125,41907
383,EV00356,136,305481
383,EV00866,146,200949
383,EV00358,159,383884
384,EV01893,24,2039087
384,EV01052,107,22336
384,EV01677,154,549580
384,EV00729,156,65936
384,EV01008,179,3501858
384,EV00303,271,2800352
385,EV01154,143,1165820
386,EV00863,119,81850
386,EV01126,140,44971
386,EV00305,272,4579148
387,EV00377,162,507719
387,EV01427,164,205784
388,EV01375,117,168655
388,EV00948,134,58012
388,EV00940,152,336766
388,EV00761,168,546231
388,EV00061,234,23390241
389,EV01599,98,46952
389,EV01410,173,219302
390,EV01229,110,976673
390,EV01771,151,144496
390,EV00703,162,125504
391,EV01433,129,201608
391,EV00923,184,56554
391,EV01215,189,114883
392,EV01267,105,1814294
392,EV01644,138,4142112
392,EV00655,143,135948
392,EV00714,169,278578
392,EV01547,192,300581
392,EV00168,220,2409353
392,EV00264,251,1325643
392,EV00161,312,3363773
393,EV01132,138,4263030
393,EV00895,151,172097
393,EV00183,257,7608372
394,EV01925,9,1893519
394,EV01404,134,434878
394,EV01377,135,1056640
394,EV01517,144,6247964
394,EV00768,154,599855
395,EV01796,104,505661
395,EV00363,141,138586
395,EV00245,294,19849855
396,EV00358,114,155332
396,EV01228,160,25860
396,EV01866,362,1655768
397,EV00955,178,5735913
398,EV00941,105,15052
398,EV01076,125,139830
398,EV01760,149,19763
398,EV00363,158,35993
398,EV00090,217,2250786
398,EV00136,258,82265528
399,EV00660,81,1589871
399,EV01519,117,217085
399,EV01027,130,360068
399,EV01283,144,110560
399,EV01651,178,133524
399,EV00917,217,470300
399,EV00275,237,5382927
399,EV00247,263,6115084
399,EV00303,271,770908
400,EV01747,108,281837
400,EV01313,168,811762
400,EV00286,268,36790521
401,EV00842,137,56503
401,EV00517,145,515483
401,EV01535,178,518822
401,EV00989,179,133711
401,EV00769,180,235761
401,EV01768,194,338488
402,EV01467,144,1685002
402,EV00281,289,7284210
403,EV01379,95,8424
403,EV01289,134,14040
403,EV01198,141,280068
404,EV01656,108,87369
404,EV00734,134,6029
404,EV00617,145,225005
404,EV00061,196,9838782
406,EV01404,101,167314
406,EV00683,131,152156
406,EV00901,144,157364
406,EV01350,193,123827
407,EV01900,4,1494394
407,EV00881,127,795190
407,EV00800,150,81907
407,EV01238,150,449725
407,EV01795,152,143497
407,EV00300,284,2062124
408,EV01424,147,1123223
408,EV00089,272,961012
409,EV01958,56,1582787
409,EV00751,127,25377
410,EV00460,68,1963082
410,EV00718,75,14500
410,EV01049,91,222299
410,EV01756,123,63319
410,EV01471,129,140051
410,EV01165,145,444063
410,EV00722,161,211742
410,EV00742,175,833547
410,EV00126,302,3993801
411,EV01798,146,227923
411,EV00792,152,82199
411,EV01030,182,142791
411,EV00361,186,58600
412,EV00594,119,67060
413,EV01524,71,198254
413,EV01365,89,92579
413,EV01279,153,498765
413,EV01797,166,91062
413,EV00203,245,1582378
414,EV01644,119,3324995
414,EV01444,122,386728
414,EV00600,128,65746
414,EV01580,139,12481
414,EV01641,173,210781
415,EV00651,114,191879
415,EV00607,192,66589
416,EV01131,89,13532
416,EV01398,146,312955
416,EV01365,180,81221
416,EV00134,284,4169394
417,EV01415,87,662506
417,EV00631,137,136424
417,EV01693,142,116178
417,EV00813,152,836662
417,EV01294,167,4848447
417,EV00621,199,69577
418,EV00946,60,348224
418,EV00537,107,48291
418,EV00430,138,221415
418,EV01277,142,154239
418,EV01766,174,193676
418,EV00082,284,2324143
419,EV01400,103,159023
419,EV00931,117,89571
419,EV00941,157,17128
419,EV00078,257,4467299
420,EV00472,145,64736
420,EV00964,145,181852
420,EV00834,160,1508498
420,EV01368,163,717236
421,EV00781,131,458043
421,EV00449,142,1372982
421,EV01214,194,1789670
422,EV00334,147,63301
422,EV00446,211,157772
424,EV01692,125,110379
424,EV00334,129,130141
424,EV00510,170,686240
424,EV00522,208,601029
425,EV00883,85,115603
425,EV01321,130,457958
425,EV01304,163,224610
425,EV01208,173,36703
425,EV00573,177,82709
426,EV01651,109,273730
427,EV00561,63,201581
427,EV00431,81,144968
427,EV00342,138,150898
427,EV01349,148,40625
427,EV00709,149,117809
427,EV00665,155,13446
427,EV01410,156,165418
428,EV00509,132,31572
428,EV00394,136,506566
428,EV00884,150,1520406
428,EV01006,152,185619
428,EV01190,159,580119
428,EV00941,167,14608
429,EV00843,122,297139
429,EV01079,124,153434
429,EV00555,136,460662
429,EV00781,140,714404
429,EV00400,168,1392721
429,EV01063,192,917217
429,EV00189,268,3821810
429,EV00303,273,2661845
430,EV01691,103,1730791
430,EV01385,142,36768
430,EV00818,143,268438
431,EV01538,84,4112757
431,EV00920,151,93279
431,EV01591,164,239117
432,EV01329,118,33185
432,EV01291,129,89755
432,EV01202,147,89416
432,EV01513,185,2936073
432,EV01049,225,354529
432,EV00051,247,11532073
432,EV00216,284,411603
433,EV01421,119,86940
433,EV00938,126,63100
433,EV01122,167,2580651
433,EV00790,214,104873
433,EV00154,266,40211468
434,EV01326,90,246688
434,EV00522,97,508243
434,EV00831,129,321205
434,EV00884,129,171130
434,EV00532,158,448593
434,EV00592,169,166960
434,EV00147,249,42030400
435,EV01940,16,5858494
435,EV01770,143,351056
435,EV01343,153,273318
435,EV01672,153,181836
436,EV00431,73,70507
436,EV00821,100,99091
436,EV01687,122,779023
436,EV01527,146,2386531
436,EV01466,170,12844034
436,EV00216,225,943666
437,EV00790,150,56688
437,EV00007,256,26424077
438,EV00512,121,288124
438,EV01779,148,404207
438,EV01285,150,293082
438,EV01806,162,14848
438,EV00039,240,971845
439,EV00764,130,716864
439,EV00703,133,121058
439,EV00592,140,390992
439,EV01297,141,48669
439,EV00414,160,162975
440,EV01698,85,161289
440,EV00358,153,183165
440,EV01571,202,699324
442,EV01934,9,4117541
442,EV01534,116,1196892
442,EV00781,123,513623
442,EV00466,146,66201
442,EV00781,158,1072558
442,EV01035,185,2046264
442,EV00098,208,26295678
442,EV00275,211,3010154
443,EV01930,73,587340
443,EV01131,153,21616
443,EV00748,159,78463
443,EV00017,235,1871943
444,EV01864,4,2587714
444,EV01033,121,662733
444,EV01770,185,336002
445,EV01538,105,1937604
445,EV01552,118,190167
445,EV00790,161,114385
445,EV00547,188,86190
445,EV01221,214,118671
446,EV01267,134,1718997
446,EV00164,251,15283194
447,EV01143,82,310511
447,EV01791,162,70345
447,EV01329,176,71363
448,EV00451,60,97440
448,EV01105,115,105082
448,EV00792,122,99885
448,EV01326,156,239265
449,EV01289,116,27357
449,EV01385,168,57450
449,EV00896,207,79221
450,EV01099,121,145166
450,EV00351,154,170755
450,EV00816,171,139758
450,EV00285,268,28891827
451,EV00843,84,195368
451,EV01012,146,451139
451,EV01273,153,191118
451,EV00790,190,69595
452,EV01600,60,198652
452,EV01595,114,74672
452,EV01395,172,40566
452,EV00930,190,1182013
453,EV00388,81,165203
453,EV00408,81,63309
453,EV00841,123,112589
453,EV00043,232,9576167
454,EV00763,83,67572
454,EV00367,117,2439081
454,EV00231,260,6175622
455,EV01849,7,1231165
455,EV00542,129,127480
455,EV01721,132,220726
455,EV01373,138,140926
455,EV00981,188,65682
455,EV01155,192,1802807
456,EV01698,100,174821
456,EV01766,128,501812
456,EV00717,155,40378
456,EV01131,176,11806
456,EV00500,178,176583
456,EV01503,211,838456
457,EV00754,89,227354
457,EV01180,138,99822
457,EV01503,141,434730
457,EV00536,207,62978
457,EV01544,210,540794
458,EV01668,130,627482
458,EV01311,167,405435
458,EV00597,177,33440
458,EV01721,197,235506
458,EV00076,259,1275816
459,EV01722,140,96640
459,EV00044,256,9563898
460,EV00747,93,82320
460,EV01618,126,14550
460,EV01006,152,220876
460,EV01700,152,3400163
460,EV01511,183,342785
461,EV01300,64,24830
461,EV01571,235,993165
462,EV00465,152,437714
462,EV01615,156,70846
462,EV00183,252,7345873
463,EV00446,76,285785
463,EV00734,148,20223
463,EV00303,274,1584025
464,EV01959,79,644763
464,EV01167,168,362626
465,EV01299,169,6947979
465,EV01342,182,3763
466,EV01290,108,77773
466,EV00725,142,1782725
466,EV01663,148,185687
466,EV00435,201,935288
466,EV00558,209,1241098
467,EV01459,151,1630247
467,EV01404,165,444358
468,EV00810,72,695994
468,EV01166,161,187215
468,EV01076,205,80932
468,EV00275,302,11376313
469,EV01068,90,517211
469,EV00928,99,15068
469,EV00973,168,110543
470,EV01261,99,33326
470,EV01646,144,63654
470,EV01711,156,1045656
470,EV00159,241,4821791
470,EV00113,265,1466796
471,EV01039,119,44808
471,EV00443,141,138388
472,EV00448,135,364182
472,EV00968,135,45418
472,EV00996,164,1743338
472,EV00559,192,33519
472,EV01649,209,210249
472,EV00250,291,690793
473,EV01847,45,2036249
473,EV01403,124,430048
473,EV01256,155,3274871
473,EV00767,179,8086
473,EV00826,185,6107596
473,EV01473,185,149298
474,EV00353,144,539842
474,EV01755,151,292332
475,EV00943,86,1174971
475,EV00611,167,171456
475,EV00001,203,2018066
475,EV00109,239,28743400
476,EV01442,140,409161
477,EV00657,118,231276
477,EV00571,182,927718
477,EV01048,209,862766
478,EV01791,99,64956
478,EV01119,111,698419
478,EV01135,120,3723187
478,EV01225,157,4003974
478,EV01795,157,159972
478,EV00059,221,7882182
479,EV01126,125,69435
480,EV01582,91,603161
480,EV01519,129,340198
480,EV01029,140,45311
480,EV01304,157,334785
480,EV00358,162,116668
480,EV01518,224,132163
481,EV00462,100,3107626
481,EV00641,167,2703401
481,EV00500,212,194656
482,EV00997,117,39945
482,EV00558,148,525875
482,EV00532,160,567939
482,EV01638,162,399236
482,EV00644,166,15889839
482,EV00198,262,28019721
483,EV01577,126,6470539
484,EV00819,115,102735
484,EV01158,123,84804
484,EV00712,139,397277
484,EV00915,153,71442
484,EV01808,177,218610
485,EV01484,153,453437
485,EV00502,189,714709
485,EV00010,276,8132430
486,EV01373,60,296656
486,EV00941,121,29280
486,EV01444,133,303944
486,EV01609,144,55295
486,EV00305,225,24623305
487,EV01274,103,35719
487,EV00886,144,1064562
487,EV00790,153,63028
487,EV00682,171,38446
487,EV00548,174,60208
487,EV01124,178,654239
488,EV01756,107,145654
488,EV01548,125,60018
488,EV00889,132,545267
488,EV01745,151,217994
488,EV00871,169,563195
488,EV00149,273,3129864
489,EV01006,121,154577
490,EV00717,85,24438
490,EV00355,116,621304
490,EV01666,116,305771
490,EV01510,174,1022142
490,EV01795,216,205273
490,EV00078,261,14269278
491,EV01741,60,760051
491,EV00630,96,1450002
491,EV01775,119,436435
491,EV00121,194,4749507
491,EV00312,293,6723539
492,EV00660,78,3198714
492,EV01732,122,89067
492,EV00773,131,259124
492,EV00973,141,235911
493,EV01661,119,673293
493,EV00854,138,197908
493,EV01404,152,505703
493,EV01409,158,42612
494,EV00459,95,52559
494,EV00807,127,209309
494,EV01756,166,76316
494,EV01795,186,71796
495,EV00734,92,34382
495,EV01187,109,274269
495,EV01264,110,951160
495,EV00805,134,143482
495,EV00993,162,87054
496,EV01078,93,341318
496,EV00401,100,1574163
496,EV01520,109,1236683
496,EV01808,139,520127
496,EV01378,183,431853
497,EV00712,105,92919
497,EV01044,115,108397
498,EV01108,183,114640
498,EV00873,191,450608
499,EV00412,112,609298
499,EV00260,194,30442446
499,EV00064,272,37680859
500,EV01976,60,2728630
500,EV00435,121,559979
500,EV01439,134,2658729
500,EV01456,154,790836
501,EV00975,60,709985
501,EV00993,149,41861
501,EV01744,164,38640
502,EV00580,137,60456
502,EV01464,142,20982
502,EV01315,150,2740498
503,EV01376,83,4629544
503,EV00502,120,273468
503,EV00339,169,92498
503,EV01916,357,683454
504,EV00470,60,13044
504,EV00729,117,65992
505,EV00733,108,811116
505,EV00400,126,908158
505,EV01742,140,229525
505,EV00814,156,368610
505,EV00212,306,12188156
506,EV01524,126,193067
506,EV01783,162,255036
506,EV01802,168,196005
507,EV00662,94,86565
507,EV01518,164,303808
507,EV01467,201,546039
508,EV01663,74,72703
508,EV00839,113,110974
508,EV01238,121,298278
508,EV01307,135,1758601
509,EV01349,111,105714
509,EV01778,154,131657
509,EV00124,210,14035190
511,EV00773,131,337031
512,EV00466,138,142800
512,EV00857,145,1074242
512,EV01799,154,1578138
513,EV01285,101,374644
513,EV01312,157,2541435
513,EV00939,181,1404152
514,EV00339,81,359137
514,EV01177,136,112637
514,EV00843,167,105686
515,EV01815,85,230370
515,EV01437,120,142971
515,EV01503,137,1042314
515,EV01249,147,706588
515,EV01136,171,277569
516,EV00960,111,539943
516,EV01721,118,153580
516,EV00402,136,1028019
516,EV01801,144,166774
517,EV00502,107,716056
517,EV01809,138,715111
517,EV01810,174,28268
517,EV01273,176,112813
518,EV01725,122,460097
518,EV01702,170,50646
518,EV00086,250,18461415
519,EV01627,106,83642
519,EV01288,123,105840
519,EV01137,153,98448
519,EV00071,267,10929403
520,EV00992,83,170310
520,EV00890,165,78583
520,EV01090,208,123073
521,EV00537,87,26959
522,EV01221,127,21996
522,EV00727,146,226698
522,EV01134,152,143670
522,EV01450,178,883439
523,EV00790,153,47058
523,EV01636,153,421281
523,EV00703,157,80117
523,EV00841,168,15053
523,EV00767,169,66339
523,EV01166,175,156603
524,EV00500,127,1008691
524,EV01711,150,1176292
524,EV00548,174,41631
525,EV00432,136,620543
525,EV01745,136,43822
525,EV01519,145,122387
525,EV00805,198,174298
526,EV01620,156,41024
526,EV01687,169,824921
527,EV01672,103,84450
527,EV01575,120,36238
527,EV00536,177,79639
527,EV01220,192,433883
528,EV00749,127,277574
528,EV01590,137,87941
528,EV00001,277,708390
529,EV01641,125,185883
529,EV01365,126,208961
529,EV01440,132,6469547
529,EV01693,162,106053
529,EV00711,175,626125
529,EV00920,180,153092
529,EV00264,211,1417345
530,EV01310,76,35565
530,EV00375,106,185055
530,EV01318,122,388617
530,EV01414,160,24477
530,EV01276,163,84565
531,EV00498,116,488112
531,EV01010,144,765413
532,EV01623,157,56988
532,EV01079,176,58513
533,EV01432,89,455657
533,EV00687,97,197876
533,EV01052,102,51872
533,EV00772,153,82837
534,EV01297,120,46198
534,EV01394,151,3399590
534,EV00035,292,18180635
535,EV01961,20,860585
535,EV00960,61,588514
536,EV01111,136,49321
536,EV01488,157,120004
537,EV00812,107,1266651
537,EV01582,140,2824609
538,EV00769,80,883141
538,EV01812,117,683639
538,EV00802,228,882391
538,EV00206,257,1125249
539,EV01072,95,303030
539,EV01415,102,796043
539,EV01309,111,4333313
539,EV00402,167,820683
540,EV01846,2,833193
540,EV00804,136,2592186
540,EV01304,144,97662
540,EV00433,153,1517318
540,EV01062,193,154903
540,EV00052,254,24546938
541,EV01374,84,305871
542,EV00535,105,29068
542,EV00330,110,475510
542,EV00734,139,19730
542,EV01239,151,480684
542,EV00246,274,11655741
543,EV01120,127,164121
543,EV00625,143,1574728
543,EV00737,172,148458
543,EV00202,266,2152986
544,EV00748,118,38888
544,EV00143,187,68050439
544,EV00264,284,1500906
545,EV00382,85,44275
545,EV01373,114,292892
545,EV00918,141,903972
545,EV01526,155,85238
545,EV00841,178,203997
545,EV00082,277,931737
546,EV01824,35,571790
546,EV00386,131,275999
546,EV00628,143,139416
546,EV01796,163,203185
546,EV00019,211,10059500
546,EV00717,216,52970
547,EV01764,104,503857
547,EV01198,111,172583
547,EV01384,120,108396
547,EV01441,125,784768
547,EV01390,193,668563
548,EV00512,99,596774
548,EV00358,100,144273
548,EV00884,144,286478
548,EV01138,149,129502
549,EV00497,129,2293513
549,EV00709,133,74322
549,EV01081,170,134762
549,EV01512,182,1881220
549,EV01408,214,34296
550,EV00548,117,63983
550,EV01623,174,64831
551,EV00416,75,1703083
551,EV01180,140,265066
552,EV00651,152,91330
553,EV01346,121,36707
553,EV00522,128,560279
553,EV01671,130,145534
553,EV01026,193,554204
554,EV00363,71,105260
554,EV01221,127,49580
554,EV01169,149,823483
554,EV00805,196,145777
555,EV01339,101,1025966
555,EV00341,209,1098449
555,EV00202,233,2863668
555,EV00222,276,2450431
556,EV00910,112,1050215
556,EV01236,123,1016268
556,EV00652,158,3640103
556,EV00887,160,117408
556,EV01162,202,69108
557,EV01793,106,14041
557,EV00966,121,3039487
557,EV01136,146,325854
557,EV00787,149,112815
557,EV01029,174,56984
557,EV01673,188,548590
557,EV00297,262,3231843
558,EV00953,112,64295
558,EV01062,140,132274
558,EV01213,180,320290
559,EV01017,116,333659
559,EV01653,131,112504
559,EV00808,173,27274
559,EV00288,246,436862
559,EV00123,267,16815421
560,EV01296,164,89535
560,EV00114,245,71421527
561,EV01061,123,428217
561,EV00858,132,722141
561,EV00794,171,487798
562,EV01419,120,1027357
562,EV00443,121,96659
562,EV00574,143,284061
563,EV00459,154,65088
563,EV00664,174,1271652
563,EV01063,190,420105
564,EV01297,125,80725
564,EV01050,129,40747
564,EV01230,164,91946
564,EV00657,167,120485
564,EV00382,191,18330
565,EV01130,101,183841
565,EV01115,160,495028
565,EV00078,249,12061989
566,EV01483,128,280757
566,EV01238,194,654494
566,EV00409,235,9406069
567,EV01068,81,345594
567,EV00344,98,1029044
567,EV01666,148,164736
567,EV00602,163,47446
567,EV00615,164,382418
567,EV01562,167,2370161
567,EV01346,207,32295
568,EV01784,107,53660
568,EV01632,150,3042500
568,EV00789,157,271224
568,EV00250,255,645257
569,EV00559,76,14532
569,EV01154,110,1817089
569,EV00472,144,33476
569,EV00760,176,48312
570,EV01441,72,763545
570,EV00385,88,66297
570,EV00539,100,698452
570,EV01591,103,205784
570,EV00985,113,78582
570,EV00983,146,315852
570,EV00841,161,68934
570,EV00677,179,566971
571,EV01770,154,326184
571,EV00592,156,267874
572,EV00650,156,1328631
573,EV01687,165,662978
573,EV01809,202,1054166
574,EV01918,48,1207496
574,EV01324,95,3297262
574,EV00399,110,150243
574,EV01551,146,59343
574,EV01719,184,1376230
574,EV01795,187,58106
575,EV01006,70,129641
575,EV00326,191,315216
575,EV00884,199,355747
575,EV00130,280,3930775
576,EV00491,126,167161
576,EV01038,139,9206505
576,EV01711,148,754592
576,EV00557,200,92653
577,EV00963,75,1277642
577,EV01906,75,435443
577,EV00651,84,305461
577,EV01540,117,443597
577,EV01694,171,140984
577,EV01796,181,173205
578,EV00953,82,92096
578,EV00618,104,1031613
578,EV01385,204,17765
578,EV00285,299,9494541
579,EV00791,106,516270
579,EV01187,115,448766
579,EV01806,138,27067
579,EV00225,272,2124526
580,EV01143,70,195667
580,EV01546,147,429612
580,EV01703,147,23364
580,EV01778,168,47438
580,EV01395,193,13440
580,EV00253,237,4934263
580,EV00225,243,1120142
581,EV00636,110,256311
581,EV01360,131,757711
581,EV01405,131,1172159
581,EV00039,262,1193508
582,EV01460,93,192920
582,EV01080,103,941423
582,EV00843,165,177526
582,EV00096,220,173863
583,EV00586,84,77796
583,EV01722,149,23450
584,EV00637,130,657077
584,EV01651,151,407608
584,EV00887,164,261439
584,EV00623,205,202530
585,EV00588,131,2038114
585,EV01646,193,24288
586,EV01052,114,26566
586,EV00365,120,245268
586,EV01796,147,186023
586,EV00793,167,47452
586,EV01235,171,148910
586,EV00988,191,49301
586,EV00057,269,16975289
587,EV00951,91,501366
587,EV00363,113,90568
587,EV00857,129,438381
587,EV00594,156,24963
587,EV00463,158,119537
587,EV01170,163,1415702
587,EV00054,250,14575258
588,EV01091,103,18714
588,EV01672,105,172733
588,EV01703,192,67816
588,EV01427,196,94953
588,EV00031,274,1586777
589,EV01518,109,382234
589,EV00992,155,366079
590,EV01618,133,11692
590,EV01764,206,687895
590,EV00060,284,4009783
591,EV01091,111,29067
591,EV01680,118,587690
591,EV00334,143,149886
591,EV00154,198,13064853
592,EV01870,45,1368281
592,EV01063,120,791906
592,EV01812,124,334965
592,EV00847,125,34854
592,EV01299,141,5578642
592,EV01052,174,58740
593,EV00394,89,314480
593,EV00532,105,615668
593,EV00715,161,372976
593,EV00426,192,628486
593,EV01105,197,232955
593,EV00225,248,2146949
593,EV00250,292,994638
594,EV01815,122,70295
594,EV01087,124,41048
594,EV00683,152,124651
594,EV01182,171,1157547
594,EV01558,188,376428
594,EV00225,226,1775921
595,EV00742,154,680817
595,EV00147,227,57750388
595,EV00115,278,2157205
596,EV00887,60,57167
596,EV00631,138,144616
597,EV00346,127,88857
597,EV01126,134,64786
597,EV01812,167,259834
597,EV00288,225,350023
597,EV00188,241,17043231
597,EV00238,269,12317060
598,EV00611,190,350158
599,EV01213,119,1794107
599,EV01289,133,22692
599,EV01793,148,42963
599,EV01886,358,331176
600,EV01846,8,1122552
600,EV00893,93,354979
600,EV01758,120,45285
600,EV00391,138,59233
601,EV01590,74,73641
601,EV01100,82,13868
601,EV00628,124,104725
601,EV00907,124,2745578
601,EV00988,169,97359
601,EV00096,230,182622
602,EV01766,110,277939
602,EV00745,137,133804
602,EV01176,143,1560708
602,EV00574,214,534384
603,EV01546,91,666745
603,EV00275,244,10773147
604,EV00838,90,916724
604,EV00812,104,1176533
604,EV01468,128,17794
604,EV00175,197,4864714
605,EV01743,60,1102861
605,EV01172,135,603626
605,EV01215,163,104261
605,EV00651,181,278526
605,EV01600,190,296500
606,EV00258,247,33484781
606,EV00082,254,1050551
607,EV01651,91,157736
607,EV00140,300,117929
608,EV01688,126,33673
608,EV01700,128,2178399
608,EV01323,129,657467
608,EV01166,132,179417
608,EV01806,145,150556
608,EV01698,166,391918
608,EV01435,172,36822
608,EV01706,183,592058
609,EV00997,156,43457
610,EV01180,129,147606
610,EV00988,143,38420
610,EV00502,228,673981
611,EV01190,84,159583
611,EV01135,128,2771043
612,EV01659,221,169416
612,EV00099,290,17271919
613,EV01175,129,53447
613,EV01565,171,1579399
613,EV00525,188,614579
613,EV00250,253,1436308
614,EV01571,85,398308
614,EV01063,130,377575
614,EV01420,171,406091
615,EV00751,84,10427
615,EV00715,116,131532
615,EV00734,154,56050
616,EV01026,108,1049808
616,EV00591,115,825645
616,EV00827,166,4518936
616,EV01493,172,3514785
617,EV01413,86,90008
617,EV00941,142,20407
618,EV01849,39,1329214
618,EV01033,126,396006
618,EV00033,287,46262041
619,EV01274,128,46386
619,EV00747,133,123776
619,EV01634,147,337147
620,EV01756,141,214049
620,EV00446,152,180851
620,EV00781,168,646810
620,EV00431,183,120557
620,EV00762,189,562446
621,EV00499,103,45744
621,EV00935,106,3114237
621,EV01815,111,383842
621,EV01187,119,336060
621,EV01349,157,55906
621,EV01653,171,157054
621,EV00198,232,24726862
621,EV00223,248,19228629
623,EV00895,110,83213
623,EV01037,110,136538
623,EV01289,131,22927
623,EV01798,136,145088
623,EV00500,147,138568
623,EV00560,157,1080474
623,EV01043,161,204873
623,EV00433,176,870455
624,EV01006,127,160454
624,EV01283,134,167403
624,EV01690,158,180797
624,EV00707,205,713518
625,EV00942,102,1837976
626,EV00565,98,12548
626,EV00438,154,328963
626,EV00439,164,94586
626,EV00945,190,604369
627,EV01578,97,68973
627,EV00394,142,334701
627,EV01760,143,15519
628,EV01672,126,71525
628,EV01735,141,29989
629,EV00991,71,574325
629,EV00848,97,12635
629,EV01290,133,127940
629,EV01157,178,713897
629,EV00811,203,1660795
629,EV00281,205,4947505
630,EV00355,149,151619
630,EV01738,160,470442
630,EV01367,174,927699
630,EV00110,260,14388490
631,EV00826,81,3443627
631,EV00767,96,27822
631,EV01770,102,155938
631,EV01515,125,202045
631,EV00740,152,2472432
631,EV01328,161,135068
632,EV01373,118,293577
632,EV01249,121,633793
632,EV01707,143,128738
632,EV01150,194,442831
632,EV00102,214,21075475
632,EV00299,278,3666940
632,EV01930,339,237297
633,EV01918,34,429908
633,EV01555,85,2175845
633,EV01296,122,110236
633,EV00364,134,435837
633,EV00946,141,115135
633,EV01126,149,72370
633,EV01421,170,29090
633,EV01526,170,108870
634,EV00206,281,2788479
635,EV01910,31,2460463
635,EV01795,94,210050
635,EV01413,119,73092
635,EV01550,133,257480
635,EV01205,135,306673
635,EV01661,145,368506
635,EV00644,154,5922289
635,EV01404,158,387862
636,EV01109,102,84916
636,EV01478,168,3623166
636,EV00895,204,128438
637,EV01778,109,78982
637,EV00546,113,43227
637,EV00423,119,249994
637,EV01034,128,1559346
637,EV00611,129,659080
637,EV00134,225,6085174
638,EV01737,136,2770105
638,EV00884,158,358858
638,EV00231,268,8912884
640,EV01596,88,1845874
640,EV00773,149,131820
640,EV01429,157,105804
640,EV01962,365,2093318
641,EV00382,185,33385
642,EV01034,116,2167780
642,EV01158,125,273053
643,EV00522,126,352690
643,EV01762,144,3315188
643,EV01684,156,41420
644,EV01405,77,3756887
644,EV01703,143,99332
644,EV00806,144,4199616
644,EV01642,147,2448232
644,EV01702,153,36827
644,EV01590,157,70467
644,EV01551,209,25570
645,EV00878,96,1334310
645,EV01015,107,2284700
645,EV01650,159,369492
645,EV00854,160,191092
645,EV00493,189,96732
646,EV01975,63,859602
646,EV01036,131,5300217
646,EV00370,174,800836
647,EV00714,60,84285
647,EV00377,96,813395
647,EV00798,121,796136
647,EV01518,142,494429
647,EV01152,148,1276423
647,EV00767,154,32934
648,EV01743,203,1078056
648,EV00250,251,586148
649,EV01041,88,165180
649,EV00368,109,20836
649,EV01298,177,394165
650,EV01694,143,58706
650,EV01984,355,931882
651,EV01141,99,191089
651,EV00552,102,203028
651,EV00403,104,766976
651,EV00385,174,140977
652,EV00793,95,142866
652,EV00943,113,289835
652,EV01008,136,1377251
652,EV00793,139,178097
652,EV01335,172,8207406
652,EV00008,291,13246545
653,EV00799,166,125272
653,EV00880,182,11006092
653,EV01439,202,1749331
653,EV00249,284,798038
654,EV01183,145,127641
654,EV01292,188,1330305
655,EV00779,84,67757
655,EV00641,106,1418907
655,EV01758,113,18579
655,EV01488,145,176299
655,EV01414,219,24332
656,EV01055,88,1792390
656,EV01784,129,77248
657,EV00763,161,76495
657,EV00407,177,141444
657,EV00500,224,153530
658,EV00820,75,2164812
658,EV00244,235,59672183
659,EV01062,112,69544
659,EV01808,141,111088
659,EV01753,145,83603
659,EV01545,147,11743
659,EV01301,167,342587
659,EV00221,277,11974891
660,EV01721,96,145824
660,EV00884,139,643782
660,EV01378,146,186588
660,EV01627,162,98632
660,EV00110,204,16588360
661,EV01346,117,45179
661,EV00078,263,2902693
662,EV00680,108,529543
662,EV00383,121,9019
662,EV01158,154,98073
663,EV01451,103,116205
663,EV01085,121,1078410
664,EV00981,96,116423
664,EV01639,97,17755
664,EV00372,98,242420
664,EV01211,108,71118
664,EV00400,148,811789
665,EV01093,104,2767712
665,EV00939,117,954995
665,EV01347,162,424926
665,EV00673,187,361173
666,EV00891,114,6058727
666,EV01467,116,530882
666,EV01137,118,82627
666,EV00847,123,23656
666,EV01474,143,795099
666,EV00648,153,57564
666,EV01811,162,72477
666,EV00833,163,364746
666,EV01190,177,208154
666,EV00691,214,166335
667,EV01487,60,13534
667,EV00699,103,98275
667,EV01257,108,3286552
667,EV00599,119,2238249
668,EV00563,71,18506
668,EV00767,145,11996
668,EV01460,147,119192
668,EV00616,178,52437
668,EV00045,264,4790574
669,EV00966,105,1875621
669,EV01215,210,98925
670,EV01336,111,188786
670,EV01632,139,1230807
671,EV01434,98,65234
671,EV00871,138,553128
671,EV00512,140,761155
671,EV00559,153,10405
672,EV01572,85,58568
672,EV01202,96,79614
672,EV00670,153,334814
672,EV01189,190,498930
672,EV00112,203,3780913
673,EV01131,73,23797
673,EV01671,117,158844
673,EV01179,146,244636
674,EV01634,152,238547
674,EV00444,174,23968
674,EV00222,296,2936853
675,EV01796,91,142172
676,EV01675,91,33978
676,EV01591,96,56666
676,EV00857,183,1166242
676,EV00216,248,1435970
677,EV01274,97,34546
677,EV01464,233,36896
677,EV00174,237,4746927
678,EV00339,94,234000
678,EV01575,156,53442
678,EV01634,178,291042
678,EV01094,189,229190
679,EV01783,111,202765
679,EV00326,139,118932
680,EV00579,92,175480
680,EV01237,108,78743
680,EV00567,168,82081
680,EV01138,175,49728
680,EV00249,224,2601332
681,EV00394,105,515758
681,EV01483,106,863011
681,EV01424,133,1258753
681,EV01262,138,93354
681,EV00986,158,305785
681,EV00345,164,21621
681,EV01545,191,32608
681,EV01575,199,12688
682,EV01266,179,501393
682,EV00258,267,30934318
683,EV01198,117,294070
683,EV01343,175,256470
683,EV00225,187,2176378
683,EV01198,198,117527
684,EV01796,122,269568
684,EV00959,125,360719
685,EV00866,72,96348
685,EV01767,97,2284848
685,EV00479,123,143857
685,EV01758,143,60068
685,EV01600,145,55120
685,EV00999,178,2300835
685,EV00369,196,246940
686,EV00161,279,4966510
687,EV00328,98,269376
687,EV01746,129,1099034
687,EV01292,170,512442
688,EV01770,94,374706
689,EV00773,94,682247
689,EV01269,142,63863
689,EV00545,171,346591
689,EV00577,188,11235
690,EV00329,149,169641
690,EV01609,189,5822
691,EV00791,106,340865
691,EV01779,107,343154
691,EV01625,176,388717
692,EV01967,43,456879
692,EV00940,60,784679
692,EV01180,103,143124
692,EV00580,149,51159
692,EV00515,189,232497
692,EV00039,240,3477133
693,EV00938,112,66372
693,EV00457,144,87206
694,EV01249,114,1002642
694,EV01659,172,93717
694,EV01441,174,917223
695,EV01158,99,365639
695,EV00643,130,2227188
695,EV01618,137,7958
695,EV00947,209,99644
695,EV00115,259,801532
695,EV00244,306,74434569
696,EV01761,126,439738
696,EV01732,169,25161
696,EV00176,280,15532076
697,EV01693,105,109847
697,EV00026,250,2233639
698,EV00681,119,205366
698,EV00712,157,301257
698,EV01677,177,291462
698,EV00946,189,194141
698,EV00751,198,22164
698,EV01842,345,147590
699,EV01058,92,37705
699,EV00812,135,534616
699,EV00820,152,3422723
699,EV01009,181,126331
700,EV01857,17,1149354
700,EV01242,119,110525
700,EV01072,143,322874
700,EV00126,228,3663902
701,EV01634,163,259057
701,EV01607,165,93257
701,EV01545,196,7397
702,EV01729,124,1855523
702,EV00184,263,5376169
703,EV00841,94,175296
703,EV01524,161,395881
703,EV00401,164,1044921
704,EV01673,111,269053
704,EV00546,115,119265
704,EV01383,126,849635
704,EV01688,179,55114
705,EV01304,111,191829
705,EV00790,116,45129
705,EV01785,131,3572198
705,EV01155,145,2255213
705,EV00975,182,431781
705,EV01838,349,2987893
706,EV01631,151,453235
706,EV00689,157,3360254
706,EV00159,218,4295216
706,EV00318,241,8252288
707,EV00436,112,427260
707,EV01395,112,41807
707,EV01039,127,22261
707,EV00751,147,20550
708,EV01882,57,689729
708,EV00799,117,134511
708,EV01299,145,4219433
708,EV01536,148,165305
709,EV00481,97,641661
709,EV01191,105,819809
709,EV00851,129,29228
710,EV01426,75,8652041
710,EV00773,116,321595
710,EV01617,119,54473
710,EV00566,128,141578
710,EV01784,148,102329
710,EV01348,155,1278804
710,EV00295,280,28484240
711,EV00795,104,551617
711,EV01193,128,3186434
711,EV00847,156,52423
711,EV00431,168,106909
711,EV00282,275,11166743
712,EV01136,122,1489121
712,EV00874,135,12252
712,EV00712,143,246181
712,EV00972,145,1735692
712,EV01099,176,1186107
712,EV00192,267,27522000
713,EV01289,145,22138
713,EV01111,153,17963
713,EV01313,167,1367731
713,EV00871,217,1239785
713,EV00191,221,1416836
713,EV00295,280,28212404
714,EV01728,60,241207
714,EV01612,143,1666607
714,EV00981,149,31596
714,EV01290,199,234006
715,EV01975,27,840741
715,EV01211,106,99976
715,EV00950,140,309235
715,EV01165,160,158614
716,EV00395,123,280016
716,EV00621,140,92210
716,EV00752,143,847279
716,EV00831,158,321019
716,EV00357,159,149593
716,EV01488,166,95670
716,EV00566,170,257977
717,EV00560,132,321104
717,EV00046,270,4206641
718,EV00895,171,156228
719,EV01240,60,215573
719,EV01672,93,132831
719,EV00866,105,123790
719,EV00345,154,51703
719,EV00760,173,159452
719,EV00267,276,52956619
720,EV01754,100,1399692
720,EV01190,149,205503
720,EV00908,164,311777
720,EV01251,166,95086
720,EV01398,171,480292
720,EV00361,206,130259
721,EV01882,17,1080910
721,EV00555,129,415809
721,EV00644,161,5116873
721,EV00223,259,9707861
721,EV00184,271,6641709
722,EV01360,80,948873
722,EV00535,136,76664
722,EV01385,149,49968
723,EV00372,104,279389
723,EV01784,133,37643
723,EV00175,227,3918465
723,EV00079,236,1820035
724,EV01345,102,59586
724,EV00614,135,511847
724,EV01413,199,187793
724,EV00126,219,3914192
725,EV01842,49,195117
725,EV00376,126,46637
725,EV01274,126,9387
725,EV00522,166,608043
725,EV01289,170,14353
726,EV00663,83,934855
726,EV01273,152,149154
726,EV01551,187,30994
726,EV00258,263,10420527
727,EV00729,82,70839
727,EV01537,120,73346
727,EV00712,170,113281
727,EV01373,172,369812
727,EV00629,209,4230605
728,EV01538,101,1538056
728,EV00651,115,493315
728,EV00703,174,77231
728,EV01180,193,116742
728,EV00258,249,17425770
728,EV00039,287,1406928
729,EV00567,72,370979
729,EV00500,128,428635
729,EV00537,129,54414
729,EV01141,134,132995
730,EV01836,8,467661
730,EV00885,105,911289
730,EV00502,151,1124451
731,EV01285,110,249415
731,EV00903,128,428908
731,EV00779,136,98837
732,EV00476,115,132985
732,EV00326,132,281024
732,EV01672,150,55560
732,EV00848,163,30584
732,EV00967,168,44436
732,EV01590,183,98557
733,EV01742,87,375012
734,EV00510,100,462112
734,EV00580,132,8614
734,EV01203,147,2031677
734,EV00438,162,808639
735,EV01768,143,615779
735,EV00113,228,2195406
735,EV00003,273,1340001
736,EV01044,122,106951
736,EV01743,131,567791
736,EV01188,153,174437
736,EV00288,285,507486
737,EV00648,122,26902
737,EV00615,127,1679265
737,EV01435,132,48452
737,EV00861,186,101869
737,EV00068,267,4220335
738,EV00225,271,3077444
739,EV00702,107,900397
739,EV00643,122,4593470
739,EV01634,146,179491
739,EV00555,147,148482
739,EV00920,176,222801
740,EV00899,126,67077
740,EV01178,176,979787
741,EV00699,79,90979
741,EV00447,102,297802
741,EV00970,140,137946
741,EV00709,143,38553
741,EV01570,152,172142
741,EV00573,153,106087
741,EV00115,276,1535520
742,EV01975,100,690244
742,EV00555,150,91646
742,EV01235,240,288267
742,EV00146,253,7062404
743,EV01641,148,80958
743,EV01846,342,656480
744,EV00768,211,182895
745,EV01362,85,110974
745,EV00734,86,20908
745,EV01037,118,87800
745,EV01206,142,1763289
746,EV01111,111,58385
746,EV00923,114,145677
746,EV01505,131,124222
747,EV01633,127,9953
747,EV01653,132,84480
748,EV00582,88,347542
748,EV00585,92,200175
748,EV00428,128,926680
748,EV01485,155,69230
748,EV01767,177,574975
748,EV01324,180,2714176
749,EV01937,30,1671551
749,EV00631,60,239470
749,EV00717,118,25349
749,EV00866,128,227004
749,EV01020,162,262150
749,EV00076,240,3627611
749,EV00225,254,4646504
750,EV01180,183,272851
750,EV00161,280,2789995
751,EV00473,124,717639
751,EV01272,125,187418
751,EV00579,128,89351
751,EV01294,151,5571069
751,EV00939,169,1692359
751,EV00206,271,691781
753,EV01235,153,239020
753,EV00738,163,97617
753,EV00605,171,160520
753,EV01012,171,399241
753,EV00039,306,637998
754,EV00372,209,223000
754,EV00111,238,657301
755,EV00194,231,30942590
756,EV01333,119,71719
756,EV01672,129,70303
756,EV00325,138,186294
756,EV01552,146,117826
756,EV01540,192,811399
757,EV01143,105,163461
757,EV01450,209,2086479
758,EV00711,120,297220
758,EV01656,139,162742
758,EV01812,151,383973
758,EV00942,163,1954493
758,EV00302,238,35554976
758,EV00206,287,2943911
759,EV01203,123,1170642
759,EV01346,139,30617
759,EV00722,142,179762
759,EV01568,195,1851224
760,EV01072,94,637539
760,EV01079,117,155698
760,EV01269,144,113628
760,EV00711,152,477813
760,EV00450,193,847054
761,EV00989,95,168689
761,EV01562,116,4061154
761,EV00946,124,98859
761,EV00238,276,18603099
762,EV00867,196,595887
762,EV00206,309,1831516
763,EV01379,75,15174
763,EV01023,146,157424
764,EV00559,131,13636
764,EV00764,131,217982
764,EV00112,310,5683875
765,EV00028,262,1760790
766,EV01413,149,180002
766,EV00751,160,12219
766,EV01641,177,157958
767,EV00405,67,168594
767,EV01727,94,47566
767,EV01248,100,82781
767,EV00093,241,1498753
768,EV00818,65,291218
768,EV01793,91,69791
768,EV00577,131,32099
768,EV00528,162,139663
768,EV01649,184,362394
768,EV00161,188,2933062
769,EV00157,232,122876206
770,EV00666,91,203303
770,EV01237,98,35153
770,EV00709,102,171757
770,EV00586,119,475553
770,EV01505,130,194715
770,EV01613,143,18229
770,EV00895,153,39596
771,EV01960,6,517939
771,EV01377,121,1267557
771,EV01626,145,24269
771,EV01076,148,247273
771,EV00450,164,751664
771,EV01039,209,45255
772,EV00565,196,45078
772,EV00980,206,333205
772,EV00020,257,3104236
773,EV01795,97,169036
773,EV01671,116,262294
773,EV01023,140,184570
774,EV01274,92,26792
774,EV01113,95,817627
774,EV01715,107,152684
774,EV00436,121,247587
774,EV00812,157,1543582
774,EV00783,158,40548
774,EV00385,201,77232
775,EV00792,126,79675
775,EV01423,132,123834
775,EV00395,151,119239
776,EV00591,156,1090965
776,EV00872,160,1546757
777,EV00805,81,270658
777,EV01414,110,19024
777,EV00917,128,205578
777,EV01533,161,53170
777,EV00896,192,90501
777,EV00859,206,1657856
777,EV00121,252,6110105
778,EV00420,183,1460204
779,EV01111,104,62349
779,EV00326,115,192661
779,EV00547,133,192004
779,EV01067,137,203501
779,EV00250,280,202247
780,EV01235,87,527555
780,EV00947,100,114296
780,EV01804,139,64091
780,EV00709,156,63944
780,EV00246,245,6864506
780,EV01822,348,632649
781,EV00942,60,875792
781,EV01651,101,204083
781,EV00694,110,1176421
781,EV00860,127,234744
781,EV00553,138,1386330
781,EV00161,267,3376937
782,EV00742,153,624837
782,EV01661,171,699116
783,EV01195,88,1677283
783,EV01180,141,114369
783,EV01569,159,3288533
783,EV00574,175,785860
784,EV01435,96,12573
784,EV00532,134,422955
784,EV00979,134,263581
784,EV00447,140,273301
784,EV01349,154,135741
784,EV00306,249,27899302
785,EV00793,135,103644
785,EV01360,149,415940
786,EV00457,156,148433
786,EV01625,170,107363
787,EV01028,76,1748997
787,EV01131,132,49944
787,EV00714,168,94697
787,EV00168,179,3464748
787,EV00533,190,911537
788,EV01874,21,453988
788,EV01745,137,53770
788,EV00682,144,40723
788,EV00841,145,90239
788,EV01414,146,16144
788,EV00472,151,50677
788,EV01537,170,174020
789,EV00400,108,287650
789,EV00363,149,83120
789,EV01084,149,277264
789,EV01550,156,426933
789,EV00225,220,973218
790,EV01685,89,74256
790,EV00965,104,853140
791,EV00607,111,105896
791,EV00843,150,74655
791,EV01001,169,81249
792,EV00366,113,667935
792,EV00773,138,422019
793,EV00207,205,22423521
794,EV00749,139,263587
794,EV00382,143,15962
794,EV01526,153,131913
794,EV00376,165,197574
796,EV00574,121,462544
796,EV01086,123,196386
796,EV00481,152,1016869
796,EV01149,166,922271
796,EV01791,167,66681
797,EV01906,39,340598
797,EV01658,85,1445836
797,EV01438,112,161949
797,EV00140,200,726116
797,EV00078,282,9878776
798,EV00838,131,1322205
798,EV00326,134,100927
798,EV01256,141,1045942
798,EV01164,162,4965020
798,EV00110,248,18995607
798,EV00282,279,5971048
799,EV01875,18,1860033
799,EV00698,113,167740
799,EV01036,131,3599854
799,EV00655,149,233391
800,EV00709,90,184292
800,EV00545,124,633094
800,EV00500,173,136633
801,EV00427,98,34733
801,EV01274,120,42552
801,EV01131,154,4197
801,EV01298,197,324546
802,EV00348,118,706817
802,EV01591,183,67795
802,EV00079,227,1795163
802,EV00036,294,35656319
802,EV00156,321,6307707
803,EV00490,107,847617
803,EV01658,129,1882254
803,EV01404,137,939703
803,EV01557,151,143784
803,EV01551,173,24586
804,EV01524,109,438356
804,EV00975,137,433504
804,EV01175,151,29905
805,EV00630,131,1132939
805,EV00040,223,5467687
805,EV00253,234,5219211
806,EV00719,142,58173
806,EV01725,157,504773
806,EV00535,195,36736
806,EV01248,203,90157
807,EV01074,96,482866
807,EV01764,152,1122061
807,EV01079,161,289639
808,EV01288,98,104064
809,EV01548,64,99858
809,EV01327,86,32691
809,EV01343,108,78325
809,EV00539,127,850274
809,EV00338,213,2381308
810,EV01182,105,1206782
810,EV01029,138,26653
810,EV01242,148,130971
810,EV01708,179,4395161
811,EV01622,145,23449
812,EV01384,60,34223
812,EV00621,114,35305
812,EV01137,169,88718
812,EV00309,211,10947451
813,EV01131,115,12827
813,EV00326,152,200711
813,EV01382,194,135126
813,EV00099,252,9791959
814,EV00502,207,624248
814,EV00020,214,1786634
815,EV00982,180,1578482
816,EV00362,89,3790582
816,EV01523,133,251421
816,EV00953,157,108130
816,EV01427,179,258980
817,EV00149,237,2951071
817,EV00206,268,1659598
818,EV01033,132,575677
818,EV01116,133,67222
818,EV01381,155,428597
818,EV01772,155,21571
818,EV00908,181,608936
818,EV00159,225,3360353
818,EV00207,252,9096855
819,EV01401,94,573593
819,EV00805,154,144705
819,EV01579,185,2332491
819,EV01310,194,9685
820,EV01165,103,124818
820,EV00557,122,193415
821,EV00438,114,80766
821,EV01569,152,2307630
821,EV01217,205,249416
821,EV00043,256,27000258
822,EV01221,90,34986
822,EV01514,110,917532
822,EV00858,127,259103
822,EV00375,240,60944
823,EV01570,107,125059
823,EV00882,131,382407
824,EV01294,113,5556059
824,EV01595,116,160993
824,EV00653,135,70166
824,EV00895,136,104104
824,EV01642,161,843104
824,EV00594,169,29010
824,EV00115,231,544579
825,EV01484,144,235756
826,EV00696,135,1178597
826,EV01102,143,1063254
826,EV00661,148,206211
826,EV00061,252,23662936
827,EV00512,141,575960
827,EV01609,164,133467
827,EV00020,240,1846543
827,EV00032,269,12615005
828,EV00631,104,133213
828,EV00405,138,141075
828,EV00522,156,339903
828,EV00769,174,491184
829,EV01778,164,126881
829,EV00021,255,1378329
830,EV01349,155,101727
830,EV01634,170,453011
830,EV00146,275,16762185
831,EV01105,123,44038
831,EV00113,268,1637065
832,EV00780,116,168476
832,EV01180,135,270738
832,EV00758,153,510738
832,EV01385,163,14247
832,EV00377,171,379119
832,EV01751,173,49263
833,EV00426,67,576928
833,EV00412,123,523457
833,EV01368,200,283340
834,EV00654,120,309347
834,EV01026,128,684331
834,EV00168,224,1655981
835,EV01246,72,551439
835,EV00991,187,209842
835,EV01394,188,1888247
835,EV00683,197,148088
836,EV01245,140,390129
836,EV00714,160,113163
836,EV00472,183,20004
836,EV00129,234,26374757
837,EV00328,140,919196
837,EV01288,194,115036
837,EV01469,221,2028121
837,EV00043,246,31274576
838,EV00584,135,99188
838,EV01485,166,114585
838,EV00600,211,94314
839,EV01882,12,287564
839,EV00846,134,776837
839,EV00637,178,648180
839,EV01795,214,147867
840,EV01984,50,1592842
840,EV01100,163,25753
840,EV01745,170,83880
840,EV00001,186,1772141
840,EV00738,196,173154
841,EV01037,82,115586
841,EV00934,93,505954
841,EV01290,181,330604
842,EV01503,141,771160
842,EV01750,148,1278706
842,EV01565,185,375022
843,EV01898,27,5082564
843,EV00997,83,20267
843,EV01610,87,272366
844,EV00983,131,203217
844,EV01275,196,1003684
845,EV01117,92,137044
845,EV00389,125,143975
846,EV00420,128,1825470
846,EV00722,155,119951
846,EV01339,160,1232830
847,EV00321,184,230798
848,EV00326,126,129357
848,EV01580,178,55365
849,EV01085,105,509120
849,EV01346,155,42604
850,EV00270,229,6975279
851,EV00906,62,327121
851,EV01352,131,3247504
851,EV00327,160,96615
852,EV01528,98,196327
852,EV00715,134,100512
852,EV01775,165,379816
852,EV01009,171,202673
852,EV01621,186,307177
853,EV01010,161,256708
853,EV00238,252,13176164
854,EV00714,138,291295
854,EV01313,163,3626709
854,EV01675,171,51345
855,EV01471,83,165097
855,EV01174,133,79191
855,EV00385,144,29483
855,EV01021,158,247856
856,EV00778,83,64598
856,EV01642,151,982612
856,EV01131,202,20142
856,EV00101,278,45549172
857,EV00729,113,151274
857,EV01461,126,2469797
857,EV01760,162,30007
858,EV01596,114,4335554
858,EV01528,131,135768
858,EV01552,181,115225
859,EV01827,22,3428281
859,EV00997,123,30844
859,EV00562,128,21908
859,EV01103,133,80165
859,EV01401,179,1303892
860,EV01757,112,70897
860,EV00883,118,91409
860,EV01581,121,143135
860,EV01634,129,128090
860,EV01627,158,77558
860,EV00372,174,154416
860,EV01661,187,395443
861,EV00604,121,742782
861,EV00497,131,957155
861,EV01475,141,2290503
861,EV00173,274,17286691
862,EV00349,157,893363
862,EV00715,176,31490
863,EV01546,121,593123
863,EV00938,125,45013
863,EV01294,155,4329286
863,EV00161,222,3704861
864,EV01987,15,1198848
864,EV00611,120,85989
864,EV01335,128,3793596
865,EV00340,84,445940
865,EV01708,94,787225
865,EV01762,121,1847262
865,EV01120,130,158661
865,EV01274,163,46282
865,EV01551,200,52253
865,EV00189,314,8164712
866,EV00695,91,1478022
866,EV00862,159,221390
866,EV00472,160,74171
867,EV01189,105,146621
867,EV01228,142,24117
867,EV00206,162,1411236
868,EV01825,18,488036
868,EV01052,100,33895
868,EV00587,102,1281593
868,EV00712,149,285260
868,EV00565,176,38950
868,EV01059,182,33200
868,EV00726,183,693749
869,EV01798,65,858195
869,EV00557,121,171743
869,EV00326,168,162271
870,EV01339,74,1185945
870,EV00758,139,1381908
870,EV00722,140,118484
870,EV01961,341,3449431
871,EV01854,15,669508
871,EV00717,142,16429
871,EV01518,174,659496
871,EV01009,179,279421
871,EV01120,191,192457
872,EV00922,125,566267
872,EV01752,142,139095
872,EV00922,151,720774
872,EV00044,237,9890651
873,EV01435,116,18262
873,EV01349,139,97625
873,EV00683,169,187371
873,EV00579,174,192389
874,EV00772,152,429002
874,EV00790,180,87389
875,EV00890,67,20392
875,EV01059,121,27829
875,EV01319,128,45685
875,EV01431,206,932416
875,EV01202,222,29098
876,EV00664,106,321447
876,EV01813,110,769921
876,EV00749,162,548214
876,EV01269,204,243454
876,EV00222,235,920531
876,EV01956,328,1680482
877,EV01148,160,919218
878,EV00385,90,26393
878,EV00769,93,228250
878,EV01383,144,752629
878,EV01464,144,56858
878,EV00567,154,413955
878,EV00532,174,409553
878,EV00213,210,36445840
879,EV01238,132,394493
879,EV00420,169,1054614
879,EV00897,189,851846
879,EV00060,248,2371857
879,EV00258,269,32747831
879,EV00312,314,3350054
880,EV01486,143,524818
880,EV00681,216,174623
880,EV00303,281,878981
881,EV01980,47,785532
881,EV01209,138,845483
881,EV01641,149,338285
881,EV01442,162,580941
881,EV00003,193,2156134
882,EV01235,75,381931
882,EV01050,127,48353
882,EV01226,173,87706
883,EV00595,69,107645
883,EV01052,103,32799
884,EV01666,89,418971
884,EV00522,104,523063
884,EV00875,139,1465242
885,EV01105,105,74702
885,EV00491,110,157995
886,EV00958,118,953645
886,EV01610,123,271189
886,EV00665,166,109170
886,EV00869,197,402146
887,EV00062,218,26293606
887,EV00288,243,141737
887,EV00180,275,4216227
888,EV01350,100,153551
888,EV00651,145,524332
888,EV01437,154,101710
888,EV00334,167,53268
888,EV00129,260,30576032
889,EV01360,60,626050
889,EV01751,135,137573
889,EV01094,158,388035
890,EV01523,125,904125
890,EV00557,195,97334
890,EV00153,241,8659684
891,EV00899,85,36260
891,EV01067,102,64184
891,EV00670,103,80680
891,EV00974,115,68268
892,EV00431,103,123357
892,EV00583,129,148399
892,EV01526,136,104449
892,EV00400,141,514157
892,EV01147,165,583918
893,EV01671,97,103568
893,EV01766,151,235240
893,EV00030,191,3657928
894,EV01633,189,10010
895,EV00715,95,288167
895,EV01721,103,275115
895,EV01318,115,411204
895,EV01575,143,45186
895,EV00664,146,993939
895,EV01761,169,1021524
895,EV01318,175,80307
895,EV00045,255,2479444
896,EV00838,76,347848
896,EV01565,104,410149
896,EV01026,145,807731
896,EV01747,163,250171
897,EV00347,73,529739
897,EV01429,147,147401
897,EV01812,180,580465
897,EV00043,273,23810714
898,EV00790,97,127044
898,EV00387,110,442013
899,EV01302,86,2265444
899,EV01674,149,430343
899,EV00740,157,2314949
900,EV01760,61,22931
900,EV01395,123,15245
901,EV00797,84,91887
901,EV01175,87,47182
901,EV01693,92,197279
901,EV01725,118,542608
901,EV00604,167,797255
901,EV00355,171,68967
902,EV01270,113,209128
902,EV00402,138,1092945
902,EV01429,151,12783
902,EV01051,153,1461208
902,EV00732,175,5089378
902,EV00293,296,2324522
903,EV00933,78,56746
903,EV00335,84,808032
903,EV00370,85,493167
903,EV00901,99,769975
903,EV00626,108,117119
903,EV01324,123,1847670
903,EV00760,125,54366
903,EV01269,143,126037
904,EV01813,104,627605
904,EV00545,146,416431
904,EV01277,208,29122
904,EV00267,260,8755303
904,EV00017,269,1969947
905,EV00384,162,423174
905,EV00003,228,2985543
906,EV01432,129,1123238
906,EV01758,133,33405
906,EV01033,143,426770
906,EV00206,213,1766766
906,EV00154,220,61007962
906,EV00267,290,13127723
907,EV01216,147,589716
907,EV00460,160,1478002
908,EV01006,85,117922
908,EV01766,105,653340
908,EV00206,256,2017512
909,EV01921,17,833181
909,EV01509,101,88429
909,EV01059,103,58942
909,EV00636,115,247031
909,EV00640,118,965081
910,EV00711,118,465527
910,EV00140,223,599765
911,EV00557,135,225405
911,EV00557,139,123220
911,EV00488,143,284843
911,EV01533,149,467697
912,EV01108,124,166883
912,EV00813,143,264272
912,EV00594,151,72688
912,EV00106,257,3824784
913,EV01661,90,282075
913,EV00812,122,462795
913,EV01451,128,211183
913,EV00917,156,421426
913,EV00060,248,1876112
914,EV00720,60,48141
914,EV00783,95,13583
914,EV01591,137,121629
914,EV01699,169,175133
915,EV01835,49,1163256
915,EV01836,55,546621
915,EV01526,137,81727
915,EV00116,211,7181288
916,EV01039,90,77153
916,EV00522,112,482736
916,EV01326,164,453006
916,EV01641,225,234463
917,EV00492,139,892518
917,EV01155,198,1711363
918,EV01226,84,83462
918,EV01793,172,38687
918,EV00267,233,26287940
919,EV01105,100,95236
919,EV01729,114,1272455
919,EV01345,143,58807
920,EV01708,115,3581313
920,EV00595,124,81683
920,EV00405,131,210196
920,EV00428,150,565958
920,EV01799,151,505984
921,EV00499,65,20325
921,EV00848,67,8821
921,EV01526,74,76613
921,EV00953,104,64212
921,EV01099,129,562000
921,EV00184,256,10848080
922,EV00510,98,386386
922,EV01594,142,124676
922,EV01507,147,829294
922,EV01703,155,62170
922,EV00078,274,10945599
923,EV00806,133,3516789
923,EV01801,163,48124
923,EV01148,170,922851
923,EV00039,241,2641520
924,EV01607,116,51504
924,EV01343,143,167315
924,EV01609,144,35358
924,EV01755,181,617334
924,EV00234,235,117111852
924,EV00017,252,4314016
925,EV00413,144,177438
925,EV01512,146,777530
926,EV01557,70,77469
926,EV01548,183,30303
926,EV00060,250,2101196
926,EV00247,268,3516419
927,EV01508,95,512093
927,EV01715,133,305810
927,EV01039,163,40166
927,EV00833,174,305791
928,EV00449,82,696294
928,EV01039,92,40972
928,EV00359,126,4814910
928,EV01245,148,403620
928,EV01033,161,851569
928,EV01360,191,529809
929,EV01071,69,1287468
929,EV01801,140,134049
929,EV00116,218,4640415
930,EV01773,96,78396
930,EV01764,104,1078147
930,EV00786,111,89959
930,EV01134,144,159147
930,EV01503,150,693779
930,EV00942,206,144078
931,EV00923,114,49991
931,EV01339,114,915467
931,EV01801,131,132499
931,EV01217,175,420362
931,EV00216,233,598488
931,EV00571,240,1276230
932,EV01865,44,575318
932,EV01417,95,345233
932,EV01010,129,465329
932,EV01487,233,58160
933,EV01734,106,288898
933,EV01369,153,1715673
933,EV00109,272,35304835
934,EV01879,16,1446596
934,EV00851,133,26885
934,EV00848,136,14861
934,EV00873,152,1182089
934,EV00088,233,55878878
934,EV00041,282,74776096
935,EV01591,110,160900
935,EV00746,164,429253
935,EV00703,199,71183
935,EV01294,205,8072634
935,EV00158,211,2940043
935,EV00112,218,2976916
936,EV00810,90,240827
936,EV00794,93,491530
936,EV00702,149,992953
936,EV01174,163,152793
936,EV01550,191,947148
937,EV00681,140,284703
937,EV00250,228,1853996
937,EV00248,253,23556459
938,EV00742,60,745169
938,EV00786,107,120230
938,EV00365,151,872282
938,EV00592,174,67667
938,EV00093,294,1821281
939,EV01276,147,54656
939,EV00814,152,573520
939,EV00819,154,69834
939,EV01209,156,155966
939,EV00793,165,153667
939,EV00396,169,155294
939,EV00565,172,32497
940,EV01936,12,5374391
940,EV00607,78,82055
940,EV00955,129,2770368
941,EV01623,105,96959
941,EV00522,114,898276
942,EV01137,140,143460
942,EV01784,141,35933
942,EV01645,160,826515
942,EV00008,260,14143962
943,EV01422,130,26816
943,EV01004,174,194851
944,EV00953,133,81120
944,EV00654,145,291493
945,EV01230,129,88912
945,EV01327,168,67812
946,EV00970,108,139351
946,EV00799,128,36652
946,EV01090,134,277831
946,EV00376,136,64724
946,EV01297,168,22730
946,EV01314,206,713208
946,EV00020,282,5829076
947,EV00651,135,123562
947,EV00325,141,596975
947,EV01373,207,91804
948,EV01029,69,33768
948,EV00570,113,693218
948,EV00815,113,376234
948,EV00975,121,517728
948,EV00758,144,1212847
948,EV00773,146,366641
948,EV00039,295,1343767
949,EV01235,125,208720
949,EV01261,128,36917
949,EV00867,141,1157566
950,EV01255,147,1122417
950,EV01132,152,733828
950,EV01035,187,1131985
950,EV00092,226,21388779
951,EV01202,139,66589
952,EV01138,69,208485
953,EV00499,159,79302
953,EV00010,255,3623046
954,EV01591,97,355640
954,EV00720,114,53637
954,EV00532,143,203729
954,EV00225,246,3118750
955,EV01869,7,1108982
955,EV01475,104,1980636
955,EV00889,112,1799954
955,EV01274,124,8050
955,EV00509,166,124998
955,EV01537,166,258817
955,EV00164,224,20727915
956,EV00941,95,32117
956,EV00780,129,249302
956,EV00717,135,16153
956,EV00995,136,478714
956,EV01182,150,842542
956,EV01121,186,137086
956,EV01795,197,116589
956,EV00177,290,2135806
957,EV01337,129,326088
957,EV00570,134,912167
957,EV00657,165,145493
957,EV01067,184,122177
957,EV01236,196,1052836
958,EV00444,113,76581
958,EV01295,136,1594828
959,EV01656,162,113821
959,EV01752,163,99131
960,EV00715,60,578237
960,EV01188,114,304215
960,EV00819,165,156091
960,EV00225,242,2040621
960,EV00250,245,526245
961,EV01623,102,112166
961,EV00427,122,50202
961,EV00821,207,60484
962,EV00742,104,1112510
962,EV00748,112,61583
962,EV00419,137,79799
962,EV00864,179,73930
963,EV00888,99,1466226
963,EV00772,113,443746
963,EV00191,277,1075947
964,EV00971,115,1291143
964,EV00937,137,367574
964,EV00017,221,1500257
965,EV01327,112,113339
965,EV00565,149,19230
965,EV01103,156,71451
965,EV01627,156,23858
965,EV00406,175,156400
965,EV01740,182,1983245
965,EV00449,199,659057
965,EV00725,209,1060925
965,EV00221,231,18780253
965,EV00222,234,1620451
966,EV01488,136,73749
966,EV01429,143,256169
966,EV00658,162,1179067
966,EV00798,164,559262
966,EV01432,186,611302
966,EV00225,273,722306
967,EV00742,81,978280
967,EV00775,106,499852
967,EV01764,149,598219
967,EV01783,169,125099
967,EV00681,182,95881
967,EV00255,243,4575917
967,EV00204,247,5418118
968,EV00455,117,866557
968,EV00592,124,238098
968,EV00347,134,814340
968,EV00535,146,110303
968,EV01614,170,1296109
968,EV00803,199,162690
970,EV00924,92,2048379
970,EV01398,121,740445
970,EV01700,143,2783936
970,EV00472,148,52707
970,EV01717,151,27028
970,EV00628,169,218939
970,EV01589,187,1367845
971,EV00386,131,246260
971,EV00481,148,657397
971,EV00479,170,163183
971,EV00438,173,204783
971,EV01653,185,202663
971,EV01310,194,36343
971,EV00213,210,21502001
971,EV00083,246,4763226
972,EV00549,137,500022
972,EV00562,138,42645
972,EV01351,147,30140
973,EV01812,105,526514
973,EV00908,111,527257
973,EV01373,147,292782
973,EV00483,163,432187
973,EV00361,167,125505
973,EV00941,206,53124
973,EV00222,249,1954375
973,EV01910,333,2585993
974,EV01483,136,1323215
974,EV01322,207,24712
975,EV01259,203,237170
976,EV01084,124,486993
976,EV01381,164,324855
976,EV00759,170,774907
977,EV01961,2,601840
977,EV00391,60,29098
977,EV01459,78,1426541
977,EV00548,126,91991
977,EV00838,132,755966
977,EV00731,182,1763304
978,EV01274,163,31927
978,EV00603,175,626512
979,EV01027,157,563657
979,EV01251,188,179779
979,EV00299,234,5894900
979,EV00211,247,9992880
980,EV00664,144,1909519
980,EV01795,165,89581
980,EV00121,233,5174542
981,EV01693,115,152614
981,EV01280,145,66134
982,EV01527,161,2146998
983,EV00503,135,62516
983,EV00611,154,484923
983,EV01116,156,79517
983,EV01745,170,50582
983,EV01052,182,30238
983,EV00288,227,276801
984,EV01138,70,111917
985,EV01534,123,781173
985,EV00413,137,186463
985,EV01281,170,398140
986,EV00936,142,648663
986,EV01619,158,1050841
986,EV00112,249,2272938
987,EV01634,64,388407
988,EV01111,126,85065
989,EV01297,77,32331
989,EV00989,154,196993
989,EV00126,225,6253712
990,EV01408,168,45648
990,EV00875,200,1364067
991,EV01524,71,109256
991,EV00819,85,32958
991,EV00338,113,3458253
991,EV01299,137,6901972
991,EV00470,223,27746
991,EV00131,231,54216141
991,EV00039,268,2188746
992,EV01237,161,40330
992,EV00962,162,2870393
992,EV00614,179,734963
992,EV00831,188,583381
993,EV01885,21,1036805
993,EV01765,145,5522921
993,EV01515,156,56154
993,EV01064,181,1026077
993,EV00116,288,1139844
994,EV01980,17,355944
994,EV01717,209,66901
995,EV00399,91,68483
995,EV01226,123,121719
995,EV01324,152,2407669
995,EV01289,154,19191
995,EV01651,170,46860
996,EV01967,39,519637
996,EV00123,184,9664055
996,EV00159,243,4767878
996,EV00225,263,2274901
997,EV00651,112,148331
997,EV00603,137,242027
997,EV00964,144,505703
998,EV00250,254,1603260
999,EV00326,122,246445
999,EV01395,122,27064
999,EV01817,131,232867
999,EV01103,136,102758
1000,EV00960,145,560259
1000,EV00214,271,9473952
1001,EV01808,106,176541
1001,EV00615,133,369294
1001,EV01848,355,3937688
1002,EV01818,85,504190
1002,EV01395,108,16312
1002,EV01404,141,334217
1002,EV00783,158,77250
1002,EV00313,246,99019950
1003,EV01778,138,91356
1003,EV01477,160,393235
1003,EV00584,175,81663
1003,EV01200,179,1593508
1004,EV00479,111,125176
1004,EV01070,131,282270
1004,EV01072,150,618223
1004,EV01144,173,52280
1004,EV00026,217,1113921
1005,EV00607,65,65274
1005,EV00960,114,503632
1005,EV00624,117,140052
1005,EV00663,135,1246155
1005,EV00951,173,893235
1005,EV00545,179,933583
1005,EV00289,256,3718090
1006,EV00908,167,375564
1006,EV00153,250,23261608
1007,EV01595,96,212384
1007,EV00339,132,98771
1007,EV00375,187,39228
1007,EV00083,225,3656785
1007,EV00110,289,18407046
1008,EV01274,103,32573
1008,EV00664,123,1607581
1008,EV00394,159,490018
1008,EV01086,179,411049
1008,EV00431,185,232277
1008,EV00463,186,42921
1009,EV00534,123,577739
1009,EV01174,131,404631
1010,EV00727,119,135945
1010,EV01793,143,17263
1010,EV00164,255,5971853
1011,EV01631,96,327893
1011,EV00968,207,230260
1011,EV00233,256,21217028
1011,EV00258,302,29012026
1012,EV01711,128,1777688
1012,EV01685,141,64061
1012,EV01034,149,1140264
1012,EV00471,166,3166455
1012,EV00158,225,1841897
1013,EV01924,5,2464205
1013,EV00548,126,38803
1014,EV00364,95,422889
1014,EV00046,247,6419737
1015,EV01669,127,151291
1015,EV00729,177,207561
1015,EV01686,193,197029
1016,EV01741,101,263796
1016,EV00657,117,220325
1016,EV01507,224,596094
1017,EV01860,25,654056
1017,EV01133,118,24644
1017,EV01514,126,617106
1017,EV01050,133,44406
1018,EV01076,108,162487
1018,EV01273,110,90722
1018,EV00881,122,250855
1018,EV00376,125,68532
1018,EV01760,128,27491
1018,EV01663,136,73443
1018,EV00814,174,434828
1018,EV00663,179,1404606
1018,EV00888,179,1433958
1018,EV00115,203,1078935
1019,EV01823,3,767188
1019,EV01034,136,1195678
1019,EV01623,167,321043
1019,EV01079,170,108195
1019,EV00299,256,9042672
1020,EV00376,63,99903
1020,EV00544,84,78442
1021,EV01985,79,188335
1021,EV00502,116,889946
1021,EV00919,132,1013914
1021,EV01226,153,94831
1021,EV01166,162,147195
1021,EV01626,163,31023
1021,EV01473,167,359779
1021,EV00130,254,1181739
1022,EV01650,60,508246
1022,EV00528,166,177377
1022,EV00111,219,1720452
1022,EV00068,252,6599592
1023,EV00171,239,11622236
1024,EV01343,97,244325
1024,EV00776,105,1258390
1024,EV01613,129,49584
1024,EV01537,143,475926
1024,EV01198,174,245432
1025,EV00418,134,132424
1025,EV00592,168,177014
1025,EV00755,172,383076
1026,EV01886,42,378350
1026,EV01288,125,110749
1026,EV01777,156,76037
1027,EV01632,122,3108001
1027,EV01691,158,673890
1027,EV01211,178,101084
1027,EV01550,206,457428
1027,EV00300,266,5642300
1028,EV01181,133,121519
1028,EV00981,164,27593
1028,EV01748,167,1342325
1028,EV00375,196,73124
1028,EV00304,259,34126711
1029,EV01290,113,123896
1029,EV00540,156,65519
1029,EV00430,177,86046
1030,EV01244,84,349204
1030,EV00502,113,746732
1030,EV00484,127,1487752
1030,EV00964,174,724180
1030,EV01231,185,42181
1031,EV01858,30,1669891
1031,EV01067,133,46726
1031,EV00458,144,4558006
1031,EV00007,284,24233901
1031,EV00046,297,4215253
1032,EV01979,17,219988
1032,EV00383,161,68339
1032,EV01028,164,2088218
1033,EV00682,124,78417
1033,EV01703,144,121151
1034,EV01253,90,61795
1034,EV00385,132,37293
1034,EV00078,228,5689322
1035,EV00090,232,5703547
1036,EV01632,132,2453540
1036,EV00930,145,588317
1036,EV00611,159,330990
1036,EV00586,196,144887
1037,EV01507,72,557833
1038,EV01760,112,15093
1038,EV00467,143,221380
1038,EV01618,166,8284
1038,EV01224,189,579141
1038,EV00126,259,4721290
1038,EV00118,277,34269428
1039,EV01883,24,2364946
1039,EV00779,124,102054
1039,EV01413,141,217738
1039,EV01165,157,428248
1039,EV00355,190,105986
1039,EV00376,227,28277
1040,EV00777,76,101356
1040,EV01202,147,30872
1040,EV00780,174,219296
1042,EV01651,173,166750
1043,EV01779,108,67760
1044,EV01959,28,497310
1044,EV00661,101,105787
1044,EV01732,131,44596
1044,EV01131,132,34880
1044,EV00714,161,310199
1044,EV00223,238,10200828
1044,EV00068,290,7754133
1045,EV00628,186,51075
1046,EV00930,104,1330886
1046,EV01310,116,44101
1046,EV01289,120,41727
1046,EV01373,132,96438
1046,EV00655,149,164493
1046,EV01732,154,46388
1046,EV01292,177,1348387
1046,EV00942,240,1239612
1046,EV00267,278,15701642
1047,EV00889,141,966876
1047,EV00242,252,38070505
1048,EV00584,84,107830
1048,EV00690,101,54554
1048,EV00767,150,21407
1048,EV00047,239,85550811
1049,EV00411,115,475792
1049,EV00621,121,126069
1049,EV00851,181,38100
1049,EV01360,188,976438
1050,EV00325,121,409422
1050,EV01469,142,1049803
1050,EV00833,155,276630
1050,EV01341,164,128054
1050,EV01044,180,81021
1050,EV01623,180,245317
1050,EV00093,307,991050
1051,EV00444,135,80096
1052,EV01175,162,21276
1052,EV01140,163,25696
1052,EV00013,196,9549954
1052,EV00168,221,1460098
1052,EV00258,251,14894570
1053,EV00626,107,193518
1053,EV00384,120,353541
1053,EV00481,145,179654
1054,EV00326,111,107450
1054,EV00748,141,100462
1054,EV01033,171,413880
1054,EV00233,235,26585725
1055,EV00998,95,109652
1055,EV01179,96,182714
1055,EV01689,101,193270
1055,EV00642,114,578612
1055,EV00334,149,85141
1055,EV01404,159,156750
1055,EV00277,253,9347392
1056,EV01226,101,114262
1057,EV01325,105,2789972
1057,EV00708,148,2918388
1058,EV01136,146,1129488
1058,EV00583,168,52763
1058,EV00848,240,16059
1058,EV00140,266,1802742
1059,EV00595,128,140487
1059,EV00205,276,108616368
1059,EV00124,316,38324452
1060,EV01644,106,488984
1060,EV00955,120,9021162
1060,EV00757,153,472095
1060,EV01594,207,757046
1061,EV00955,149,2704039
1061,EV01741,157,700982
1062,EV01717,185,76517
1063,EV00503,126,73122
1063,EV01023,141,206940
1063,EV01444,155,243851
1063,EV01251,166,163930
1063,EV00548,175,30523
1064,EV01634,117,555774
1064,EV00887,152,102701
1064,EV00683,178,75388
1064,EV01289,181,44388
1065,EV01288,113,175694
1065,EV01297,118,13267
1065,EV01668,130,540506
1065,EV01808,135,39484
1065,EV01789,164,63719
1066,EV01353,112,105387
1066,EV01618,159,11192
1066,EV00703,176,60038
1067,EV01578,113,75116
1068,EV00720,82,135155
1069,EV00571,178,976536
1070,EV01138,78,206332
1070,EV00440,99,1139088
1070,EV00613,137,47045
1070,EV01067,148,94066
1070,EV00052,202,50334502
1070,EV00509,207,107241
1070,EV01371,233,378094
1071,EV01557,120,33127
1071,EV01162,150,134332
1071,EV00565,156,42162
1071,EV00303,227,1979800
1072,EV01168,103,43754
1072,EV00767,106,32866
1072,EV01166,144,74410
1072,EV01202,154,40513
1072,EV00620,166,1517156
1072,EV01761,225,469640
1073,EV00744,128,653357
1073,EV00191,258,600992
1074,EV01086,109,78021
1074,EV01285,173,218854
1074,EV00026,213,1617358
1075,EV00535,121,22743
1075,EV01431,124,1212238
1075,EV00472,182,10827
1075,EV00222,256,2444067
1076,EV00363,94,56368
1076,EV01202,106,38071
1076,EV01703,192,43677
1076,EV01580,212,43161
1077,EV00401,136,1100382
1077,EV00615,137,384400
1077,EV01277,165,89809
1077,EV00166,239,4138722
1078,EV00496,99,64908
1078,EV01793,139,13375
1078,EV00165,278,27708630
1079,EV01613,110,5751
1079,EV01269,117,99819
1079,EV01018,128,811795
1079,EV00714,185,105729
1079,EV01075,197,42017
1079,EV00216,210,1311316
1079,EV00198,266,51070452
1081,EV00690,157,93415
1081,EV00203,222,2777328
1082,EV01532,93,3066150
1082,EV00703,168,35359
1082,EV00282,235,8523396
1083,EV00896,130,206935
1083,EV01804,140,101412
1083,EV00164,254,4593522
1084,EV00406,130,230273
1084,EV01537,161,249704
1084,EV01073,179,90329
1084,EV01036,181,5977412
1084,EV00184,254,5419722
1085,EV00687,90,149738
1085,EV01551,94,39166
1085,EV00735,130,320982
1085,EV01552,134,34648
1086,EV00605,103,226402
1087,EV01060,107,43866
1087,EV00312,207,6297827
1087,EV00180,275,2894288
1088,EV00457,112,147280
1088,EV00792,120,82817
1088,EV00131,288,27723710
1089,EV01012,153,490224
1089,EV01507,164,591533
1090,EV01806,82,110556
1090,EV00508,217,987516
1090,EV00278,296,22165840
1091,EV00751,91,22523
1091,EV00894,106,1650482
1091,EV01769,131,148166
1091,EV01625,160,921619
1091,EV01071,189,1330275
1091,EV01388,191,156383
1091,EV00131,201,48428666
1091,EV00140,217,596701
1091,EV01937,364,1225939
1092,EV01428,137,86091
1092,EV01719,160,816945
1092,EV00301,220,6424127
1093,EV00968,113,129355
1093,EV00839,137,129011
1093,EV00711,156,372458
1093,EV01558,158,274457
1093,EV01428,196,97909
1093,EV00846,200,606498
1094,EV01875,43,2558875
1094,EV01734,133,470281
1094,EV00306,225,67054452
1096,EV00571,69,1046756
1096,EV01006,84,125605
1096,EV00373,108,11550
1096,EV01333,120,70106
1096,EV00496,128,66555
1096,EV01059,133,54447
1096,EV01274,190,37171
1097,EV01357,103,379267
1097,EV01485,120,24113
1097,EV01346,127,26664
1097,EV00472,154,33914
1097,EV00216,228,361382
1097,EV00206,254,3132949
1098,EV00828,111,1592481
1098,EV01351,121,34369
1098,EV00198,244,2978181
1099,EV01846,20,1259321
1099,EV01905,59,365035
1099,EV01486,127,800841
1099,EV00784,142,344181
1099,EV01671,154,156253
1099,EV00511,198,240496
1099,EV01990,340,634233
1100,EV00687,95,130638
1101,EV01784,76,58495
1101,EV01537,109,308465
1101,EV01760,114,25346
1101,EV00841,122,57630
1101,EV00489,140,296714
1101,EV00484,150,3628656
1101,EV00841,169,62627
1101,EV00282,294,15049237
1102,EV01780,105,65197
1102,EV00548,116,110958
1102,EV00910,201,535722
1102,EV00259,255,17838458
1103,EV01021,86,650689
1103,EV01144,132,517687
1103,EV01735,140,10958
1103,EV00841,175,217028
1104,EV01633,109,86902
1104,EV00773,123,130958
1104,EV00574,138,414682
1104,EV00560,143,210551
1104,EV01103,175,59842
1104,EV00079,242,1691808
1105,EV00498,151,166833
1105,EV00760,161,80899
1106,EV01643,79,1873899
1106,EV01498,142,191662
1106,EV01346,155,41182
1106,EV01076,156,29260
1106,EV00717,191,42271
1106,EV00213,241,33284261
1107,EV00772,130,49430
1107,EV01721,141,115222
1108,EV00444,141,85434
1108,EV00421,149,1018140
1108,EV01540,175,966390
1108,EV00306,250,56414524
1109,EV00596,148,388083
1109,EV00720,150,58138
1109,EV00541,159,117122
1109,EV01591,213,206084
1110,EV01111,125,213104
1110,EV00586,157,260798
1110,EV00492,189,442439
1110,EV00142,285,13878650
1111,EV01537,91,252622
1111,EV01190,101,289423
1111,EV01408,134,20668
1111,EV00789,142,185393
1111,EV01631,181,626258
1112,EV01400,90,96939
1112,EV00328,118,563400
1112,EV00432,148,360815
1113,EV01959,45,592046
1113,EV01633,115,104993
1113,EV01488,134,155199
1113,EV00720,157,74367
1113,EV00235,284,31991542
1114,EV00901,87,1329702
1114,EV01404,160,481706
1114,EV00079,200,1351074
1115,EV00372,73,679352
1115,EV00928,92,70397
1115,EV01618,97,25935
1115,EV00792,114,58527
1115,EV00869,132,841595
1115,EV01778,138,98552
1115,EV01182,162,1132089
1115,EV01067,171,80395
1115,EV00763,211,59351
1115,EV00288,232,727911
1115,EV01875,330,3499171
1116,EV01632,95,2180136
1116,EV01663,112,82462
1116,EV00548,140,241775
1116,EV00709,173,69228
1117,EV00836,105,1125038
1117,EV01649,105,167165
1117,EV00574,114,580227
1117,EV01044,147,129429
1117,EV01154,153,1078718
1118,EV01764,140,779129
1118,EV01067,154,71098
1118,EV01354,163,2187562
1118,EV01220,196,3280036
1118,EV01005,198,350669
1118,EV00238,256,25326783
1119,EV00841,106,140893
1119,EV01276,137,234778
1119,EV01697,158,2016456
1119,EV01034,166,1126845
1119,EV00154,224,86623681
1119,EV00259,234,28011049
1119,EV00051,249,5999483
1120,EV01381,84,417381
1120,EV01677,153,976944
1120,EV01679,189,396502
1121,EV00545,73,885647
1121,EV01357,134,240681
1121,EV01672,137,107938
1121,EV00914,168,137351
1121,EV00192,251,28198909
1122,EV01703,122,27902
1122,EV01373,177,316420
1123,EV01886,31,444884
1123,EV01510,118,2848721
1123,EV00390,138,1396752
1123,EV01068,144,439654
1123,EV00614,170,542638
1123,EV01105,191,263804
1123,EV01076,197,173259
1124,EV01349,135,110052
1124,EV00462,179,5456944
1124,EV00297,245,30433522
1125,EV01314,135,495895
1126,EV01254,84,988753
1127,EV01345,137,125238
1127,EV01747,138,85960
1127,EV01282,210,2978311
1127,EV00032,228,27286424
1127,EV00171,236,7189950
1127,EV00281,253,4878992
1128,EV00651,83,263086
1128,EV00432,126,958002
1128,EV01072,128,552222
1128,EV00013,237,6038433
1129,EV00836,159,396998
1130,EV01127,119,37814
1131,EV00412,126,165542
1131,EV01304,126,114249
1131,EV01332,164,360827
1131,EV01484,169,224385
1132,EV01111,146,129345
1132,EV01150,189,968855
1133,EV00594,103,31718
1133,EV01261,176,61688
1134,EV00856,78,1663086
1134,EV00851,122,18781
1134,EV01526,149,131016
1134,EV01568,180,1783385
1135,EV01801,176,83316
1136,EV01581,153,65118
1137,EV01306,60,60676
1137,EV01662,73,269052
1137,EV01235,137,61962
1137,EV01316,159,236163
1138,EV01694,90,38670
1138,EV01760,136,21831
1138,EV01199,138,651947
1138,EV00361,148,110237
1139,EV00334,142,98809
1139,EV00565,169,33439
1139,EV01122,240,1379712
1139,EV00225,243,2695801
1140,EV00204,255,17215949
1141,EV00288,197,1082823
1141,EV01378,225,195713
1141,EV00277,239,7307879
1141,EV00186,284,40713468
1142,EV00358,146,136525
1142,EV00376,161,79674
1142,EV01010,163,521228
1142,EV00390,177,1752750
1142,EV00065,208,24346842
1143,EV00765,119,916543
1143,EV01609,129,44393
1143,EV01802,158,498210
1143,EV01631,161,254550
1144,EV00337,84,291049
1144,EV00960,93,214247
1144,EV01277,110,87534
1144,EV01742,140,229348
1144,EV00879,200,150433
1144,EV00093,232,2993449
1145,EV00703,116,106241
1145,EV01321,116,216009
1145,EV00078,274,6092596
1145,EV01837,343,862074
1146,EV01990,52,323316
1146,EV01249,105,1276620
1147,EV00857,190,1067404
1148,EV01525,108,74685
1148,EV01199,132,1501347
1148,EV00983,135,209371
1148,EV00972,156,2504572
1148,EV00207,218,16488293
1148,EV00364,223,358281
1149,EV01957,2,2354820
1149,EV01202,60,72495
1149,EV00532,80,636417
1149,EV00802,85,1324887
1149,EV00600,105,54970
1149,EV01208,213,54353
1150,EV00772,123,162078
1150,EV00499,130,30016
1150,EV00605,130,104326
1150,EV01672,136,173871
1150,EV01594,164,297210
1150,EV01742,165,1284086
1150,EV00262,307,18329574
1151,EV00413,155,120097
1151,EV00118,181,11155917
1152,EV00348,72,573171
1152,EV00683,120,113176
1152,EV01131,140,21561
1152,EV01467,157,2185974
1153,EV00390,102,566146
1153,EV00711,149,272644
1153,EV00498,218,247447
1153,EV00039,257,1298779
1154,EV00864,103,15828
1154,EV01772,128,22784
1154,EV01050,156,133457
1154,EV01257,181,3490981
1155,EV00350,136,55359
1155,EV01691,138,1150596
1155,EV00509,167,84029
1155,EV00545,180,354334
1156,EV01789,138,71225
1156,EV01140,148,57706
1156,EV01210,165,34554
1156,EV00140,285,1239890
1157,EV01324,109,1303233
1157,EV01304,190,100350
1158,EV01111,110,104528
1158,EV01804,126,141006
1158,EV00977,180,918382
1158,EV01017,207,231148
1158,EV00090,248,2345081
1159,EV01766,157,563569
1159,EV01597,180,206906
1159,EV00115,243,1091439
1160,EV01104,92,1033985
1160,EV01079,100,252176
1160,EV01763,150,36073
1160,EV01165,167,206793
1161,EV00502,121,1403668
1161,EV01489,173,537333
1161,EV01136,181,833387
1162,EV00749,78,442402
1162,EV01006,122,134809
1162,EV01058,151,20943
1162,EV00136,254,67290939
1163,EV00945,87,693480
1163,EV00440,122,3401206
1163,EV00413,133,230513
1163,EV00739,164,950787
1163,EV00559,171,27698
1163,EV00956,174,185012
1164,EV00448,166,753670
1164,EV00776,175,2404476
1165,EV00363,117,108386
1165,EV01263,148,280896
1166,EV00566,88,163483
1166,EV00399,139,256884
1166,EV01215,145,20917
1166,EV00863,165,86729
1167,EV00883,87,172406
1167,EV01006,93,111591
1167,EV00104,232,2594114
1168,EV01760,134,38937
1168,EV01142,174,62097
1168,EV00790,213,179961
1169,EV00896,85,149376
1169,EV00479,100,201066
1169,EV00435,156,602399
1169,EV00923,165,52631
1169,EV00444,209,94165
1170,EV01869,6,767464
1170,EV01172,122,72813
1170,EV01297,134,47927
1170,EV00779,140,252079
1170,EV01342,176,29321
1171,EV00636,110,165928
1171,EV01537,149,151517
1171,EV00288,182,385500
1172,EV01333,148,96334
1172,EV01511,170,338899
1173,EV01237,60,59047
1173,EV00743,101,92558
1173,EV01351,138,32981
1174,EV00729,183,82902
1174,EV00303,253,661558
1175,EV01693,152,79032
1175,EV01551,204,11287
1175,EV00269,231,3336449
1176,EV01718,129,1055227
1176,EV01636,177,221452
1176,EV00712,203,185934
1176,EV00355,213,74454
1176,EV00024,227,33745629
1178,EV00896,148,190978
1179,EV01528,156,180440
1179,EV00675,176,1306411
1179,EV00970,177,187559
1179,EV00808,226,119802
1179,EV00249,240,2605762
1180,EV01423,108,80819
1180,EV00522,165,522786
1180,EV00982,170,1988281
1180,EV01306,170,109888
1180,EV01552,174,243647
1180,EV01176,198,3506996
1181,EV00765,96,1278583
1181,EV00431,119,71360
1181,EV01744,123,57537
1181,EV00310,211,45790844
1181,EV01641,211,263644
1182,EV00534,119,432208
1182,EV01799,145,1085894
1182,EV01304,155,289650
1183,EV01981,9,5827625
1183,EV01514,192,1551350
1183,EV00039,225,2021952
1183,EV00277,249,3171790
1184,EV00843,109,124964
1184,EV01274,143,18068
1185,EV01238,61,404690
1185,EV00720,120,119383
1185,EV00819,133,29228
1185,EV01490,148,473687
1185,EV00622,154,378835
1185,EV00747,162,92598
1185,EV00246,274,10438658
1185,EV00170,293,6721776
1186,EV01462,67,2963735
1186,EV01778,103,60961
1186,EV01274,134,20103
1186,EV00164,231,17646411
1187,EV01721,160,155544
1187,EV00583,163,159894
1187,EV01653,173,29563
1188,EV00888,131,1876480
1188,EV01672,139,147856
1188,EV01389,143,45595
1188,EV00140,223,255677
1189,EV00753,126,130057
1189,EV01516,173,868575
1189,EV00098,251,64057010
1190,EV01618,191,28462
1190,EV00223,267,5948101
1190,EV00285,283,26467411
1191,EV00843,103,110676
1191,EV01230,201,105098
1192,EV01116,105,22356
1192,EV01121,113,504075
1192,EV00830,124,65812
1192,EV01244,133,298494
1192,EV00593,217,327859
1192,EV00286,263,36346618
1193,EV00607,107,76693
1193,EV01408,107,23093
1193,EV00321,121,133258
1193,EV00887,162,102145
1193,EV01472,167,719040
1193,EV00259,228,26214207
1194,EV01079,108,335926
1194,EV01019,138,334120
1195,EV00915,128,254673
1195,EV01770,129,377145
1195,EV00872,178,1191722
1195,EV00257,247,11260861
1195,EV00156,273,4820922
1196,EV00651,102,342087
1196,EV01052,110,81421
1196,EV00188,184,36012927
1196,EV00126,274,2230699
1197,EV00413,120,115780
1197,EV01215,125,49216
1197,EV01589,130,411034
1197,EV00697,137,722412
1197,EV01158,139,58083
1198,EV00941,100,26927
1198,EV01631,101,263166
1198,EV00136,260,38716555
1199,EV00358,100,128677
1199,EV00712,148,296466
1199,EV00998,157,98342
1199,EV00379,169,2196041
1199,EV00035,284,5462683
1200,EV01103,133,134980
1200,EV00889,155,1380356
1200,EV00499,188,87542
1200,EV00716,201,1584608
1201,EV01226,135,63238
1201,EV00385,139,42896
1201,EV01520,157,564365
1202,EV00361,93,213575
1202,EV01052,139,60170
1203,EV01122,142,1700692
1203,EV00184,292,16292309
1204,EV01103,130,225084
1204,EV01775,137,598127
1204,EV00486,189,98718
1204,EV00010,273,7914334
1205,EV01430,127,280434
1205,EV00225,269,2916797
1206,EV00777,60,59766
1206,EV00842,130,51584
1206,EV01815,196,163071
1207,EV01551,106,35014
1207,EV00763,142,148884
1208,EV00462,87,1268109
1208,EV00717,119,37059
1208,EV00862,121,179285
1208,EV01527,149,4822809
1208,EV01633,198,112215
1209,EV00793,107,172629
1209,EV00941,113,33581
1209,EV01744,120,13780
1209,EV00712,181,87925
1209,EV01275,203,1042478
1210,EV01247,118,35994
1210,EV00490,119,691196
1210,EV01427,168,106368
1211,EV01997,9,3108648
1211,EV00566,141,240609
1211,EV01533,160,239836
1212,EV00810,139,235335
1212,EV00615,143,550474
1212,EV01760,143,16826
1212,EV01608,158,89893
1212,EV00281,302,4097399
1213,EV01524,132,317560
1213,EV01808,150,229046
1213,EV00068,248,4083655
1214,EV01875,49,452918
1214,EV01693,146,68425
1214,EV01003,192,4408194
1215,EV01052,102,54504
1215,EV01108,124,135752
1215,EV00677,146,280199
1215,EV00362,150,742690
1215,EV00233,209,19701482
1215,EV00021,227,742189
1216,EV00837,106,49591
1216,EV01414,140,17162
1216,EV00253,238,2700667
1217,EV00385,60,40794
1217,EV01304,101,104818
1217,EV01777,128,103022
1217,EV00571,138,535815
1217,EV01366,138,462441
1217,EV00757,144,294881
1217,EV00821,158,58354
1217,EV01285,171,132446
1217,EV00045,252,8070421
1218,EV00383,106,60059
1218,EV01708,150,1170682
1218,EV01613,155,26274
1218,EV00222,254,2725787
1218,EV00030,268,3837520
1219,EV00390,120,2186766
1219,EV01118,142,236518
1219,EV00414,185,55729
1219,EV00222,255,1576869
1220,EV01933,19,678489
1220,EV01079,189,214482
1220,EV01693,220,39103
1220,EV00087,221,38884228
1221,EV00489,158,228052
1221,EV01701,179,101701
1221,EV00722,190,240110
1221,EV00076,248,6277752
1222,EV00510,86,572208
1222,EV00833,100,212693
1222,EV00225,237,1126450
1223,EV00383,145,27578
1223,EV01435,147,56613
1223,EV01165,158,101314
1223,EV01739,158,116301
1223,EV00397,161,691318
1223,EV00731,169,1359286
1223,EV00288,255,1229511
1224,EV01842,20,391451
1224,EV01649,129,459589
1225,EV01976,33,1866245
1225,EV01237,90,71866
1225,EV01295,98,560596
1225,EV00896,131,107575
1225,EV00216,297,794558
1226,EV00681,112,202876
1226,EV00259,242,17183749
1228,EV01414,189,19691
1229,EV00827,149,1580782
1229,EV01783,165,209076
1230,EV01817,122,154574
1230,EV01321,135,141192
1230,EV01322,192,52129
1231,EV01204,172,38070
1231,EV00291,258,4092012
1232,EV00793,102,141812
1232,EV00592,113,460217
1232,EV00339,134,316024
1232,EV01504,139,2410840
1232,EV00436,193,94172
1234,EV00512,87,851267
1235,EV01295,109,927059
1235,EV01379,158,71670
1235,EV00151,303,21281770
1236,EV00983,131,276263
1236,EV00560,169,734166
1237,EV01332,70,706299
1237,EV00479,129,51608
1237,EV01105,154,104016
1237,EV01752,155,73935
1238,EV01179,121,499432
1238,EV01262,132,83956
1238,EV00783,152,79153
1239,EV01933,33,336815
1239,EV00289,257,4217164
1239,EV00202,277,1796306
1240,EV00559,159,39250
1240,EV01345,209,174830
1241,EV00512,154,297897
1241,EV00037,269,6422063
1241,EV00050,286,22712392
1242,EV01143,97,267660
1242,EV01727,121,36908
1242,EV01715,147,206963
1242,EV00973,168,85017
1242,EV00861,179,26341
1243,EV00711,87,136160
1243,EV00728,122,2446773
1244,EV01381,93,584520
1244,EV01050,99,98100
1244,EV00372,125,133495
1244,EV01329,158,14028
1246,EV00380,136,200976
1246,EV00734,136,36719
1246,EV00560,143,262933
1247,EV01461,93,1237800
1247,EV01594,114,123124
1247,EV00478,157,10907
1247,EV00206,236,2713717
1248,EV01023,70,159529
1248,EV00768,186,538846
1249,EV01785,141,5842378
1249,EV01318,157,82188
1249,EV00838,189,877110
1249,EV00090,323,1282041
1250,EV01180,137,202346
1250,EV01465,167,309830
1250,EV01465,198,156037
1250,EV00039,220,1809836
1251,EV00878,83,624813
1252,EV00737,135,731982
1252,EV01285,195,368334
1253,EV00435,149,404160
1254,EV00824,79,849198
1254,EV01558,115,299390
1255,EV00677,65,595347
1255,EV01720,102,358248
1255,EV01404,138,106684
1255,EV00147,233,101431321
1256,EV01732,71,87227
1256,EV01768,98,587182
1256,EV01498,149,94401
1257,EV00788,135,100454
1257,EV00476,174,247479
1257,EV01134,180,225025
1257,EV01766,196,443517
1257,EV00225,269,2624338
1258,EV00405,138,199698
1258,EV01273,181,147440
1259,EV01833,39,10040848
1259,EV00540,125,95621
1259,EV01793,126,24641
1259,EV01750,133,10061154
1259,EV00250,232,1210621
1260,EV01278,70,2605333
1260,EV01403,72,349417
1260,EV01079,108,124436
1260,EV01431,152,1302251
1260,EV00682,160,55295
1262,EV01965,10,2224257
1262,EV01476,60,27050
1262,EV00339,75,263401
1262,EV01202,75,71430
1262,EV01547,240,420309
1263,EV00555,150,338132
1263,EV01496,188,927676
1263,EV00898,190,104031
1264,EV01398,115,345106
1264,EV00880,155,3974612
1264,EV01689,173,248800
1264,EV01449,199,382413
1264,EV00140,218,1228365
1265,EV00783,106,100777
1265,EV00432,111,896243
1265,EV01548,182,29860
1266,EV00153,211,38539665
1266,EV00250,244,880006
1266,EV00086,301,17339121
1267,EV00648,60,98617
1267,EV00579,125,291391
1267,EV00751,164,17570
1267,EV00843,195,103692
1267,EV01526,211,104936
1268,EV01216,66,562453
1268,EV01111,98,52432
1268,EV01259,149,219105
1268,EV00419,160,101280
1269,EV00313,231,11402945
1270,EV00370,80,555165
1270,EV01629,130,270644
1270,EV00747,142,89929
1270,EV01497,153,348753
1270,EV00943,155,1108712
1271,EV00805,88,322044
1271,EV01769,123,193733
1271,EV00729,147,133721
1271,EV01775,155,546429
1272,EV00599,102,1269057
1272,EV01240,152,753699
1272,EV00315,280,4550014
1273,EV01103,98,181253
1273,EV01650,146,259724
1273,EV00045,233,20105595
1274,EV01219,130,417270
1274,EV00837,133,44889
1274,EV01326,159,382210
1275,EV01962,64,1357017
1275,EV01778,174,41024
1275,EV00249,231,615451
1276,EV00864,116,120865
1276,EV01246,162,273340
1276,EV01220,180,1003003
1276,EV01505,190,308674
1276,EV00112,265,2369249
1277,EV00592,73,138241
1277,EV01026,101,415811
1277,EV01794,129,109709
1277,EV00764,135,760544
1277,EV00884,142,368784
1277,EV00950,144,958311
1278,EV01589,109,725553
1278,EV01701,117,37062
1278,EV00416,145,1382173
1278,EV01509,162,63826
1278,EV00936,176,227118
1279,EV01655,105,1712158
1279,EV01448,183,251891
1279,EV00029,254,55567921
1280,EV00840,72,162018
1280,EV01809,140,416718
1280,EV00658,147,1650657
1280,EV00522,200,607429
1280,EV00271,257,2296625
1281,EV00614,88,985148
1281,EV00775,96,790788
1281,EV00809,160,261009
1281,EV01524,165,285097
1281,EV01746,177,1246423
1281,EV00309,232,5361303
1282,EV01120,126,282949
1282,EV01514,145,315964
1282,EV01211,155,125139
1283,EV01074,106,424730
1283,EV00964,121,202007
1283,EV00714,164,328411
1283,EV01094,210,103721
1283,EV00820,216,2934792
1284,EV00470,147,35960
1284,EV00816,177,102761
1284,EV00911,190,28637
1285,EV01292,116,620259
1285,EV01239,133,810169
1285,EV01070,161,133714
1286,EV01264,97,1766070
1286,EV00475,109,1512348
1286,EV01414,111,46669
1286,EV00887,157,75521
1286,EV00060,230,1358432
1287,EV01255,108,517242
1287,EV01485,141,44829
1287,EV01742,143,384093
1287,EV01519,163,238311
1287,EV00140,236,711561
1288,EV00433,142,3024918
1288,EV00727,149,294985
1288,EV01778,163,218659
1288,EV01063,175,330851
1288,EV00733,207,570739
1288,EV00644,213,1477581
1288,EV00026,254,3761840
1289,EV00540,105,21048
1289,EV01532,160,376452
1289,EV00502,180,1534106
1289,EV01760,191,33884
1290,EV00595,69,74004
1290,EV01633,76,85919
1290,EV00747,123,111455
1290,EV00727,202,551352
1290,EV00137,259,2221318
1291,EV00767,97,42506
1291,EV00416,129,640049
1291,EV00111,176,467081
1291,EV00651,195,474429
1291,EV00084,224,14890096
1292,EV01470,142,68804
1292,EV01473,145,68637
1292,EV01304,182,96925
1293,EV00936,115,409435
1293,EV00843,116,92437
1293,EV00326,171,88154
1294,EV00574,144,284234
1294,EV00579,144,553836
1294,EV01698,169,343453
1295,EV01775,101,568556
1295,EV00873,111,777842
1295,EV01471,165,146121
1296,EV01238,120,120954
1296,EV01468,174,11006
1296,EV00895,179,257097
1296,EV00641,191,696940
1296,EV00175,252,3879806
1297,EV01824,17,545546
1297,EV01823,59,1201692
1297,EV01930,60,197119
1297,EV01634,100,225991
1297,EV01242,143,128710
1297,EV01435,187,33103
1297,EV01566,209,170051
1298,EV01124,111,1134080
1298,EV00816,114,53080
1298,EV01134,130,53796
1298,EV00858,149,124070
1298,EV00614,151,331763
1298,EV00953,153,28272
1298,EV01568,174,527496
1298,EV01488,176,110132
1298,EV00060,241,490536
1299,EV00958,89,2045890
1299,EV01396,121,411439
1299,EV01614,126,1341434
1299,EV01562,150,3661133
1299,EV01231,180,65296
1299,EV01633,183,175826
1299,EV01591,205,368276
1299,EV00140,254,1083169
1299,EV00076,260,6075929
1299,EV00148,286,46803649
1300,EV01385,91,58428
1300,EV01276,146,75049
1300,EV00978,150,923646
1300,EV00635,181,1403209
1300,EV00041,209,31999610
1300,EV00003,282,3298961
1300,EV00295,302,22132628
1301,EV00966,112,1450217
1301,EV00566,121,146868
1301,EV00783,139,41018
1301,EV01538,140,1345615
1301,EV01749,155,68051
1302,EV01235,113,200793
1302,EV00699,116,145456
1302,EV01695,116,1903554
1303,EV00440,163,2851327
1303,EV01150,197,1214014
1304,EV00889,113,1573052
1304,EV01351,131,26830
1304,EV01237,135,46529
1304,EV00655,144,112961
1304,EV00887,182,215990
1305,EV00885,116,951943
1305,EV01084,126,464881
1305,EV01025,127,8697015
1305,EV00849,159,3742566
1305,EV01292,159,718745
1305,EV01633,177,49386
1305,EV01445,178,3609678
1305,EV00731,189,1804903
1306,EV01632,108,889186
1306,EV00918,125,2382201
1306,EV00358,128,172833
1306,EV00773,177,450685
1306,EV00246,261,6438871
1307,EV01345,132,123853
1307,EV01465,135,140027
1308,EV01179,123,364288
1308,EV00457,130,15408
1308,EV00402,151,1691950
1308,EV00397,165,293119
1308,EV01471,174,215840
1308,EV00294,270,11256406
1309,EV00424,97,1364491
1310,EV01997,52,863216
1310,EV00814,131,1085459
1310,EV00045,232,6570606
1311,EV01988,16,4485944
1311,EV01835,45,941312
1312,EV00709,118,42194
1312,EV00780,121,144834
1312,EV00353,153,176417
1312,EV00690,166,73736
1312,EV00096,237,314261
1313,EV01513,60,1077916
1313,EV00486,82,167758
1313,EV00760,144,241698
1313,EV00246,242,16301248
1314,EV01310,113,32554
1314,EV01508,117,1173321
1315,EV01954,42,4675818
1315,EV01616,88,23261
1316,EV01954,18,1268121
1316,EV01658,132,3997627
1316,EV01793,135,41258
1316,EV01626,139,11364
1316,EV00809,143,144029
1316,EV01591,158,31955
1316,EV00847,179,29313
1316,EV00039,300,1227336
1317,EV01204,90,56175
1317,EV01273,127,61097
1317,EV00711,132,617005
1317,EV01039,132,59498
1317,EV00571,161,668597
1317,EV00039,247,1649783
1317,EV00166,272,3388365
1318,EV01320,103,211522
1318,EV01318,109,190962
1318,EV00818,141,209935
1318,EV00793,157,80152
1318,EV00303,279,1435703
1319,EV01105,116,158397
1319,EV01760,119,26024
1319,EV01647,166,730311
1320,EV01842,51,278745
1320,EV00383,107,39772
1320,EV01513,119,2760721
1320,EV01528,139,362526
1320,EV01672,141,28173
1320,EV00114,234,150535738
1321,EV01814,95,111132
1321,EV01221,97,34162
1322,EV01930,28,282111
1322,EV01627,106,74763
1322,EV00970,170,235280
1322,EV00726,183,1313459
1322,EV00115,279,1220425
1323,EV00882,82,174661
1323,EV01206,118,2049959
1323,EV00374,119,1190462
1323,EV01798,153,140300
1323,EV00082,230,912966
1323,EV00096,254,468361
1324,EV01768,60,66949
1324,EV00770,105,1689149
1325,EV01836,92,166529
1325,EV00402,129,837670
1325,EV00717,171,64274
1326,EV00861,99,29996
1326,EV00348,132,913471
1326,EV00560,138,185383
1326,EV01421,149,26384
1327,EV01608,141,48603
1327,EV00198,217,48131902
1328,EV01225,96,2618827
1328,EV01655,116,1235415
1328,EV01260,167,845266
1328,EV01403,205,609772
1328,EV00017,255,1542627
1328,EV00244,255,70156549
1329,EV00428,126,496505
1330,EV00623,159,250449
1330,EV01766,167,234459
1331,EV01414,60,10311
1331,EV00866,146,279910
1331,EV01236,166,965750
1331,EV00068,224,9500786
1332,EV01780,188,24424
1332,EV00078,235,16578860
1333,EV00722,120,70794
1333,EV01115,125,583769
1333,EV01425,235,191851
1335,EV01998,23,526159
1335,EV00809,184,138079
1335,EV00104,235,6373374
1335,EV00271,255,1058258
1336,EV00423,99,412087
1336,EV01500,121,149370
1336,EV01669,126,439830
1336,EV00717,130,25292
1336,EV01313,183,706484
1337,EV01276,129,125638
1337,EV00820,161,3306588
1337,EV01187,172,255303
1337,EV00191,231,1675687
1338,EV01985,75,318797
1338,EV01810,81,24120
1338,EV00767,90,19542
1338,EV00672,116,143774
1338,EV00547,121,64640
1338,EV01076,121,65310
1338,EV01527,180,1738975
1339,EV01228,97,43391
1339,EV01091,115,45025
1339,EV00895,120,207690
1339,EV00036,234,45248147
1340,EV01744,78,58283
1340,EV00447,168,407868
1341,EV01897,3,6510516
1341,EV01531,117,36482
1341,EV01464,144,42348
1341,EV00306,255,30236694
1342,EV01261,155,28975
1342,EV00600,185,68031
1342,EV01496,185,2695907
1343,EV01289,119,14052
1343,EV01761,130,1453225
1344,EV00325,97,612413
1344,EV00566,129,198350
1344,EV00372,136,311373
1344,EV00372,182,527000
1344,EV00107,261,72354492
1345,EV01111,91,60999
1345,EV00173,256,42754963
1345,EV00126,286,2552296
1346,EV01241,109,856506
1346,EV01703,152,162014
1346,EV00116,258,4783458
1347,EV00399,170,230732
1348,EV00960,108,311117
1348,EV01519,153,275938
1348,EV00751,172,30586
1349,EV00367,115,5442905
1349,EV01520,124,926024
1349,EV01080,129,622364
1349,EV00446,137,59547
1349,EV00781,139,537263
1349,EV01054,156,347643
1349,EV00729,164,136459
1349,EV01652,164,1199932
1349,EV00837,174,92946
1349,EV00011,227,40002080
1351,EV01836,35,439269
1351,EV00837,111,45835
1351,EV01806,170,132377
1351,EV00742,198,505224
1352,EV01770,60,438010
1353,EV00651,182,92198
1354,EV01434,122,86821
1354,EV01424,123,672471
1354,EV00412,140,456033
1354,EV00328,179,328782
1354,EV00253,251,3062094
1355,EV01180,81,142832
1355,EV00881,154,985646
1355,EV01815,191,241201
1355,EV00140,229,576076
1356,EV01917,64,7013968
1356,EV01755,125,1142259
1356,EV01675,141,16275
1356,EV01195,161,2729024
1356,EV00112,236,1213139
1357,EV01332,90,790408
1357,EV01327,110,125912
1357,EV01036,119,2188963
1357,EV00594,205,57344
1358,EV00805,75,222828
1358,EV01766,120,149103
1358,EV01482,139,632861
1358,EV01163,165,1393960
1359,EV00895,93,341309
1359,EV00491,106,352825
1359,EV00346,204,432680
1360,EV01874,7,445579
1360,EV01783,125,169461
1360,EV00799,131,47596
1361,EV01623,95,68365
1361,EV00503,119,126321
1361,EV00896,133,70639
1361,EV01586,167,484574
1361,EV01229,171,1565678
1361,EV00404,222,192868
1362,EV01277,160,97925
1362,EV00118,222,9353341
1363,EV01581,95,108107
1363,EV01122,97,1526815
1363,EV01755,191,1010934
1363,EV00173,231,25624848
1363,EV00275,265,6611119
1364,EV01641,140,40954
1364,EV01339,145,674281
1364,EV00030,207,12306095
1364,EV00126,246,3383308
1365,EV00842,146,83738
1365,EV00825,173,429259
1365,EV01558,180,309760
1365,EV00911,185,69603
1366,EV01653,100,98410
1366,EV00334,107,145296
1366,EV01236,157,654727
1366,EV01249,158,536596
1366,EV00003,271,4122006
1367,EV01347,122,334984
1367,EV00754,133,330891
1367,EV00889,152,1235200
1367,EV01180,154,210112
1367,EV00400,164,922347
1367,EV00453,184,892472
1367,EV00210,245,10509991
1367,EV00157,256,23712702
1367,EV00221,286,31563423
1368,EV00742,138,412098
1368,EV00934,152,442853
1368,EV01578,164,26299
1369,EV00358,124,162944
1369,EV00424,136,617050
1369,EV00808,149,47178
1369,EV00565,168,89668
1369,EV00303,238,692294
1369,EV00207,269,14669811
1371,EV00736,119,193079
1371,EV01431,140,1491103
1371,EV01565,216,701778
1371,EV00319,220,33361979
1372,EV00886,118,1094588
1372,EV01761,143,1893619
1372,EV01204,149,74387
1372,EV01711,155,2659424
1372,EV00615,204,1077799
1372,EV01302,214,2250824
1372,EV00137,227,6413569
1373,EV01919,15,1125737
1373,EV00638,126,174938
1373,EV01615,130,165638
1373,EV00513,174,70052
1373,EV01634,184,240388
1374,EV00677,65,746431
1374,EV01793,115,16761
1374,EV00321,123,192636
1374,EV01414,137,28352
1374,EV00628,148,90194
1374,EV00878,176,1983266
1375,EV01767,96,3907897
1375,EV00751,122,18824
1375,EV01158,126,381475
1375,EV00107,248,21433870
1376,EV01381,100,443548
1376,EV00326,116,141640
1376,EV00557,152,302329
1376,EV00786,161,86205
1377,EV00451,102,113106
1377,EV01497,183,156808
1377,EV00637,190,307311
1377,EV00087,223,106721877
1378,EV01076,121,145362
1378,EV01961,339,2032375
1379,EV01935,10,1737584
1379,EV01815,142,191675
1379,EV01510,156,1847862
1379,EV01568,163,1517781
1379,EV00953,167,126919
1379,EV00899,171,120175
1379,EV01020,173,226763
1379,EV00184,226,6115296
1379,EV00288,229,1578132
1379,EV00267,243,50453437
1379,EV00250,255,1003983
1379,EV00106,277,8003342
1380,EV00767,139,11018
1381,EV01154,226,2738044
1382,EV01508,61,461886
1382,EV01504,119,2560900
1382,EV00947,128,56564
1382,EV01634,140,182804
1383,EV00699,116,93756
1383,EV00879,148,450439
1383,EV01516,181,3304882
1383,EV01035,216,2807618
1383,EV00317,217,1033288
1383,EV00066,218,203372322
1384,EV01043,82,678642
1384,EV00838,96,766773
1384,EV01693,116,57194
1384,EV00864,142,70540
1384,EV00805,153,167065
1384,EV01578,167,76291
1384,EV01080,168,1449732
1384,EV01760,180,27975
1384,EV01944,364,10321836
1385,EV01845,44,1614707
1385,EV01594,136,305254
1385,EV00964,174,332708
1385,EV00130,270,4418726
1386,EV01027,118,168999
1386,EV00595,125,156000
1386,EV00772,132,283887
1386,EV01801,145,126515
1386,EV01591,156,291121
1386,EV01024,178,1696361
1387,EV01088,78,103449
1387,EV01781,101,352803
1387,EV00498,167,144678
1388,EV01067,129,124589
1388,EV00941,145,52222
1388,EV01289,156,52432
1389,EV01775,103,215340
1389,EV01335,156,5465404
1389,EV01076,174,174275
1390,EV01414,145,56398
1390,EV01762,171,2391786
1390,EV00975,175,468591
1390,EV00264,180,451290
1390,EV00288,257,1476439
1391,EV00612,105,23583
1391,EV00461,122,347741
1391,EV01651,188,370560
1392,EV01067,163,96511
1392,EV01814,168,152139
1392,EV00191,179,1284898
1393,EV01560,102,289125
1393,EV01487,115,65767
1393,EV01313,132,4013623
1393,EV01646,148,40566
1393,EV00947,217,47463
1393,EV00188,218,18582270
1394,EV00423,109,272922
1394,EV01230,140,113266
1394,EV00953,160,61924
1394,EV00500,223,183986
1394,EV00202,250,3237445
1395,EV00492,209,714739
1396,EV00896,119,115357
1396,EV00626,154,46819
1396,EV01650,197,328990
1397,EV01793,122,11819
1397,EV00959,136,467614
1397,EV00520,169,1227478
1397,EV00106,239,5018591
1398,EV00366,100,1036401
1398,EV00820,128,1407634
1398,EV00412,132,264700
1398,EV01487,132,21875
1398,EV01641,137,251261
1398,EV01665,157,1017972
1399,EV01795,93,115473
1399,EV01213,106,602949
1399,EV00341,116,1955879
1399,EV00809,128,61427
1399,EV00812,128,733833
1399,EV01350,153,403750
1399,EV01413,192,132312
1400,EV00562,104,44200
1400,EV01378,124,362635
1400,EV01388,152,75146
1400,EV00005,296,46602204
1401,EV00955,73,4086090
1401,EV01345,126,33599
1401,EV00764,145,242327
1401,EV00877,187,740530
1401,EV00087,243,49917453
1401,EV00303,258,871124
1402,EV01118,78,541841
1402,EV01314,115,597409
1402,EV00940,143,327143
1402,EV00964,156,533267
1402,EV01951,358,659695
1403,EV01863,7,152660
1403,EV01423,128,52016
1403,EV01380,151,106785
1404,EV00607,130,70266
1404,EV00864,139,133316
1404,EV00306,255,55621579
1405,EV00357,128,87944
1405,EV00805,162,108481
1405,EV00908,202,206795
1406,EV01813,65,1492637
1406,EV00745,91,81666
1406,EV00546,116,74021
1406,EV01795,146,230856
1406,EV00998,150,456800
1406,EV00731,178,273794
1407,EV01710,109,480155
1407,EV01330,123,53510
1407,EV01423,152,84342
1407,EV00882,186,420345
1407,EV00915,199,126486
1407,EV00879,205,351959
1407,EV00037,234,2035776
1408,EV00662,79,188676
1408,EV00863,103,155325
1408,EV00429,207,257611
1408,EV00026,251,1472315
1409,EV00594,142,23874
1409,EV01413,169,135378
1409,EV00516,177,493662
1409,EV00149,235,2443194
1409,EV00078,249,16115439
1409,EV00096,287,428992
1410,EV01571,103,551688
1410,EV01675,161,23669
1411,EV00691,126,336813
1411,EV01616,135,11442
1411,EV00372,154,296397
1411,EV00358,172,222127
1411,EV00264,277,3535672
1412,EV01498,152,86294
1412,EV01046,209,73936
1412,EV00081,219,2216173
1413,EV00848,78,5368
1413,EV00288,210,944912
1414,EV01668,94,890504
1414,EV00037,227,6120110
1415,EV00549,112,169696
1415,EV00689,141,1705700
1416,EV00543,118,115884
1416,EV00339,144,318406
1416,EV00520,157,942517
1416,EV00760,188,208804
1417,EV01471,141,177346
1417,EV00703,159,142193
1417,EV01742,203,396367
1417,EV00211,222,14974159
1418,EV01334,101,326870
1418,EV00939,108,1488601
1418,EV00375,134,108762
1418,EV00451,147,378606
1418,EV01094,147,133083
1418,EV01136,177,2279810
1418,EV01111,240,60988
1419,EV01118,113,742684
1419,EV01339,119,496192
1419,EV01615,126,519647
1419,EV00548,168,67179
1419,EV00184,236,5179613
1419,EV00001,258,2645828
1419,EV00231,263,6245950
1420,EV00438,143,156273
1420,EV00946,155,137151
1420,EV00443,158,222869
1420,EV00065,280,7597991
1421,EV01729,60,887057
1421,EV01869,83,1053205
1421,EV00803,131,302122
1421,EV00391,145,99831
1422,EV00355,60,224676
1422,EV01651,129,284793
1423,EV00544,94,178605
1423,EV01073,108,487358
1423,EV01721,108,276976
1423,EV00863,171,282005
1423,EV00606,180,188910
1424,EV01313,123,2627777
1424,EV01766,126,386835
1424,EV00168,264,2376291
1425,EV01570,67,134205
1425,EV01752,134,25750
1425,EV00443,171,147764
1425,EV00175,211,5952042
1425,EV00159,264,11929987
1426,EV00843,101,235178
1426,EV00808,110,125553
1426,EV00890,127,44763
1426,EV00046,265,1151418
1427,EV01760,141,44573
1427,EV01264,156,1684559
1428,EV00463,112,56016
1428,EV00519,122,42272
1428,EV01008,123,3630692
1428,EV00404,125,217841
1428,EV00324,148,908937
1428,EV00057,224,17090374
1429,EV00715,87,208958
1429,EV01089,126,284327
1429,EV00566,128,168798
1429,EV01027,148,611056
1429,EV00112,246,2198868
1430,EV01509,126,38005
1430,EV01579,139,1772110
1430,EV01017,151,1186435
1430,EV01570,152,43962
1430,EV00837,155,55300
1430,EV00206,299,1629321
1431,EV00375,96,65896
1431,EV01512,117,2108186
1431,EV00385,139,38188
1431,EV01533,142,60684
1432,EV00626,120,75987
1432,EV01289,134,5329
1432,EV01492,167,653265
1432,EV00773,175,423706
1432,EV00791,211,474164
1432,EV00106,218,5584593
1433,EV00749,141,289953
1433,EV01815,183,119059
1434,EV01740,132,1139284
1434,EV00565,134,82505
1434,EV00231,244,12661776
1434,EV00288,278,1185740
1435,EV01790,102,1758484
1435,EV00472,104,29992
1435,EV00660,108,1203870
1435,EV01059,127,15400
1435,EV01322,151,65829
1435,EV01410,178,286256
1435,EV00225,279,3968050
1436,EV00783,60,58937
1436,EV01702,71,18947
1436,EV00363,91,57343
1436,EV01703,125,122010
1436,EV01254,133,1542500
1436,EV01025,201,10057166
1436,EV00191,227,3356220
1437,EV01766,90,280326
1437,EV00460,130,1625458
1437,EV00657,145,442816
1438,EV01633,143,52133
1439,EV01398,124,781538
1439,EV00447,132,665827
1439,EV00161,278,8584913
1441,EV00896,161,136807
1442,EV01681,86,96554
1442,EV01764,112,1426327
1442,EV01226,121,33263
1442,EV01310,164,35608
1442,EV00216,166,993937
1442,EV01699,224,119691
1443,EV01582,137,919830
1443,EV01006,179,250372
1443,EV00423,182,106309
1443,EV00350,185,117753
1443,EV00275,214,9817239
1443,EV00115,241,2877593
1444,EV01492,121,949034
1444,EV01638,129,620940
1444,EV00636,198,87195
1444,EV00050,296,19000236
1444,EV01897,336,1867276
1445,EV00600,120,38082
1445,EV01023,140,215792
1445,EV00308,217,33930743
1447,EV00710,88,856309
1447,EV01751,122,148582
1447,EV01206,147,2719279
1448,EV00509,74,118090
1448,EV00805,103,190344
1448,EV01462,118,2301049
1448,EV00990,170,358206
1448,EV00915,194,215429
1448,EV00140,250,416879
1448,EV00074,261,39659644
1449,EV01737,99,1083990
1449,EV01213,131,2573532
1449,EV01414,169,61554
1449,EV01324,172,621160
1449,EV01558,186,248991
1450,EV01607,107,734449
1451,EV01841,1,702500
1451,EV01985,1,1040453
1451,EV01250,112,17069
1451,EV00829,115,3728508
1451,EV01180,169,156712
1451,EV01119,179,989531
1452,EV00890,108,42887
1452,EV01725,122,900108
1452,EV00030,249,7750761
1453,EV01565,95,517357
1453,EV01413,160,99925
1453,EV00385,164,58459
1453,EV00709,164,197426
1453,EV01627,179,89910
1453,EV01781,204,1063115
1453,EV00206,255,1125175
1454,EV01452,89,594768
1454,EV01732,99,44020
1454,EV01090,118,104897
1454,EV01471,142,292522
1454,EV01036,151,2322298
1454,EV01260,165,722067
1454,EV00491,178,179554
1455,EV01946,19,278714
1455,EV00369,60,61979
1455,EV01014,94,77122
1455,EV00651,105,340725
1455,EV00927,105,387841
1456,EV00983,88,323951
1456,EV00515,172,376924
1456,EV01805,177,806509
1456,EV00112,221,1155870
1457,EV01535,92,595431
1457,EV01575,105,17212
1457,EV00614,113,696132
1458,EV00439,83,386473
1458,EV00953,112,167528
1458,EV00869,121,369841
1458,EV00683,129,116612
1458,EV01058,147,39676
1458,EV00206,230,2763410
1459,EV01655,105,1404638
1459,EV01433,119,336652
1459,EV01793,132,50361
1459,EV00348,145,676899
1459,EV01648,145,6483389
1459,EV00017,253,895038
1459,EV01997,337,2079725
1460,EV01254,139,712778
1460,EV00869,157,411034
1461,EV00579,108,147902
1461,EV01319,111,78245
1461,EV00365,115,570842
1461,EV00689,156,3353673
1461,EV00752,168,2245638
1462,EV00772,75,327011
1462,EV00954,156,65255
1462,EV00699,189,38340
1462,EV00450,209,668132
1462,EV00751,240,15434
1463,EV00758,96,295098
1463,EV01536,172,87369
1463,EV01079,198,272656
1464,EV01722,116,34501
1464,EV00792,140,41957
1464,EV00793,168,40605
1464,EV00731,176,682897
1465,EV01510,60,1871538
1465,EV01043,112,338003
1465,EV00349,126,1142807
1465,EV01618,155,25991
1465,EV01112,162,282469
1465,EV01062,177,180882
1465,EV01244,220,329534
1466,EV01815,127,475265
1467,EV00475,122,398729
1467,EV00887,145,286126
1468,EV01748,188,1167867
1468,EV00087,230,48284318
1469,EV01721,60,180448
1469,EV01164,66,1917485
1469,EV00418,163,191229
1470,EV01484,118,601140
1470,EV00945,139,320769
1470,EV01221,160,44596
1471,EV01351,101,45584
1471,EV01090,210,205402
1472,EV01615,118,239621
1472,EV00928,196,41833
1473,EV00973,99,61542
1473,EV01296,104,158677
1473,EV00553,122,1386925
1473,EV01083,125,4751422
1473,EV01508,164,666853
1473,EV00843,182,73377
1473,EV00073,237,7151440
1474,EV01518,142,504717
1474,EV00643,154,3275021
1475,EV00592,100,195309
1475,EV00991,146,85001
1475,EV00336,152,64486
1475,EV00576,162,246801
1475,EV01791,163,52866
1475,EV00952,190,1025495
1476,EV01737,75,1023087
1476,EV01273,147,165925
1476,EV01801,171,112189
1476,EV00312,209,11819666
1476,EV00115,216,1695281
1477,EV00331,123,316601
1477,EV01341,130,73860
1478,EV00927,145,378225
1478,EV00424,198,963768
1479,EV01834,44,1854678
1479,EV01136,113,582201
1479,EV01010,130,575422
1479,EV01278,155,1110835
1480,EV00848,97,16408
1480,EV01467,138,2905452
1480,EV00096,195,132028
1481,EV01919,32,498111
1481,EV01310,83,21409
1481,EV01570,99,131428
1481,EV01484,111,656526
1481,EV00970,123,219458
1481,EV00026,229,4463779
1482,EV00642,92,324627
1482,EV01424,110,428953
1482,EV00666,119,219434
1482,EV01449,125,102989
1482,EV01402,240,251994
1482,EV00039,301,4340012
1484,EV01289,112,9937
1485,EV01613,137,28821
1485,EV01558,152,43605
1485,EV00557,162,67523
1485,EV00888,168,2124476
1485,EV00521,174,944797
1486,EV01886,49,264128
1486,EV00954,60,90307
1486,EV01768,138,437458
1486,EV01180,154,139381
1486,EV01533,162,170591
1486,EV01728,166,365039
1486,EV01634,177,456920
1486,EV00655,184,313771
1486,EV00148,222,32252927
1487,EV00756,137,656942
1487,EV00798,140,660657
1487,EV01686,146,246393
1489,EV01691,100,1451997
1489,EV01550,132,388611
1489,EV01548,133,89129
1489,EV00363,141,87037
1489,EV01289,168,21676
1489,EV00599,176,818106
1489,EV00193,191,3996762
1489,EV00126,200,3547832
1490,EV01329,103,30160
1490,EV01760,105,32049
1490,EV01120,109,196141
1490,EV01298,127,169522
1490,EV01116,135,30841
1490,EV00370,167,2385385
1490,EV00030,213,3093752
1491,EV01433,159,77469
1492,EV01920,14,1654824
1492,EV00545,81,296430
1492,EV00879,86,382077
1492,EV00773,98,290243
1492,EV01429,111,152344
1492,EV01385,148,53938
1492,EV00654,167,338793
1492,EV01650,170,708491
1492,EV01124,178,453339
1492,EV00510,193,1904696
1493,EV01772,128,31792
1493,EV00917,134,296598
1493,EV01373,149,312875
1493,EV01465,160,138102
1494,EV00354,120,555832
1494,EV01581,133,271551
1494,EV00777,136,105280
1494,EV00471,138,1065089
1494,EV01551,173,64555
1494,EV01209,176,492798
1494,EV01351,180,22516
1494,EV01476,180,18580
1495,EV01576,67,3851690
1495,EV01766,113,384317
1495,EV01289,137,21962
1495,EV01134,146,97184
1495,EV01715,156,284034
1495,EV00036,240,65908706
1496,EV01609,114,30637
1496,EV01137,144,64054
1497,EV01413,126,198773
1497,EV00854,127,384922
1497,EV00993,171,48183
1498,EV02000,50,2382216
1498,EV01332,99,2173494
1498,EV01302,112,1386288
1498,EV01322,138,119331
1498,EV01615,153,137459
1499,EV00843,84,282093
1499,EV00142,241,31446090
1500,EV00561,100,384611
1500,EV01634,126,226087
1500,EV01722,171,29882
1501,EV00519,103,31108
1501,EV00921,118,2666742
1501,EV00691,137,335622
1501,EV01489,170,513881
1501,EV01444,178,364173
1501,EV01503,178,494219
1501,EV00074,222,46621737
1502,EV01967,10,198538
1502,EV00793,95,82262
1502,EV01693,127,71075
1502,EV00717,231,54586
1503,EV01652,92,2768385
1503,EV00422,139,7629354
1503,EV00085,233,1109823
1503,EV01903,357,2693023
1504,EV01468,69,24216
1504,EV00399,140,87784
1505,EV01571,110,866633
1505,EV01780,199,72050
1506,EV01473,137,180753
1507,EV01335,190,7414642
1507,EV00140,228,865664
1508,EV01812,128,589146
1508,EV01641,160,157283
1508,EV00007,266,20394503
1508,EV01919,329,739716
1509,EV00376,112,80634
1509,EV00799,136,198810
1509,EV00908,178,362810
1509,EV01550,192,553229
1509,EV00050,227,38916824
1510,EV01382,128,77389
1510,EV01292,130,569748
1510,EV00061,224,12995933
1511,EV00238,236,40574011
1512,EV01487,133,75032
1512,EV00783,139,83556
1512,EV01327,153,72432
1512,EV01270,194,386081
1512,EV00161,274,4090505
1513,EV00503,130,105593
1513,EV00123,205,16070769
1513,EV00013,286,8451903
1515,EV01328,129,99655
1515,EV00780,131,225209
1515,EV01051,133,1053640
1515,EV00805,138,68520
1515,EV00829,140,6986722
1515,EV01318,150,207954
1515,EV01421,194,53919
1515,EV00206,221,1378405
1516,EV01809,84,626799
1516,EV01382,106,158724
1516,EV01748,119,1328443
1516,EV00869,124,380689
1516,EV01308,136,49725
1516,EV00797,141,160657
1516,EV00526,149,897586
1516,EV01428,152,112384
1516,EV00078,252,7564602
1517,EV00880,69,8306808
1517,EV01345,145,78874
1517,EV01618,205,12578
1517,EV00231,218,7164284
1517,EV00186,263,37717144
1518,EV01154,84,1658810
1518,EV00086,226,22302011
1519,EV01012,91,398183
1519,EV00943,147,1041001
1519,EV01290,147,283905
1519,EV00832,153,1918695
1520,EV00325,108,157412
1520,EV01671,133,169347
1520,EV01784,143,25710
1520,EV01274,175,17938
1520,EV00258,224,25358552
1520,EV00151,259,29928994
1520,EV00231,262,3966381
1521,EV01294,180,3224158
1521,EV00046,249,5568177
1522,EV01056,99,46211
1522,EV01690,159,58177
1522,EV01693,169,154518
1523,EV01661,149,282153
1524,EV01706,125,800317
1524,EV01266,137,339101
1524,EV00812,139,571153
1525,EV01023,127,156625
1525,EV00502,172,1533372
1525,EV00140,266,1096656
1526,EV00940,123,484245
1526,EV01666,125,275262
1526,EV01554,174,7491821
1526,EV00600,187,33196
1526,EV00130,270,3130288
1527,EV00580,149,82297
1527,EV00714,151,124524
1527,EV01751,171,216444
1527,EV00495,186,147614
1527,EV01518,187,405923
1527,EV00003,292,2229786
1528,EV00902,101,403079
1528,EV00463,112,68118
1528,EV00782,132,917303
1528,EV01052,162,23323
1528,EV00522,193,426708
1529,EV01065,146,599923
1529,EV00183,248,10852464
1530,EV01675,79,34031
1530,EV01745,126,94925
1530,EV00848,203,20175
1531,EV00408,99,142400
1531,EV00939,114,1469764
1531,EV01288,129,105125
1531,EV00569,136,257989
1531,EV01104,164,2109025
1531,EV01752,174,81883
1532,EV01595,161,227483
1533,EV00358,130,166009
1534,EV00895,93,181158
1534,EV01515,116,99826
1534,EV00889,160,2103261
1534,EV01148,183,290047
1535,EV00563,132,31543
1535,EV00540,176,19984
1535,EV00124,272,9707218
1536,EV01358,111,110267
1536,EV01039,148,39344
1536,EV00603,165,188057
1536,EV00994,193,241161
1536,EV00118,239,17153127
1537,EV01392,187,763944
1537,EV00017,250,2619634
1537,EV00093,279,2135687
1538,EV01178,60,1044906
1538,EV01758,131,81087
1538,EV01544,135,280510
1538,EV01435,136,23842
1538,EV00866,140,135880
1539,EV00873,84,2268396
1539,EV00644,166,3767521
1539,EV00470,167,14591
1539,EV00432,199,221363
1540,EV01355,136,143008
1540,EV00336,148,31579
1541,EV00512,118,648952
1541,EV00245,245,19510472
1542,EV01173,143,7133
1542,EV01158,174,94120
1542,EV00279,190,48559521
1542,EV00233,245,20352479
1542,EV00189,273,2044060
1543,EV01708,95,767906
1543,EV01675,97,66944
1543,EV01182,106,967422
1543,EV00985,116,139077
1543,EV01183,120,108085
1543,EV01798,123,286671
1543,EV00604,124,207354
1543,EV00967,134,55327
1543,EV00593,167,1160150
1543,EV01254,176,1288174
1543,EV01346,198,25175
1544,EV00827,125,2529295
1544,EV01706,161,1671231
1544,EV00915,181,210874
1545,EV01064,93,4529267
1545,EV00534,100,314654
1545,EV01783,114,408145
1545,EV00568,129,639240
1545,EV01765,164,5994626
1545,EV00078,224,11600094
1546,EV00412,143,377100
1546,EV01672,159,93015
1547,EV00394,60,212820
1547,EV01869,62,902109
1547,EV00514,129,133073
1547,EV00534,151,528134
1547,EV00699,152,90726
1547,EV00548,163,27684
1547,EV00573,165,204087
1547,EV01413,168,86106
1547,EV00245,216,23407698
1547,EV00005,267,20519736
1548,EV00479,88,153339
1548,EV01791,126,37537
1548,EV01244,164,407848
1548,EV00299,257,1708646
1548,EV00168,286,2102527
1549,EV01768,69,568986
1549,EV00765,106,590221
1549,EV00786,168,46850
1550,EV01580,163,58881
1550,EV00189,272,8097061
1551,EV01063,80,504273
1551,EV01429,161,80642
1551,EV00126,288,4293391
1552,EV01333,72,95168
1552,EV00423,116,559042
1552,EV00777,186,203399
1553,EV00869,115,709308
1553,EV00565,129,18897
1553,EV01238,145,219132
1553,EV00161,222,8849480
1554,EV01802,65,186027
1554,EV01610,120,831974
1554,EV00970,129,88288
1554,EV00977,130,1759213
1554,EV01413,165,63459
1554,EV01137,173,89895
1554,EV01137,188,70062
1554,EV00170,216,7271104
1554,EV00243,238,5356537
1554,EV01841,360,596088
1555,EV00472,118,36830
1555,EV00963,129,1368445
1556,EV01846,69,745220
1556,EV01235,123,236729
1556,EV00386,182,393661
1556,EV00106,200,8716390
1557,EV00887,128,315549
1557,EV01570,132,203902
1557,EV01187,152,45145
1558,EV01064,86,1636592
1558,EV00303,165,1751543
1559,EV00875,71,900717
1559,EV00438,165,531938
1559,EV01277,167,132360
1560,EV01874,41,1504405
1560,EV00789,88,539042
1560,EV01290,103,119354
1560,EV00463,119,12116
1560,EV01487,167,31565
1560,EV00498,175,529141
1560,EV00211,268,30177409
1561,EV00594,96,48193
1561,EV00712,135,211614
1561,EV01254,156,2530600
1561,EV01068,164,514742
1561,EV00664,170,543071
1562,EV01166,83,205585
1562,EV00326,92,113505
1562,EV01550,144,1071598
1562,EV00512,148,293585
1562,EV00498,220,415058
1562,EV00206,260,1455031
1563,EV01883,59,2472390
1563,EV01355,85,130407
1563,EV01093,155,1692297
1564,EV01921,10,618130
1564,EV00419,158,149786
1564,EV01006,164,440301
1564,EV00843,172,87976
1564,EV00020,244,1385012
1565,EV00894,166,2696392
1566,EV01795,127,74409
1566,EV01107,165,237427
1566,EV01685,166,48190
1566,EV01634,168,381558
1566,EV01322,170,93726
1566,EV00083,193,6279887
1566,EV01415,223,789753
1567,EV01462,127,7596833
1567,EV01729,130,1419687
1567,EV01745,137,140033
1568,EV00782,89,1980492
1568,EV00612,104,24078
1568,EV00862,124,265009
1568,EV01362,129,320088
1568,EV01199,172,570863
1569,EV00958,86,832458
1569,EV00809,126,176692
1569,EV01697,156,1579748
1569,EV01367,163,822460
1569,EV01130,185,116327
1569,EV00130,291,3003403
1570,EV00950,105,480393
1570,EV01450,116,1770341
1570,EV00889,152,930084
1570,EV00992,155,162751
1570,EV00754,169,536486
1570,EV00720,224,54624
1571,EV00803,140,281188
1571,EV01675,165,39106
1572,EV01701,120,57229
1573,EV01727,79,31608
1573,EV01422,115,42248
1573,EV01647,134,622037
1573,EV01063,146,711255
1573,EV01759,149,37741
1573,EV00330,159,738571
1573,EV01856,363,2343391
1574,EV01235,168,239218
1574,EV01546,222,579732
1574,EV01551,224,37371
1575,EV01115,122,520735
1575,EV01778,183,94142
1575,EV00908,193,132102
1576,EV01136,62,806571
1576,EV01165,105,686650
1576,EV01760,154,18046
1576,EV00408,175,65423
1576,EV01659,181,380483
1577,EV01768,140,257571
1578,EV01277,82,79262
1578,EV00970,125,302954
1578,EV00880,156,3487046
1578,EV00990,203,773006
1579,EV01801,89,314497
1579,EV00368,109,19039
1579,EV01808,118,192590
1579,EV00068,256,7092683
1580,EV01388,82,248427
1580,EV00690,89,71814
1580,EV01801,99,95798
1580,EV00799,117,116060
1580,EV01545,134,8045
1580,EV00814,141,1308572
1580,EV01505,202,290814
1581,EV00342,60,367388
1581,EV00641,125,4495183
1581,EV01487,148,69638
1582,EV00329,107,202860
1582,EV00786,120,87447
1582,EV00326,130,178526
1582,EV00511,147,479403
1582,EV01228,154,41986
1582,EV01512,164,692946
1583,EV01044,74,119311
1583,EV00613,114,48486
1583,EV01288,132,79360
1583,EV00786,133,47655
1583,EV00682,137,162591
1583,EV00555,141,163178
1583,EV01221,141,56767
1583,EV00538,154,693617
1583,EV00851,187,24984
1583,EV01091,202,42556
1585,EV01123,130,10002470
1585,EV00679,136,268604
1585,EV01505,137,238921
1585,EV01168,144,59532
1585,EV00161,288,2478016
1586,EV01198,104,213860
1586,EV00565,106,50574
1587,EV01326,117,405571
1587,EV00337,164,634586
1587,EV00363,202,118222
1587,EV00161,289,1523754
1588,EV01528,61,158723
1588,EV00809,153,136755
1589,EV01698,109,329665
1589,EV01548,123,40668
1589,EV01289,191,32863
1590,EV01343,103,438016
1590,EV01369,133,978055
1590,EV01332,141,1174355
1590,EV00520,198,1664020
1591,EV00760,145,30499
1591,EV00742,180,626091
1591,EV01629,189,273494
1591,EV00087,274,49228044
1591,EV00112,277,1651153
1591,EV00253,285,2229472
1592,EV01801,120,92446
1592,EV01076,123,144711
1592,EV01038,168,2850502
1592,EV00513,170,146518
1592,EV00288,266,1185908
1593,EV00476,105,97294
1593,EV00422,123,4642700
1593,EV00288,237,872177
1594,EV01647,111,1015095
1594,EV00772,146,37251
1594,EV01273,166,124162
1594,EV01105,175,48214
1594,EV00059,242,7099577
1595,EV01459,139,1243583
1595,EV01110,211,59634
1595,EV00011,230,21411060
1596,EV01182,60,2600930
1596,EV01177,76,62022
1596,EV00838,80,788041
1596,EV01684,157,36362
1596,EV00549,203,378854
1596,EV00314,238,14672626
1597,EV01238,60,309235
1597,EV00396,136,182279
1597,EV00331,153,1961431
1598,EV00731,60,836424
1598,EV01732,109,136881
1598,EV01505,151,458242
1599,EV01488,88,98169
1599,EV00420,129,420409
1599,EV01812,145,908970
1599,EV01748,164,548050
1599,EV00107,262,78762547
1600,EV01249,103,1457564
1600,EV01063,133,380736
1600,EV00778,141,54234
1600,EV01587,183,1027355
1600,EV00289,281,4377437
1600,EV01938,364,1523218
1601,EV00568,79,1534301
1601,EV01797,143,204807
1601,EV01065,161,771291
1602,EV01230,140,116448
1602,EV01570,165,102394
1602,EV00267,235,30750926
1602,EV00299,268,4810048
1603,EV00559,122,9262
1603,EV01931,353,416518
1604,EV01847,14,871503
1604,EV01980,54,293774
1604,EV00911,86,20754
1604,EV01158,99,202505
1604,EV01503,106,551909
1604,EV01533,133,111823
1604,EV00594,135,57862
1604,EV00557,138,131239
1604,EV01332,161,866555
1605,EV01517,103,3716940
1605,EV01565,115,1194782
1605,EV01578,131,84738
1605,EV00863,173,415540
1605,EV00635,203,974233
1605,EV00174,290,6109276
1606,EV00526,107,541961
1606,EV01210,120,197769
1606,EV00309,204,6965661
1607,EV01132,113,2231804
1607,EV00716,130,1318760
1608,EV00760,120,187647
1608,EV01664,150,7248821
1608,EV01029,158,21794
1610,EV00878,96,2059759
1610,EV00862,119,272278
1610,EV00211,211,9171046
1611,EV01766,89,251742
1611,EV00827,113,1991698
1611,EV01709,124,602269
1611,EV01038,154,3494052
1611,EV00715,159,251608
1611,EV00723,203,3085
1612,EV01752,127,66603
1612,EV01568,136,2221095
1612,EV01116,137,43363
1612,EV01539,185,134848
1612,EV00275,267,14154407
1613,EV01768,103,718774
1613,EV01663,133,57860
1613,EV00386,141,345727
1613,EV01641,145,72330
1613,EV01745,151,230444
1613,EV00221,256,4409726
1614,EV00593,117,740511
1614,EV01605,127,68997
1614,EV01255,139,1226449
1614,EV00754,151,460406
1614,EV01183,165,135440
1615,EV01534,95,1549229
1615,EV00735,111,298225
1615,EV01373,121,86656
1615,EV00396,135,146212
1616,EV00857,160,736102
1616,EV00375,171,110224
1617,EV01242,105,53578
1617,EV01111,111,129472
1617,EV00366,128,802997
1617,EV01641,181,76012
1617,EV00327,184,205900
1618,EV01835,93,2561724
1618,EV00715,109,629722
1618,EV01276,165,59451
1618,EV00128,254,35579672
1619,EV01461,162,3770000
1619,EV00981,183,149872
1619,EV00073,281,11565553
1620,EV01476,145,69737
1620,EV00009,261,16463005
1621,EV00942,108,1778386
1621,EV01368,129,355571
1621,EV01787,138,232147
1621,EV01037,156,205815
1621,EV01267,157,1508442
1621,EV00489,194,112945
1622,EV01703,118,84312
1622,EV00748,128,33793
1622,EV01604,136,2774918
1622,EV00312,205,15746757
1623,EV01845,18,1563943
1623,EV01242,99,262890
1623,EV01297,156,41580
1623,EV01385,156,76746
1623,EV01500,173,64995
1623,EV01297,176,24677
1623,EV01039,181,68315
1623,EV01631,183,136868
1623,EV00161,222,2828434
1623,EV00225,278,4649345
1624,EV00489,153,366645
1625,EV00924,78,874618
1625,EV01671,151,51397
1626,EV00650,86,2165219
1626,EV00578,128,9688917
1627,EV00555,108,70499
1627,EV01185,115,1010107
1627,EV00623,124,88858
1627,EV00603,165,293237
1627,EV01487,168,19488
1628,EV01508,97,579016
1629,EV01835,19,948158
1629,EV00565,103,47498
1629,EV01634,107,468666
1630,EV00830,108,41738
1630,EV01423,114,52178
1630,EV00717,138,52954
1630,EV01198,143,245094
1630,EV00233,289,23315410
1631,EV01796,76,207028
1631,EV01627,117,89487
1631,EV00816,122,113208
1631,EV00748,142,71988
1631,EV00002,266,5717128
1632,EV01277,85,143199
1632,EV00831,104,557084
1632,EV00760,109,32875
1632,EV01181,128,132135
1632,EV01566,144,176718
1632,EV00112,265,3343961
1632,EV00124,278,15403711
1633,EV00370,118,1620058
1633,EV00746,119,186109
1633,EV00418,122,171577
1633,EV00978,161,1181157
1633,EV00426,182,398031
1634,EV00327,118,121866
1634,EV00665,122,44969
1634,EV01570,123,181256
1634,EV01117,125,134768
1634,EV01231,130,51465
1634,EV00250,257,603571
1634,EV00274,277,64070854
1635,EV01659,124,32874
1635,EV00635,158,1534260
1635,EV00138,250,8584876
1636,EV00777,168,59175
1636,EV00372,169,330780
1636,EV00316,246,33050330
1636,EV00001,273,2180560
1637,EV01209,106,392591
1637,EV00746,119,600422
1637,EV01413,135,235922
1637,EV00601,150,531349
1637,EV00871,157,535936
1638,EV00891,76,8703968
1638,EV01444,114,96961
1638,EV00766,124,152181
1638,EV01660,151,908217
1638,EV00920,160,176486
1639,EV01200,114,509617
1639,EV00466,156,69736
1639,EV00969,164,20295
1639,EV01090,184,68315
1640,EV00469,122,485513
1640,EV01619,122,318264
1640,EV01273,144,104183
1640,EV01299,167,4383334
1640,EV01444,173,330433
1641,EV01426,111,1780926
1641,EV00628,117,133305
1641,EV00749,133,183602
1641,EV01784,202,98863
1642,EV01182,102,698375
1642,EV01627,112,79190
1642,EV01280,118,198813
1642,EV00575,120,5109355
1642,EV01321,128,147624
1642,EV01599,144,110843
1642,EV00602,210,82305
1643,EV00751,192,5011
1643,EV00255,238,10543546
1644,EV00419,83,116478
1644,EV00837,120,47642
1644,EV01138,122,34320
1644,EV00361,134,75289
1644,EV00816,143,104835
1644,EV01742,157,441915
1645,EV01897,33,2528196
1645,EV01062,149,34587
1645,EV01448,190,384820
1646,EV01578,206,78359
1647,EV00721,106,142190
1647,EV01627,117,50322
1647,EV00803,124,210216
1647,EV01787,127,148972
1647,EV01404,129,436158
1647,EV00809,162,39403
1647,EV00636,185,170752
1647,EV00037,249,1451429
1647,EV00191,254,1290200
1648,EV00500,88,287915
1648,EV01089,150,246445
1648,EV00772,193,250158
1648,EV00814,209,401712
1649,EV01219,154,234716
1650,EV00640,66,1134936
1650,EV01817,90,636515
1650,EV00075,227,19212816
1652,EV01338,106,1160431
1652,EV01819,109,96424
1652,EV01524,140,386664
1652,EV00578,164,8456962
1653,EV00782,95,944828
1653,EV01747,118,260822
1653,EV00329,138,615754
1653,EV00924,159,3930411
1654,EV01842,55,180810
1654,EV00503,140,111358
1654,EV01414,159,18529
1654,EV01560,217,563675
1654,EV01209,218,257573
1655,EV01098,118,865765
1655,EV00972,143,1680700
1655,EV00637,146,218185
1655,EV00162,240,20286927
1656,EV00174,283,3758592
1657,EV00565,72,57698
1657,EV01178,105,529263
1657,EV01433,128,192530
1657,EV01793,199,23216
1657,EV00301,226,7264829
1658,EV01681,110,185881
1658,EV00660,143,1374996
1658,EV01714,150,294044
1658,EV00604,178,477975
1658,EV01276,180,51886
1658,EV00126,187,4442616
1658,EV00636,206,84905
1658,EV00165,255,23259606
1659,EV01669,153,229212
1659,EV01775,153,471841
1659,EV01042,175,958166
1659,EV00746,177,420050
1659,EV00137,307,2877385
1660,EV00569,174,107310
1660,EV00783,174,81347
1661,EV00803,73,73427
1661,EV00682,114,60279
1661,EV01666,139,636828
1661,EV00792,149,28126
1661,EV00148,238,20969735
1662,EV00584,129,88909
1662,EV00246,266,4757368
1663,EV00897,122,843801
1664,EV01753,117,187330
1664,EV00866,142,454715
1664,EV01120,175,195133
1665,EV01558,117,272345
1665,EV00880,202,2374311
1666,EV01336,117,249586
1666,EV00567,124,403558
1666,EV00958,132,1922124
1666,EV01036,161,2506406
1666,EV00200,222,64757134
1668,EV00907,73,1766150
1668,EV01291,109,234002
1668,EV01389,114,77517
1668,EV01600,134,87454
1668,EV01629,195,338495
1668,EV00130,280,4810269
1669,EV00651,182,426097
1670,EV01158,90,244666
1671,EV00512,112,268686
1671,EV00955,142,1273953
1671,EV00712,171,371053
1671,EV00567,178,70230
1671,EV00024,283,21723844
1672,EV01023,67,192563
1672,EV00546,94,88041
1672,EV01217,94,627111
1672,EV01555,141,2720480
1672,EV01237,163,40834
1672,EV01136,167,754829
1672,EV00766,185,188289
1673,EV00584,155,234732
1674,EV00792,140,97729
1674,EV00669,144,167723
1674,EV00890,150,44311
1675,EV01795,166,258329
1675,EV00805,180,187763
1676,EV01141,181,178318
1677,EV00624,125,358760
1677,EV00953,157,87569
1677,EV01177,191,74432
1677,EV00258,198,7925370
1677,EV00295,232,42341713
1677,EV00123,268,8312329
1678,EV01137,110,105169
1678,EV00312,227,7309226
1678,EV00288,260,695695
1679,EV00659,137,2889174
1679,EV01074,139,293092
1679,EV01761,177,1060838
1680,EV00631,114,120081
1680,EV00712,117,340159
1680,EV00620,126,1200975
1680,EV00738,127,459296
1680,EV00949,140,1625893
1680,EV01796,166,189130
1680,EV00805,170,117446
1681,EV01120,159,126907
1682,EV00360,124,867312
1682,EV01010,127,126955
1682,EV01330,140,23340
1682,EV01580,151,37814
1682,EV00884,156,404167
1683,EV01568,133,2489569
1683,EV01729,142,2550327
1683,EV00291,225,4236344
1684,EV01677,140,452739
1684,EV01035,198,734711
1684,EV00226,217,1944998
1686,EV01919,23,356905
1686,EV00372,94,891621
1686,EV01790,101,731488
1686,EV01123,132,9106606
1686,EV00358,161,113675
1686,EV00032,266,17493437
1687,EV00826,60,1995891
1687,EV01604,106,1202900
1687,EV01427,114,128590
1687,EV01336,134,203189
1688,EV00445,108,85778
1688,EV01260,132,814307
1688,EV01768,185,283050
1688,EV01962,345,701247
1689,EV01167,122,129541
1689,EV00890,144,48014
1689,EV00705,161,207596
1690,EV01627,80,99469
1691,EV01079,147,278610
1691,EV01410,184,403158
1691,EV00406,192,66842
1692,EV00422,107,2829771
1692,EV00533,122,2245637
1693,EV01172,132,299578
1693,EV01797,132,187116
1693,EV01244,143,119899
1693,EV01433,181,115251
1693,EV00068,255,7418463
1694,EV00729,126,152597
1695,EV00488,66,789597
1695,EV01592,126,1901713
1695,EV00540,152,41987
1695,EV00431,167,51695
1695,EV01752,194,123060
1695,EV00375,196,108620
1695,EV00146,278,2466719
1696,EV01273,124,114113
1696,EV00536,141,41837
1697,EV01428,70,123210
1697,EV00370,220,1413533
1698,EV01793,60,23490
1698,EV00880,80,5750436
1698,EV01085,109,1234045
1698,EV00936,113,1797971
1698,EV01124,146,1180704
1698,EV01052,184,67776
1699,EV01420,143,536039
1699,EV01578,207,37317
1700,EV01842,29,171068
1700,EV00693,105,720319
1700,EV00896,118,121080
1700,EV01634,118,153675
1701,EV01365,99,197308
1701,EV00130,188,1789140
1702,EV01789,101,32460
1702,EV00738,107,447858
1702,EV00657,110,387895
1702,EV01168,134,57933
1702,EV01758,154,47789
1702,EV00335,164,627716
1702,EV01373,171,67898
1702,EV01591,202,107182
1703,EV01656,88,84176
1703,EV01752,117,139694
1703,EV01526,144,142024
1703,EV00651,181,320637
1704,EV00526,146,500349
1705,EV00875,62,118418
1705,EV01548,89,92845
1705,EV01105,101,127897
1705,EV00883,135,212144
1705,EV00714,187,103733
1706,EV01178,132,282623
1706,EV00526,137,657622
1706,EV00515,171,288541
1706,EV00264,257,1063474
1706,EV00309,272,4660534
1707,EV00515,121,454840
1707,EV00541,129,57996
1707,EV00565,131,22465
1707,EV00416,153,1699774
1707,EV00559,153,15475
1707,EV01534,165,2572124
1708,EV00854,82,403920
1708,EV01280,121,51768
1708,EV01571,133,1294515
1708,EV00731,182,267380
1709,EV01926,23,866029
1709,EV00387,121,750702
1709,EV00664,127,1108106
1709,EV01274,147,22490
1709,EV00444,149,91228
1709,EV00790,153,39745
1710,EV00361,159,361541
1711,EV01930,32,252369
1711,EV00805,197,87405
1712,EV00250,293,1152203
1713,EV01310,110,25272
1713,EV01708,128,676960
1713,EV00458,188,1964984
1713,EV00017,258,3000307
1713,EV00113,265,3048542
1714,EV00714,113,129894
1714,EV01758,115,31503
1714,EV01510,203,1254221
1715,EV00558,129,1020402
1715,EV01228,134,34994
1715,EV01650,149,485370
1715,EV00864,150,165055
1715,EV01071,181,3010209
1716,EV00896,86,142742
1716,EV00677,142,184302
1716,EV01277,151,196908
1717,EV00615,64,1338940
1717,EV00396,86,118088
1717,EV01743,126,608969
1717,EV00712,144,110167
1717,EV01103,155,151941
1718,EV00423,94,279897
1718,EV01431,154,1107199
1718,EV00776,158,971239
1719,EV00716,60,919042
1719,EV00489,105,279469
1719,EV01575,124,32149
1719,EV00687,130,402676
1719,EV00225,234,1297755
1720,EV00574,102,1062948
1720,EV01198,122,185821
1720,EV01810,125,17775
1720,EV01804,151,26431
1720,EV01316,157,634564
1720,EV00778,161,222034
1721,EV00684,109,603165
1721,EV01394,150,1216280
1721,EV01391,185,1321814
1721,EV00186,245,30120410
1722,EV00843,88,121221
1722,EV01641,111,57456
1722,EV00880,136,5403327
1722,EV01045,138,4104581
1722,EV01793,150,26129
1722,EV01714,166,165764
1722,EV00291,214,8325522
1722,EV00035,234,2433010
1723,EV00714,136,247532
1723,EV01767,145,4070747
1723,EV01310,193,51039
1723,EV00264,252,413442
1724,EV00382,99,21085
1724,EV01575,148,50067
1725,EV01734,82,255217
1725,EV01141,172,40818
1726,EV01008,107,3011812
1726,EV00786,147,112098
1726,EV00717,171,56449
1727,EV01625,120,288600
1727,EV00796,122,83617
1727,EV00298,245,2226322
1728,EV00583,129,26941
1728,EV01793,131,18064
1728,EV00366,173,2641735
1728,EV00710,175,881377
1728,EV00515,198,715113
1728,EV00102,302,35957182
1729,EV00488,125,917373
1729,EV00751,133,15327
1730,EV00719,103,97870
1730,EV01197,126,368461
1731,EV01079,132,129704
1731,EV01748,137,1270725
1731,EV00992,157,226029
1731,EV00228,214,115545621
1732,EV01501,107,239872
1732,EV01402,137,151278
1733,EV01975,9,216573
1733,EV01613,145,9980
1733,EV01791,147,48176
1733,EV00849,166,5222679
1733,EV01580,189,26394
1733,EV00638,201,477992
1734,EV00446,94,119585
1734,EV00385,164,15975
1734,EV00740,166,1053272
1734,EV00023,210,6897659
1735,EV00365,95,485969
1735,EV00392,128,1571155
1735,EV01742,137,134366
1735,EV00489,148,112401
1735,EV01051,173,483680
1735,EV01592,196,8926942
1735,EV01999,360,4470697
1736,EV00401,112,819829
1736,EV00780,149,84594
1736,EV00562,159,62012
1736,EV01656,183,168118
1736,EV00416,208,1977446
1737,EV00951,84,419558
1737,EV01158,94,298014
1737,EV01500,99,82375
1737,EV00751,116,14360
1737,EV01675,191,45393
1737,EV00250,214,1502559
1738,EV01503,117,661849
1738,EV00572,180,274234
1738,EV01207,187,837123
1738,EV00018,260,84692221
1739,EV01942,61,5624705
1739,EV01285,144,722354
1739,EV00843,184,83593
1740,EV00674,70,38552
1740,EV00846,158,549314
1740,EV00385,169,30309
1741,EV01746,65,2725931
1741,EV01533,94,233905
1741,EV00522,109,266486
1741,EV01525,116,68451
1741,EV01491,132,854057
1741,EV00879,140,352864
1741,EV01672,177,125832
1741,EV00743,184,36679
1743,EV01346,154,58073
1743,EV01566,171,212508
1744,EV01465,76,180192
1744,EV01197,108,289471
1744,EV00416,147,2299240
1745,EV00814,95,606040
1745,EV00953,128,39162
1745,EV00714,131,145931
1745,EV01492,139,653637
1745,EV00082,310,3130897
1746,EV01385,120,97299
1746,EV01143,172,171902
1746,EV00479,176,110493
1747,EV00773,145,290300
1748,EV01923,49,467771
1748,EV00376,114,130613
1748,EV01237,157,36135
1748,EV00935,165,1258646
1749,EV01410,145,469819
1749,EV00990,169,517994
1750,EV01668,94,128120
1750,EV01254,103,1444682
1750,EV00722,110,52271
1750,EV00728,114,5163756
1750,EV01684,130,35553
1750,EV01537,150,227815
1751,EV00372,68,307621
1751,EV00816,113,117975
1751,EV00641,175,1558131
1751,EV00786,180,87585
1752,EV00552,125,148467
1752,EV01551,125,37922
1753,EV01561,129,267715
1754,EV01890,23,959947
1754,EV01173,60,29272
1754,EV01575,121,45238
1754,EV01699,123,107878
1754,EV01503,131,1057498
1754,EV01818,155,114519
1754,EV01427,159,118334
1755,EV00326,140,59639
1755,EV01138,164,106562
1755,EV01262,180,46750
1756,EV01105,130,32287
1756,EV00604,147,799671
1756,EV01784,192,54449
1756,EV00560,194,346440
1757,EV01615,114,469145
1757,EV00837,145,39627
1758,EV01090,79,144356
1758,EV00096,229,178856
1758,EV01645,240,565211
1759,EV01575,112,20109
1759,EV00968,116,108970
1759,EV01086,216,288580
1760,EV00407,93,60549
1760,EV00377,103,346083
1760,EV01563,124,37927
1761,EV00358,157,327343
1761,EV01608,159,124456
1762,EV01699,117,20378
1762,EV00887,124,212228
1762,EV00419,182,147340
1763,EV01419,94,1295529
1763,EV01352,106,2587692
1763,EV01750,200,7907276
1763,EV00250,227,753040
1764,EV00907,115,1241127
1765,EV00681,98,314719
1765,EV00676,119,540588
1765,EV01659,155,131403
1765,EV01857,361,1096563
1766,EV00655,60,321612
1766,EV01297,155,43870
1767,EV01836,34,503649
1767,EV01850,43,2728864
1767,EV00569,102,86925
1767,EV00706,178,3171871
1767,EV01836,356,338837
1768,EV01087,137,39792
1768,EV01565,145,906768
1768,EV01532,167,2934308
1768,EV01732,194,49205
1769,EV00502,186,566986
1770,EV01760,127,25326
1770,EV01023,176,241143
1770,EV00039,240,1443905
1771,EV01545,60,16150
1771,EV01649,109,303273
1771,EV00300,245,8996961
1772,EV01784,122,35962
1772,EV01079,138,239388
1772,EV00717,165,44782
1772,EV01465,217,163164
1772,EV01328,227,167119
1772,EV00255,312,5291556
1773,EV00388,112,256848
1773,EV00082,291,2659926
1774,EV01063,151,869963
1774,EV01408,168,41399
1774,EV01848,356,6207266
1775,EV00648,127,44545
1775,EV00664,147,933476
1775,EV01464,158,33082
1775,EV01235,213,116492
1776,EV00549,107,207486
1776,EV01165,110,274553
1776,EV00707,119,425698
1776,EV01237,144,67790
1776,EV01048,150,1273204
1776,EV01178,164,428474
1776,EV01408,180,35117
1776,EV01518,204,504273
1777,EV01842,24,493525
1777,EV01537,125,403530
1777,EV00275,233,6104044
1778,EV01437,148,164672
1778,EV00903,152,222522
1778,EV00955,158,4946380
1778,EV01444,193,370008
1778,EV00185,217,31519525
1779,EV00843,105,138639
1779,EV01213,107,2338856
1779,EV01165,127,391889
1779,EV01130,131,88514
1779,EV01781,148,904946
1779,EV01182,176,403823
1780,EV01058,128,46138
1780,EV01575,194,16009
1781,EV01616,60,45957
1781,EV00372,109,763587
1781,EV01634,117,702197
1781,EV00690,138,45426
1781,EV01292,153,563011
1782,EV01353,126,28456
1782,EV01617,134,30212
1782,EV00225,247,885514
1782,EV00203,280,2741299
1782,EV00171,312,14661916
1783,EV00748,127,38684
1783,EV01030,152,561635
1783,EV00850,162,34608
1784,EV00961,182,200253
1784,EV00216,246,1048799
1785,EV01842,45,152141
1785,EV01683,141,67599
1785,EV01049,144,468450
1785,EV00742,164,879194
1785,EV01402,170,578438
1785,EV01763,215,24870
1785,EV00210,272,25979702
1785,EV00020,286,3480862
1786,EV00384,164,196246
1786,EV01695,165,1780949
1786,EV01565,208,425673
1787,EV01846,58,138261
1787,EV00326,140,130606
1788,EV01518,132,228081
1788,EV00773,162,204996
1788,EV00338,212,4442547
1789,EV00336,110,56054
1789,EV00822,150,3900728
1789,EV01300,162,66793
1789,EV00935,168,2462541
1789,EV01459,184,2434466
1789,EV00106,227,9776093
1790,EV01814,73,226408
1791,EV00665,137,68663
1791,EV00568,146,251533
1791,EV00697,165,757115
1791,EV00540,175,39343
1792,EV00631,122,99087
1792,EV01138,158,59943
1792,EV00941,166,36840
1793,EV01085,112,143258
1793,EV00968,118,139309
1793,EV01296,139,318188
1794,EV01177,123,71434
1794,EV00648,149,59889
1794,EV00225,226,1614512
1795,EV00814,160,796368
1795,EV01671,177,199376
1795,EV00216,241,1262539
1796,EV01273,123,152993
1796,EV01741,156,349937
1797,EV01143,143,260906
1797,EV01751,170,105269
1797,EV01332,198,513750
1797,EV00275,246,12515831
1798,EV01051,99,1357162
1798,EV00655,123,97596
1798,EV01758,137,103869
1798,EV01675,159,31321
1798,EV01801,176,71707
1798,EV01740,183,387769
1799,EV00843,111,172302
1799,EV00786,120,151387
1799,EV00809,139,209587
1799,EV00698,146,239430
1799,EV01761,160,1206367
1799,EV00654,164,449502
1799,EV00651,170,357703
1800,EV00383,156,69791
1800,EV01493,169,8778005
1800,EV01689,188,379044
1800,EV00061,206,24791229
1800,EV00158,268,2569759
1801,EV00376,126,74274
1801,EV00715,126,202702
1801,EV00582,131,286676
1801,EV01526,133,109024
1801,EV00783,143,66592
1801,EV00444,159,112584
1801,EV01548,168,40453
1801,EV01954,358,5195943
1802,EV00611,112,417831
1802,EV01717,136,49602
1802,EV00879,138,404116
1802,EV00786,172,137940
1802,EV00720,184,104244
1803,EV01975,22,428454
1803,EV00757,70,361604
1803,EV01660,109,1997845
1803,EV01741,124,621153
1803,EV01806,157,82708
1803,EV01444,185,358463
1803,EV00010,227,15635949
1804,EV01501,115,358799
1804,EV00923,130,64396
1804,EV01424,145,2308216
1804,EV01499,150,1244284
1804,EV01794,155,133906
1804,EV01707,174,179302
1805,EV01461,151,1327153
1805,EV00325,161,339466
1805,EV00614,164,467386
1805,EV01477,171,483489
1805,EV01074,177,616630
1806,EV01824,45,518541
1806,EV00420,110,921979
1806,EV01190,126,395502
1806,EV00618,166,735471
1807,EV01228,114,9160
1807,EV01680,120,377363
1807,EV00842,163,56048
1807,EV01226,174,172112
1807,EV00895,240,98627
1808,EV01795,94,198255
1808,EV00816,129,238661
1808,EV01430,129,536968
1808,EV01526,134,191391
1808,EV01304,160,59445
1808,EV00255,235,2926894
1809,EV01079,130,47061
1809,EV01345,153,61141
1809,EV01650,153,888187
1810,EV01274,77,33962
1810,EV01159,86,425226
1810,EV01346,116,30986
1810,EV01741,118,611811
1810,EV00738,134,265631
1810,EV01524,170,185604
1810,EV00036,223,37430719
1810,EV00008,288,12057280
1811,EV00502,124,1269504
1811,EV01815,157,140092
1811,EV00809,173,87733
1811,EV00026,267,1398879
1812,EV01575,172,39446
1812,EV00135,232,5299001
1813,EV01770,115,421294
1813,EV00887,211,45269
1814,EV01802,60,201614
1814,EV00579,130,180046
1814,EV01386,142,189360
1815,EV00347,112,1236457
1815,EV00746,121,282125
1815,EV01700,127,2788175
1815,EV01313,168,1426357
1816,EV00356,104,190414
1816,EV01632,131,3544305
1816,EV00664,149,1021898
1816,EV01634,168,128293
1816,EV01423,169,106283
1816,EV00543,200,269889
1816,EV01385,206,48843
1817,EV00607,72,18511
1817,EV00805,112,107794
1817,EV01691,134,3145170
1817,EV01281,135,150653
1817,EV01075,146,27300
1817,EV00358,157,34517
1818,EV00836,114,733261
1818,EV00639,117,667708
1818,EV00843,151,168558
1819,EV01327,127,39632
1819,EV00315,292,15573029
1820,EV01906,27,403759
1820,EV00419,92,143036
1820,EV00512,97,317140
1820,EV01353,128,209958
1820,EV00921,130,2683278
1820,EV01029,145,56738
1820,EV01791,176,29259
1820,EV01366,238,856577
1820,EV00037,249,4772253
1821,EV00514,83,51166
1821,EV01167,96,204241
1821,EV00814,134,308338
1821,EV01292,191,908103
1821,EV00225,224,982401
1822,EV01766,112,880541
1822,EV01136,140,512833
1822,EV00566,160,162490
1822,EV01392,163,39665
1822,EV01342,192,13405
1823,EV01924,39,7114894
1823,EV01748,128,136099
1823,EV00526,139,490959
1823,EV00644,141,4584835
1823,EV00930,173,645981
1824,EV01686,109,191595
1825,EV01999,22,11001589
1825,EV01967,74,614456
1825,EV00712,146,204845
1825,EV01465,168,345093
1825,EV01190,169,254934
1826,EV00983,126,241671
1827,EV01051,114,1176801
1827,EV01141,123,120267
1827,EV01385,123,27908
1827,EV01471,123,243479
1827,EV01580,128,91118
1827,EV00510,135,739443
1827,EV00691,141,287231
1827,EV00512,143,110731
1827,EV00988,144,30579
1827,EV01310,171,30998
1828,EV01859,23,4752234
1828,EV01273,123,89477
1828,EV00696,152,589622
1828,EV01130,153,261266
1828,EV00150,263,19710328
1828,EV00146,285,4106866
1829,EV01856,19,723821
1829,EV00548,122,101728
1829,EV00503,186,214406
1830,EV01703,60,54209
1830,EV00790,69,92916
1830,EV01180,129,76670
1830,EV00889,142,2119017
1830,EV01469,168,996747
1830,EV01581,174,227215
1831,EV01963,26,2053891
1831,EV00502,99,483076
1831,EV00535,123,116068
1831,EV01288,130,266106
1831,EV00657,168,197284
1831,EV01322,179,75162
1831,EV00184,211,16839002
1831,EV00112,285,4065542
1831,EV01984,343,527187
1832,EV01100,74,35310
1832,EV01485,105,22801
1832,EV00665,118,91806
1832,EV01423,124,109439
1832,EV01626,143,9289
1833,EV01603,125,109631
1833,EV01760,180,39125
1833,EV00206,310,1888223
1834,EV01797,134,254917
1834,EV01761,160,1721708
1835,EV01740,187,464842
1835,EV00115,259,1957444
1835,EV00299,260,3203707
1836,EV00734,138,31696
1836,EV01470,139,53728
1836,EV01509,157,63924
1837,EV00790,106,78260
1837,EV00720,134,65587
1837,EV01639,156,140973
1837,EV00350,161,111045
1838,EV01492,118,1493579
1838,EV01802,167,317884
1839,EV01526,103,131072
1839,EV00778,153,261028
1839,EV00359,212,1395468
1839,EV00082,243,6328593
1839,EV00298,271,4204417
1839,EV00255,275,4358262
1840,EV00439,84,248523
1840,EV00416,85,1324684
1840,EV00334,140,60836
1840,EV01615,152,308957
1840,EV00386,169,397961
1840,EV01104,236,759637
1841,EV00390,129,1162519
1841,EV01343,134,273423
1841,EV00729,137,127769
1841,EV01771,139,539756
1841,EV00973,144,90835
1842,EV00533,96,2054528
1842,EV01369,157,324770
1843,EV01342,139,24862
1843,EV00376,140,102367
1843,EV01546,162,160019
1843,EV00099,267,13921820
1844,EV00731,137,520240
1845,EV01413,99,168162
1845,EV00446,115,205640
1845,EV01557,118,120111
1845,EV01650,130,371126
1846,EV01769,78,325081
1846,EV01097,108,42990
1846,EV01346,154,223872
1846,EV00624,184,227284
1846,EV01276,195,52149
1846,EV00895,200,260764
1846,EV00051,236,4337347
1847,EV01438,89,113443
1847,EV00749,125,1027978
1847,EV01698,153,417044
1847,EV01625,172,680039
1847,EV00039,248,1104403
1848,EV00483,145,853628
1848,EV00002,259,21556972
1849,EV01485,135,87836
1849,EV01216,148,1005611
1849,EV00843,171,86213
1849,EV00336,183,38734
1849,EV01105,196,55267
1850,EV00917,102,254655
1850,EV01235,113,175586
1850,EV01100,121,21078
1850,EV01108,166,62557
1851,EV01475,157,1700968
1851,EV01652,178,2218606
1851,EV01085,181,375551
1851,EV00250,291,1097550
1852,EV01242,61,174123
1852,EV01273,102,163652
1852,EV00833,111,196046
1852,EV00463,146,51257
1853,EV00915,191,241935
1854,EV00692,87,406879
1854,EV01515,130,111184
1854,EV01788,147,303422
1854,EV01465,155,278409
1854,EV00115,242,1310078
1855,EV01742,128,427540
1855,EV00145,237,32273945
1855,EV00258,243,28855066
1856,EV01621,151,179673
1856,EV00420,192,618945
1856,EV01437,230,145955
1857,EV00548,135,27053
1857,EV00614,146,774582
1857,EV00079,223,3346789
1857,EV00250,260,1921574
1858,EV01176,109,502789
1858,EV01262,110,57401
1858,EV00595,135,192875
1859,EV02000,14,1675434
1859,EV01044,117,52711
1859,EV00126,280,2403319
1860,EV01846,9,841501
1860,EV01291,110,76570
1860,EV00960,133,538652
1860,EV00569,172,179279
1861,EV01444,134,179822
1862,EV01744,136,94066
1862,EV01120,147,86772
1862,EV00938,152,55377
1862,EV00783,178,19322
1862,EV01508,193,628339
1862,EV00206,273,1108500
1863,EV01984,39,656488
1863,EV00751,130,38095
1863,EV01367,137,1197375
1863,EV00805,152,170040
1863,EV00005,248,42445581
1863,EV00110,260,22523206
1864,EV01782,165,1338011
1864,EV00871,202,1105142
1864,EV00164,257,9943063
1865,EV00624,119,171189
1865,EV01268,158,193407
1865,EV00309,281,9143151
1866,EV01694,155,140639
1866,EV01772,203,36049
1867,EV00703,114,93929
1867,EV00773,114,206234
1867,EV00889,129,519788
1867,EV01690,162,82318
1867,EV00393,167,300942
1868,EV01464,74,41275
1868,EV01006,75,259594
1868,EV01778,133,31727
1868,EV01413,172,190660
1868,EV00198,282,11007493
1869,EV01199,132,933341
1869,EV00190,232,19416431
1869,EV00225,236,2558613
1870,EV00781,164,229203
1870,EV00346,184,114275
1871,EV00420,93,1659167
1872,EV01427,155,248291
1873,EV00723,123,28191
1873,EV00979,157,209539
1873,EV00765,205,346550
1874,EV01077,102,964878
1874,EV01023,109,260215
1874,EV00626,113,94772
1874,EV00563,144,134999
1875,EV00923,141,11129
1876,EV00246,222,13227007
1876,EV00216,284,396713
1877,EV00928,88,68626
1877,EV00990,121,1556476
1877,EV01030,157,244616
1877,EV00175,248,4279851
1877,EV00087,274,69790720
1878,EV00008,272,3233788
1879,EV01166,133,352019
1879,EV01277,136,170867
1879,EV01365,194,128781
1880,EV00568,69,326523
1880,EV00898,91,116401
1880,EV00045,281,7432173
1881,EV01356,95,366152
1881,EV01575,130,21945
1882,EV01073,102,604962
1882,EV00157,265,93714577
1883,EV00754,99,277340
1883,EV00466,118,100307
1883,EV00512,125,426683
1883,EV01562,139,2220274
1883,EV01255,144,450641
1883,EV01014,181,106797
1883,EV00035,275,8981864
1884,EV00648,136,91902
1884,EV01310,141,18121
1885,EV00384,112,80996
1885,EV00579,126,195270
1885,EV01379,144,39820
1885,EV00604,151,1028170
1885,EV01559,153,205756
1886,EV00175,207,3427490
1886,EV00225,211,1612737
1887,EV01517,175,5328225
1887,EV00130,248,2748684
1888,EV00869,152,499992
1889,EV00651,100,377392
1889,EV01614,140,1127255
1889,EV00848,157,9115
1889,EV01670,164,2129050
1889,EV00541,178,117917
1889,EV00868,184,98889
1889,EV00201,278,26077588
1890,EV01717,126,46583
1890,EV01642,134,965974
1890,EV01236,169,516577
1890,EV01760,181,28176
1890,EV00684,191,112358
1890,EV00713,197,2054276
1890,EV01608,219,33907
1891,EV00888,105,757791
1891,EV01629,137,191832
1891,EV00944,140,659950
1891,EV01006,154,337910
1891,EV00565,169,52616
1891,EV00043,269,25341761
1891,EV00118,273,20562832
1892,EV00763,116,50565
1892,EV00848,147,13205
1892,EV01175,167,22920
1892,EV00096,250,133125
1893,EV01676,162,402169
1893,EV00087,234,59463943
1893,EV00317,282,2666766
1894,EV00997,113,20134
1894,EV00691,168,249643
1894,EV00037,270,4837204
1895,EV00446,119,105735
1895,EV01382,126,185523
1895,EV01123,127,15342703
1895,EV00168,224,4039545
1895,EV00022,235,33146957
1896,EV01067,62,137714
1896,EV01685,87,57761
1896,EV01551,128,11784
1896,EV00396,146,324234
1896,EV00017,196,2076970
1896,EV00306,274,45230036
1897,EV01107,116,143418
1897,EV01128,117,208092
1897,EV00614,123,825892
1897,EV01616,150,24706
1897,EV00375,167,220228
1897,EV00158,202,1271426
1897,EV00030,263,2433865
1897,EV00121,274,9947923
1898,EV00848,60,11459
1898,EV01239,126,636946
1898,EV00548,133,26798
1898,EV01289,150,13115
1898,EV01117,171,406145
1898,EV00258,203,37256974
1899,EV01079,142,162920
1899,EV01427,158,138859
1899,EV00146,215,5843681
1899,EV00216,264,648140
1900,EV01304,70,156485
1900,EV00799,75,239531
1900,EV00522,142,221975
1900,EV01747,152,189293
1900,EV00703,160,85721
1900,EV00584,163,104549
1900,EV01373,186,134290
1900,EV00592,201,251157
1901,EV01056,154,20912
1901,EV01666,197,206806
1902,EV00584,147,132554
1902,EV00761,157,436156
1902,EV01571,167,827885
1903,EV01026,127,647232
1903,EV00722,129,51186
1903,EV00671,209,39021
1904,EV01980,26,1227455
1904,EV01661,60,209774
1904,EV01130,100,70747
1904,EV01069,126,681606
1904,EV01197,133,314699
1904,EV00149,269,3137138
1904,EV00154,307,54150880
1905,EV01240,113,817897
1905,EV01723,149,1243891
1905,EV01503,167,1624717
1905,EV01379,197,31207
1905,EV00295,299,10576655
1906,EV01946,56,703876
1906,EV01274,89,38463
1906,EV01158,93,261343
1906,EV00903,119,92204
1906,EV01289,128,16841
1906,EV00942,157,1197360
1906,EV01577,167,2965902
1906,EV01018,176,1217332
1907,EV00552,106,281061
1907,EV01361,115,146933
1907,EV01578,118,87594
1907,EV00729,216,150675
1908,EV01262,130,199294
1908,EV00532,187,286611
1909,EV00577,87,25498
1909,EV01346,119,99683
1909,EV01369,135,487074
1909,EV01779,143,225529
1909,EV00416,151,859281
1909,EV01227,153,2057340
1909,EV00246,232,20073557
1910,EV01113,181,585955
1910,EV00030,224,5959038
1910,EV00011,266,16753784
1911,EV01073,161,427201
1911,EV00258,249,21462992
1911,EV00153,259,9557671
1912,EV00651,195,171565
1913,EV00714,100,359305
1913,EV00851,192,35453
1914,EV01808,102,65621
1914,EV00358,156,162801
1914,EV01067,162,90459
1914,EV01693,191,135993
1914,EV00179,229,49979457
1915,EV01858,49,2993349
1915,EV00395,91,158412
1915,EV01060,127,51259
1915,EV00446,167,118411
1915,EV00821,171,198749
1915,EV01672,224,64083
1916,EV00493,62,110392
1916,EV01798,102,229866
1916,EV01332,137,1683448
1916,EV01362,174,262103
1917,EV00515,72,659007
1917,EV01746,93,1156686
1917,EV01551,142,32587
1917,EV00967,152,115864
1917,EV00754,160,259566
1917,EV01938,365,380123
1918,EV01061,119,538943
1918,EV01639,126,92400
1918,EV00904,146,628910
1918,EV00721,169,346851
1918,EV01368,194,309407
1919,EV01778,138,115887
1919,EV00460,149,1642767
1919,EV01815,181,246789
1919,EV00767,201,31822
1920,EV00331,190,1841373
1920,EV00019,232,5973800
1921,EV00717,82,76934
1921,EV00939,94,803588
1921,EV00814,133,592405
1921,EV01180,191,74175
1921,EV00841,195,203996
1922,EV01449,145,214670
1922,EV00291,276,4917073
1923,EV00562,106,53806
1923,EV00571,112,1105430
1923,EV00540,127,42342
1923,EV01760,170,15198
1924,EV01345,119,52013
1924,EV00684,155,262884
1925,EV00850,141,39965
1925,EV01346,141,67050
1925,EV01721,146,115710
1925,EV00644,148,7835119
1925,EV00459,151,106893
1925,EV01525,154,57226
1926,EV01204,110,26345
1927,EV00915,111,198880
1927,EV01158,113,238992
1927,EV01742,131,697974
1927,EV01078,133,280249
1927,EV00416,162,1751369
1927,EV00206,240,1436342
1928,EV01651,73,293959
1928,EV00761,112,716997
1928,EV01067,134,158638
1928,EV01698,140,193909
1928,EV00418,180,326717
1929,EV01607,125,222967
1929,EV01030,139,258989
1930,EV01824,15,268887
1930,EV00566,102,125975
1930,EV00717,104,39718
1930,EV01717,174,61681
1930,EV00681,177,396656
1931,EV00456,160,995375
1932,EV00619,127,214473
1932,EV00509,134,100181
1933,EV01049,122,585896
1933,EV00354,166,673184
1934,EV00603,101,291459
1934,EV00762,115,823422
1934,EV01195,213,2412955
1935,EV01665,179,1276072
1936,EV01697,137,1155978
1936,EV01173,145,31647
1936,EV01673,181,608207
1936,EV01277,207,63379
1937,EV00945,60,661324
1937,EV01654,81,2780013
1937,EV01747,131,164970
1937,EV00799,136,44423
1937,EV01623,164,112203
1937,EV01777,174,83923
1938,EV01020,108,478033
1938,EV00910,141,186492
1939,EV01343,105,317771
1939,EV01120,108,121175
1939,EV01565,128,363857
1939,EV00503,131,218355
1939,EV00751,148,41602
1939,EV00479,153,90654
1940,EV00858,96,316999
1940,EV00548,107,72101
1940,EV01811,114,100787
1941,EV00441,119,34309
1941,EV00648,179,37990
1942,EV01186,88,1464695
1943,EV01503,74,453310
1943,EV00361,104,163030
1943,EV00429,124,185601
1943,EV00712,149,209724
1943,EV00715,155,390793
1943,EV01246,160,438365
1944,EV00462,126,2541655
1944,EV01600,128,56437
1944,EV00742,136,338427
1944,EV00271,255,2748678
1944,EV00282,259,5618483
1945,EV01487,129,36485
1945,EV01747,146,289936
1945,EV00679,182,230167
1945,EV00075,201,29854593
1945,EV00382,205,40823
1945,EV00068,284,7638603
1946,EV00408,136,76237
1946,EV00546,151,59142
1946,EV00059,172,13427766
1946,EV00216,255,1601832
1947,EV00337,60,1125091
1947,EV01533,93,93353
1947,EV01672,108,195239
1947,EV01473,125,533769
1947,EV00579,156,137254
1947,EV00001,260,2810485
1948,EV01486,141,337865
1949,EV01984,13,436082
1949,EV01245,100,401221
1949,EV01182,121,878707
1949,EV01699,155,74623
1950,EV01349,97,76570
1950,EV00871,171,994185
1950,EV01227,177,1962933
1950,EV00126,201,1909903
1951,EV00545,141,963984
1951,EV01527,144,7005475
1951,EV00112,205,3328598
1951,EV00026,230,3353073
1951,EV00183,232,2195030
1952,EV01634,112,245235
1952,EV01262,136,210636
1952,EV00611,173,563308
1952,EV00895,174,139214
1953,EV00953,88,51911
1953,EV00745,92,49267
1953,EV00816,128,97399
1953,EV00778,140,91806
1953,EV01279,146,1232210
1953,EV01721,156,97886
1953,EV01246,162,843297
1954,EV01649,122,483845
1954,EV01572,151,105487
1955,EV00786,134,120344
1955,EV01566,163,201695
1955,EV01076,192,88220
1955,EV00778,204,343615
1956,EV00544,126,122082
1956,EV00384,166,93595
1957,EV00555,129,403627
1957,EV01000,167,35849
1958,EV01263,80,261345
1958,EV00368,140,29204
1959,EV00651,98,459129
1959,EV00655,120,165240
1959,EV01176,146,852632
1959,EV01505,147,254594
1959,EV00621,185,117369
1959,EV01223,200,235103
1959,EV00474,213,97826
1960,EV01044,71,119701
1960,EV00863,134,187506
1960,EV00760,145,49255
1960,EV00255,267,4965389
1961,EV01021,79,1103618
1961,EV00447,113,905242
1962,EV00500,72,342983
1962,EV01114,112,86646
1962,EV01313,127,2260667
1962,EV01571,141,602793
1962,EV00552,150,574367
1962,EV00225,252,1603876
1962,EV00096,276,154966
1963,EV01143,112,340262
1963,EV00652,122,1698182
1963,EV01589,198,419207
1964,EV00805,60,144653
1964,EV01809,84,373888
1964,EV00446,135,279882
1964,EV01304,163,101552
1964,EV01552,183,141545
1965,EV01777,105,156629
1965,EV00416,117,1618994
1965,EV01438,122,131705
1965,EV01605,143,181474
1965,EV00914,144,135447
1965,EV00658,164,873813
1965,EV00285,230,12116012
1965,EV01848,358,2107142
1966,EV00879,108,194146
1966,EV00446,133,81960
1966,EV00797,153,474532
1966,EV00749,154,72921
1966,EV01141,158,83209
1967,EV01485,181,29753
1968,EV01988,27,3457524
1968,EV00925,116,881120
1968,EV00923,124,70398
1968,EV01444,128,329226
1968,EV00742,141,613566
1968,EV00074,270,28372564
1969,EV01505,93,163162
1969,EV01628,96,132012
1969,EV00294,247,9090594
1970,EV01061,131,667095
1970,EV01731,138,2469325
1971,EV01321,176,145507
1972,EV01728,82,885238
1972,EV00651,168,211730
1972,EV00150,221,10910277
1973,EV00637,91,368227
1973,EV00566,99,142168
1973,EV00246,280,9775503
1974,EV01885,24,654293
1974,EV01963,26,1426131
1974,EV01641,121,45716
1974,EV00820,143,3309548
1974,EV00191,264,1821142
1975,EV01755,100,702506
1975,EV00528,170,129912
1975,EV00624,180,428340
1975,EV01623,189,59910
1975,EV01321,201,192453
1976,EV01620,170,101691
1976,EV01007,176,4107831
1976,EV00684,199,130947
1977,EV01504,92,1788084
1977,EV01520,102,1172357
1977,EV00375,121,137664
1977,EV00363,123,96027
1977,EV01345,157,37575
1978,EV00392,126,994933
1978,EV00210,205,17176306
1979,EV00742,105,867818
1979,EV00592,111,103627
1979,EV00773,137,403605
1979,EV01178,174,891229
1979,EV00584,198,59804
1980,EV01360,128,557436
1980,EV01622,128,28410
1980,EV01516,135,1112424
1981,EV01316,114,516256
1981,EV00703,122,275837
1981,EV01781,139,259756
1981,EV00121,248,8811145
1982,EV00703,109,110840
1982,EV01508,113,164952
1982,EV00653,124,67440
1982,EV01273,171,204515
1982,EV00207,240,12489043
1982,EV00008,254,8662648
1983,EV01836,8,824799
1983,EV01742,117,246501
1983,EV01804,161,87952
1983,EV01198,190,139259
1984,EV00600,150,55519
1984,EV00548,186,41899
1985,EV00401,98,746908
1985,EV00549,130,537968
1986,EV01550,86,838723
1986,EV01672,101,201069
1986,EV01103,135,57895
1986,EV00754,155,384576
1986,EV00288,199,596477
1987,EV00859,131,2686383
1987,EV01155,188,3293313
1988,EV01186,138,1622008
1988,EV01094,204,167850
1989,EV00618,106,836833
1989,EV00333,126,5137387
1989,EV01297,177,41502
1989,EV01607,189,702110
1990,EV01075,104,13833
1990,EV00540,174,13534
1990,EV01078,174,687862
1990,EV00223,235,35327842
1990,EV00312,269,1472802
1991,EV00918,114,1973830
1991,EV00908,131,598828
1991,EV01784,141,47101
1991,EV00942,142,690844
1991,EV01220,168,933705
1991,EV00184,293,8497563
1992,EV00814,125,1034210
1992,EV00997,129,23662
1993,EV00403,95,419710
1993,EV01010,103,120597
1993,EV00743,110,80745
1993,EV00838,118,549235
1993,EV01087,197,92941
1993,EV00258,252,27556544
1994,EV00680,86,780456
1994,EV00783,169,111718
1994,EV00061,276,22815943
1995,EV01198,97,124362
1995,EV00983,132,323785
1995,EV01780,140,36697
1995,EV00674,143,39214
1995,EV01809,197,112200
1995,EV00719,211,72017
1996,EV01062,148,72611
1996,EV01634,155,230001
1996,EV00744,171,496743
1996,EV01214,225,5120976
1996,EV00614,237,327890
1997,EV00751,143,41374
1997,EV00288,243,865425
1998,EV01558,147,131130
1998,EV01179,168,343455
1998,EV00153,234,12631600
1998,EV00003,239,2326851
1999,EV00403,60,565867
1999,EV01283,98,86358
1999,EV00960,114,705890
1999,EV00404,120,163470
1999,EV00776,129,642234
1999,EV00636,147,252181
1999,EV00915,155,237212
1999,EV01072,181,877948
2001,EV00528,97,95636
2001,EV00668,100,312846
2001,EV01797,140,75594
2001,EV01383,143,1295212
2002,EV01732,95,40474
2002,EV00548,106,73071
2002,EV01316,116,291439
2002,EV00456,136,2415933
2002,EV00652,192,2120875
2003,EV01369,108,558928
2003,EV01313,115,1551280
2003,EV01298,137,100582
2003,EV00690,152,32094
2003,EV00120,220,5530457
2004,EV01068,142,262472
2005,EV01392,134,317957
2005,EV00866,158,222850
2005,EV01620,199,30008
2006,EV01486,177,772792
2007,EV01618,123,14982
2007,EV00427,159,54720
2007,EV00436,161,63125
2007,EV00709,174,84280
2008,EV00616,85,128438
2008,EV01687,160,434530
2008,EV01182,196,729964
2009,EV01351,132,13636
2009,EV00978,138,1167731
2009,EV00881,141,466126
2009,EV01269,153,224004
2010,EV01274,100,43206
2010,EV00334,111,273490
2010,EV01099,120,828767
2010,EV00536,121,86319
2010,EV01766,160,434240
2010,EV01067,177,84398
2011,EV00472,60,26887
2011,EV00493,181,151875
2012,EV01404,88,634373
2012,EV00515,94,309182
2012,EV00631,98,71417
2012,EV01758,142,56119
2012,EV00954,150,96751
2012,EV01258,155,83686
2012,EV00661,175,410047
2013,EV00778,109,188136
2013,EV01651,124,198919
2013,EV01122,154,1616959
2013,EV00837,175,23004
2013,EV00619,212,111907
2014,EV01037,135,99994
2014,EV00386,141,329266
2015,EV00546,125,82133
2015,EV00529,133,4427639
2015,EV01273,151,295288
2015,EV01796,167,46491
2015,EV01518,180,197670
2015,EV00500,192,97311
2016,EV00406,72,145248
2016,EV01035,116,1833047
2016,EV00363,135,65703
2016,EV01173,138,44380
2016,EV01385,165,89096
2016,EV00854,192,412987
2017,EV01691,135,2614849
2017,EV01274,185,14884
2018,EV00699,109,104661
2018,EV01092,136,853104
2018,EV01760,141,19121
2018,EV00786,181,80350
2018,EV00306,256,45557237
2019,EV01087,162,46356
2019,EV01131,194,10354
2020,EV01035,108,1121274
2020,EV01809,161,376046
2020,EV01231,174,112204
2020,EV01714,186,134960
2021,EV01476,145,46617
2021,EV00017,282,4749104
2022,EV01459,90,3678118
2022,EV00059,188,6857169
2023,EV01761,103,3564410
2023,EV00793,106,47754
2023,EV00408,129,130806
2023,EV00387,143,1148341
2024,EV01427,144,147752
2024,EV01281,150,462064
2025,EV01126,60,47740
2025,EV01555,82,2175629
2025,EV01360,115,507793
2025,EV01375,158,83929
2025,EV00502,161,749041
2025,EV00115,236,2101069
2026,EV01890,33,1261595
2026,EV01890,73,1514938
2027,EV01385,84,33376
2027,EV00370,94,1723359
2027,EV01714,217,482153
2027,EV01045,234,3415424
2028,EV00553,104,2260214
2028,EV01204,127,153899
2028,EV01718,152,1059912
2028,EV00831,161,466842
2028,EV00096,231,248310
2029,EV01655,73,2065078
2029,EV00975,125,801478
2029,EV00211,216,5637190
2029,EV01974,303,1128030
2030,EV00444,164,28402
2030,EV00288,251,415397
2031,EV01311,121,408541
2031,EV01403,130,355966
2032,EV00528,98,181385
2032,EV00500,133,22748
2032,EV01508,160,503982
2033,EV01526,87,140466
2033,EV00751,107,21806
2033,EV01298,109,844252
2033,EV00937,115,214540
2033,EV01575,128,51858
2033,EV01362,146,87702
2033,EV00246,198,9242058
2033,EV00225,244,1346776
2034,EV00373,134,28115
2034,EV01537,135,107075
2034,EV01467,138,1311729
2034,EV01201,221,67505
2035,EV00658,103,1978513
2035,EV01493,115,2446657
2035,EV01292,128,290620
2036,EV01883,7,1660318
2036,EV01675,81,39034
2036,EV01103,111,238340
2036,EV01190,127,266938
2036,EV00664,157,317788
2036,EV01202,159,49591
2036,EV00941,173,19320
2036,EV00039,268,1053056
2037,EV01099,127,363497
2037,EV00947,133,155521
2037,EV00991,161,330595
2037,EV00005,296,34578907
2038,EV00582,84,213726
2038,EV00880,142,2954784
2038,EV00514,152,64287
2038,EV00843,153,49651
2038,EV01482,158,623125
2038,EV00780,175,148415
2039,EV01906,14,111939
2039,EV01558,94,571318
2039,EV01198,110,152392
2039,EV00275,244,13742498
2040,EV01218,145,508933
2040,EV00086,257,24145180
2041,EV01148,76,2561023
2041,EV01771,81,155189
2041,EV01467,155,2875657
2043,EV01289,87,20844
2043,EV00841,91,76586
2043,EV01620,130,114235
2043,EV00712,139,111547
2043,EV01718,151,761951
2044,EV00446,93,129401
2044,EV01248,94,82688
2044,EV00623,131,81177
2044,EV01519,160,279468
2045,EV00405,105,207681
2045,EV00792,140,67557
2045,EV01688,141,36432
2045,EV00809,152,90423
2045,EV01259,162,274319
2045,EV01486,179,1326745
2046,EV01290,108,114783
2046,EV00684,171,254120
2046,EV01913,357,745118
2047,EV01036,89,3516292
2047,EV01349,114,88169
2047,EV00680,185,834367
2047,EV00192,236,16305302
2047,EV01869,350,1742728
2048,EV01091,119,20811
2048,EV01773,126,137043
2048,EV01079,135,148415
2048,EV00875,157,1141702
2048,EV00001,278,2389921
2048,EV00312,289,5548364
2049,EV01079,128,208790
2049,EV00362,139,2517331
2049,EV00751,147,21344
2049,EV00385,158,48784
2049,EV01500,161,66294
2049,EV00303,236,785333
2050,EV00068,248,18696887
2051,EV00367,102,2651569
2051,EV00471,111,777121
2051,EV00406,129,49870
2051,EV01103,130,127877
2051,EV00447,164,292380
2051,EV01441,171,568721
2051,EV00238,268,7978461
2052,EV00893,119,398697
2053,EV01285,68,373585
2053,EV00831,75,184059
2053,EV00427,108,85020
2053,EV01076,119,61579
2053,EV01464,124,57624
2054,EV01119,76,674915
2054,EV01731,96,3293527
2054,EV01099,107,1010404
2054,EV00750,155,457177
2054,EV01432,169,1573198
2055,EV00751,97,18541
2055,EV00579,146,340596
2056,EV01413,154,198820
2056,EV00191,246,897647
2057,EV00831,105,806481
2057,EV00557,216,157226
2059,EV01590,60,37474
2059,EV00326,107,70963
2059,EV00752,162,1798271
2060,EV01406,96,652246
2060,EV01349,136,158635
2060,EV01473,145,256843
2060,EV00699,183,50248
2061,EV01040,167,57026
2061,EV01297,167,81779
2061,EV00435,195,508552
2062,EV00657,99,283922
2062,EV01546,149,1078342
2062,EV01079,154,104049
2063,EV01435,125,52972
2063,EV01030,135,286493
2063,EV00615,150,622723
2064,EV00325,89,198572
2064,EV00359,120,1212765
2064,EV01380,131,230097
2064,EV00658,134,1125114
2064,EV01039,197,49100
2064,EV01967,358,345234
2065,EV01999,44,3634254
2065,EV00399,88,121542
2065,EV01366,123,655123
2065,EV01392,136,847793
2066,EV00803,112,155302
2066,EV00816,114,71814
2066,EV01575,135,65792
2066,EV00757,143,538344
2066,EV00813,179,711441
2066,EV00837,216,90772
2067,EV01211,111,34913
2067,EV01269,133,54896
2068,EV00809,77,82130
2068,EV01646,165,35525
2068,EV00964,185,252170
2069,EV01386,118,73164
2069,EV01558,160,64810
2069,EV00880,182,8435559
2069,EV00312,199,5429494
2069,EV00191,231,2041400
2070,EV01077,104,1637088
2070,EV01464,114,108356
2070,EV00328,117,450670
2070,EV01518,139,127486
2070,EV00681,154,70093
2070,EV01571,173,491333
2070,EV00020,256,2602154
2070,EV00303,258,1315955
2071,EV01629,128,175964
2071,EV01796,150,118362
2071,EV01817,155,190678
2071,EV01366,201,403969
2071,EV01304,240,485354
2072,EV00288,282,816217
2073,EV00593,98,628673
2073,EV01377,127,2378867
2073,EV01499,151,398192
2073,EV00073,235,23581329
2074,EV01285,185,207231
2074,EV00040,252,16704414
2075,EV01076,103,127636
2075,EV00747,113,227712
2075,EV01190,115,959391
2075,EV01305,128,304320
2075,EV00893,156,448986
2075,EV01687,176,533960
2076,EV00809,143,191025
2076,EV01730,149,1685504
2076,EV01566,151,210888
2076,EV01414,160,22416
2076,EV01274,189,36131
2076,EV00218,271,13757676
2077,EV00935,99,3990419
2077,EV01429,104,117990
2077,EV00781,135,631706
2077,EV00782,195,911031
2078,EV01591,118,129531
2078,EV01651,133,199039
2078,EV01274,145,11069
2078,EV00522,173,806866
2078,EV00707,173,312398
2078,EV00225,212,3250498
2079,EV01968,27,4327510
2079,EV01672,93,121821
2079,EV00428,145,853885
2079,EV01023,177,136139
2080,EV01326,124,620513
2080,EV00383,128,56897
2080,EV01346,129,21436
2080,EV01326,202,356800
2080,EV00078,224,10795852
2081,EV01739,101,188600
2081,EV00993,137,29381
2081,EV01608,174,88341
2082,EV01752,147,57977
2082,EV01793,168,25592
2082,EV01502,185,184154
2082,EV00113,261,1472334
2083,EV01779,106,315464
2083,EV00848,116,30730
2083,EV01311,131,67564
2083,EV00533,143,2839609
2084,EV00655,98,388395
2084,EV00936,135,622938
2084,EV01231,139,51012
2084,EV00500,152,293767
2084,EV00476,180,321738
2084,EV00121,265,5184199
2085,EV01138,115,77594
2085,EV01682,159,544708
2085,EV00472,203,67649
2085,EV00347,207,1067739
2085,EV00205,282,74670919
2086,EV00751,119,25735
2086,EV00981,123,61903
2086,EV01123,157,3316839
2086,EV01605,225,192422
2087,EV01435,84,97955
2087,EV01701,193,21806
2087,EV00160,229,36791206
2088,EV00928,110,73845
2088,EV00999,117,4603793
2089,EV00557,144,63568
2089,EV01618,171,17150
2089,EV00682,215,19370
2089,EV00211,228,18923217
2090,EV00568,60,1069742
2090,EV01471,133,169779
2090,EV01138,172,172496
2091,EV01051,160,1098827
2091,EV01426,168,2047493
2092,EV00946,77,165627
2092,EV00734,136,13370
2092,EV00363,139,56662
2092,EV01385,142,98217
2092,EV01000,150,10278
2092,EV01158,154,44370
2092,EV01079,157,55583
2092,EV01281,157,374632
2092,EV00815,165,1056116
2093,EV01100,97,131464
2093,EV00368,192,29860
2094,EV00379,120,1659996
2094,EV01239,128,506864
2094,EV01585,186,470535
2094,EV00003,250,2039987
2095,EV01450,130,1069747
2095,EV01629,169,364269
2096,EV00604,103,432593
2096,EV00931,121,51666
2096,EV00786,141,86812
2096,EV00602,148,114379
2097,EV01948,18,3131715
2097,EV00472,131,70407
2097,EV01427,136,195948
2097,EV00470,142,26970
2097,EV01653,163,97661
2097,EV01721,168,201176
2097,EV01195,169,3430668
2097,EV01550,173,520561
2097,EV01546,213,710040
2097,EV00140,269,717734
2098,EV00644,104,9096021
2098,EV01274,104,30150
2098,EV01414,117,20068
2098,EV01030,141,381116
2098,EV00447,181,977833
2098,EV01577,192,5389535
2098,EV01946,324,1008812
2099,EV01649,67,350458
2099,EV01368,92,392370
2099,EV01075,143,18431
2099,EV00206,195,1616031
2100,EV01073,85,603952
2100,EV00405,127,53982
2100,EV00565,145,26930
2100,EV00026,247,2532533
2101,EV01043,192,789557
2101,EV00116,220,4421641
2102,EV00880,90,11674817
2102,EV01349,133,66918
2102,EV01625,133,317889
2102,EV01618,148,44667
2102,EV01718,152,872223
2103,EV01027,81,344479
2103,EV01422,138,69218
2103,EV00616,139,204914
2103,EV00773,146,128020
2103,EV00628,156,78761
2104,EV01793,104,19293
2104,EV00629,106,6755979
2104,EV01231,137,47403
2104,EV01115,142,404563
2104,EV01674,151,818233
2104,EV00386,158,364184
2104,EV01281,158,761595
2104,EV00476,170,199618
2105,EV00030,194,5472271
2106,EV01544,100,397389
2106,EV00375,140,108798
2106,EV00947,141,105566
2106,EV01321,148,151985
2106,EV00887,149,69079
2106,EV00941,168,9559
2106,EV01487,169,42513
2107,EV00842,108,69163
2107,EV00385,118,117919
2107,EV00699,127,94555
2107,EV00458,146,13176534
2107,EV01641,165,185818
2107,EV01556,180,239168
2107,EV00216,234,1288654
2107,EV00045,281,13782579
2108,EV01485,112,52032
2108,EV00376,205,100143
2109,EV01395,123,38182
2109,EV00616,140,164674
2110,EV01793,138,31785
2110,EV01170,153,2022941
2111,EV01824,12,250142
2111,EV01272,68,226773
2111,EV00521,122,579153
2111,EV00803,146,116034
2111,EV00397,147,310369
2112,EV00963,108,963537
2112,EV01332,129,639943
2112,EV01267,135,792075
2113,EV01487,116,69380
2113,EV01537,116,187063
2113,EV01750,124,9994849
2113,EV00779,175,44266
2113,EV00225,256,3144195
2114,EV00696,75,312129
2114,EV01218,114,1535428
2114,EV01080,140,728993
2114,EV00988,176,61119
2114,EV00431,182,163509
2115,EV00328,130,527651
2115,EV00486,192,70168
2115,EV00267,250,37976428
2116,EV01201,107,52537
2116,EV01216,131,942718
2117,EV01439,141,3131904
2117,EV01806,142,86513
2117,EV01444,184,393917
2118,EV00509,66,94789
2118,EV01029,107,95803
2118,EV01359,168,819062
2119,EV00351,69,217982
2119,EV01313,76,979262
2119,EV00435,93,540909
2119,EV01238,126,184906
2119,EV00816,137,49845
2119,EV01156,157,892368
2119,EV01558,166,259807
2119,EV00241,235,4005833
2119,EV00028,261,33257926
2119,EV00275,266,14753880
2120,EV00496,87,100662
2120,EV01452,155,265220
2121,EV01254,88,1384182
2121,EV00655,99,83600
2121,EV01414,126,20973
2121,EV01243,148,13284
2122,EV01787,98,226952
2122,EV01152,145,1394475
2122,EV00451,150,227116
2123,EV01975,46,727715
2123,EV01353,113,85858
2123,EV00752,161,1605411
2123,EV00500,188,266925
2123,EV00078,263,11578581
2124,EV01111,128,129586
2124,EV00899,148,83707
2124,EV01627,160,132018
2124,EV01580,198,84016
2125,EV00790,97,98647
2125,EV01233,108,702751
2125,EV01322,109,188371
2125,EV01030,143,203803
2126,EV01781,124,615552
2126,EV00782,126,533094
2127,EV01413,131,260576
2127,EV01783,132,212768
2127,EV01019,141,115698
2127,EV00858,153,287416
2127,EV00157,277,119386157
2128,EV00953,94,54267
2128,EV00871,141,493556
2129,EV00448,125,901002
2129,EV00975,161,445961
2129,EV01288,171,136634
2131,EV00799,125,72130
2131,EV00511,127,281261
2131,EV00661,130,285166
2131,EV01533,189,319332
2131,EV01642,193,952638
2131,EV00275,242,7138628
2131,EV00146,245,10066123
2132,EV00901,132,132985
2132,EV01545,165,18476
2133,EV01629,91,100579
2133,EV01482,127,579516
2133,EV01246,135,288261
2133,EV00990,142,1083523
2133,EV01395,143,31756
2133,EV01500,192,89012
2133,EV01294,196,1881412
2133,EV00286,210,66041650
2133,EV00030,241,8955318
2133,EV00171,310,24796751
2134,EV01093,116,2251409
2135,EV01170,118,1387238
2135,EV01508,168,267279
2136,EV00382,60,48341
2136,EV00402,179,845621
2136,EV00565,183,53032
2136,EV01959,357,620802
2137,EV01793,154,24151
2138,EV01753,106,367287
2138,EV01368,157,510903
2138,EV00540,164,58841
2138,EV01052,174,52225
2139,EV01766,95,135668
2139,EV00450,101,414423
2139,EV00412,104,258875
2139,EV00691,145,131939
2139,EV01448,183,570598
2139,EV01466,185,13124753
2140,EV01846,21,616362
2140,EV00760,98,32107
2140,EV00472,111,82833
2140,EV00773,150,303876
2140,EV00574,156,501445
2140,EV01470,167,71898
2140,EV00988,226,51660
2141,EV01079,110,183504
2141,EV00050,239,23602961
2141,EV00211,269,12268037
2142,EV00979,112,126153
2142,EV01415,148,1040285
2142,EV00358,150,95598
2142,EV00082,237,4365569
2143,EV00711,68,293020
2143,EV00191,273,1143120
2144,EV01913,25,1285553
2144,EV01333,100,68027
2144,EV00998,113,433939
2144,EV00460,116,1288006
2144,EV01756,121,53379
2144,EV01751,149,83346
2144,EV01367,164,953121
2145,EV00938,112,53814
2145,EV01379,120,19371
2145,EV00680,142,1510525
2145,EV01176,156,710295
2145,EV00504,169,336737
2145,EV00288,225,565780
2146,EV01747,96,181834
2146,EV01812,110,228617
2146,EV00897,112,513035
2146,EV00896,135,133812
2146,EV01246,148,583574
2146,EV00303,240,2240026
2147,EV00651,140,489284
2147,EV00414,181,65590
2147,EV00768,215,434684
2147,EV00146,226,8988851
2148,EV01246,74,264587
2148,EV00683,95,86940
2148,EV01423,100,129322
2148,EV00636,134,163803
2148,EV01801,150,123546
2148,EV01158,151,200606
2148,EV00115,198,1214685
2149,EV01789,65,50352
2149,EV01750,75,10285295
2149,EV01349,160,98266
2149,EV01508,178,565402
2149,EV01259,217,630889
2149,EV00035,247,5868723
2150,EV01675,91,27852
2150,EV00335,110,389145
2150,EV00657,114,160924
2150,EV01025,152,7883521
2150,EV01720,169,1171360
2150,EV01310,227,16712
2151,EV01526,84,73826
2151,EV01052,93,51852
2151,EV01806,163,91474
2151,EV01285,177,375875
2152,EV01760,130,37672
2152,EV01235,135,95218
2152,EV00552,150,164491
2152,EV00751,162,32337
2152,EV01672,172,37801
2153,EV01827,13,687684
2153,EV01405,96,3960028
2153,EV00710,105,1860922
2153,EV00837,161,53457
2153,EV00136,228,36215646
2154,EV01277,143,93157
2154,EV00604,148,289186
2154,EV01068,174,230480
2154,EV00045,232,4515578
2155,EV00992,95,144802
2155,EV01076,96,94269
2155,EV01455,147,1302781
2155,EV00593,182,349923
2155,EV01502,227,168191
2156,EV01526,76,206086
2156,EV01431,84,1344616
2156,EV00668,90,2521133
2156,EV00709,129,58721
2157,EV00883,70,66444
2157,EV01725,113,881028
2157,EV01600,114,40638
2157,EV00480,121,48563
2157,EV00719,129,68998
2157,EV00089,239,1300364
2157,EV00237,268,138941034
2158,EV00850,104,38436
2158,EV01136,108,992098
2158,EV00793,119,166457
2158,EV00524,122,1627621
2158,EV00513,151,33324
2159,EV00512,133,540119
2159,EV01444,159,632522
2159,EV01333,178,58550
2159,EV00110,192,16403656
2160,EV00830,115,38922
2160,EV01346,168,64927
2160,EV01789,175,65206
2160,EV00300,182,5463413
2160,EV00382,193,34664
2160,EV00152,267,7969587
2160,EV00054,278,26360917
2160,EV00156,292,7222693
2161,EV01337,98,76745
2161,EV00997,112,12929
2161,EV01276,146,32538
2162,EV01768,119,660990
2162,EV01329,159,102140
2162,EV00389,223,742723
2162,EV00162,248,24682091
2162,EV00168,269,3384559
2163,EV00397,74,277870
2163,EV01520,84,370584
2163,EV01427,111,225206
2164,EV01957,14,910715
2164,EV01895,59,2987889
2164,EV00699,97,116153
2164,EV00328,110,549163
2165,EV00720,101,63266
2165,EV01539,132,122656
2165,EV00431,202,61161
2166,EV00679,126,244881
2166,EV00350,131,87299
2166,EV00358,176,163371
2167,EV01558,83,216171
2167,EV01772,138,26090
2167,EV01480,160,2159036
2167,EV00206,227,2479305
2167,EV00107,245,55131415
2168,EV00991,93,179533
2168,EV01650,108,659109
2168,EV01012,189,580289
2169,EV01827,26,3690813
2169,EV01311,99,185844
2169,EV00813,137,898600
2169,EV01345,160,80106
2170,EV00522,132,347906
2171,EV01404,160,705991
2171,EV00206,242,749416
2171,EV00017,255,442932
2172,EV01290,141,170285
2172,EV01055,201,1345969
2172,EV00120,256,9954936
2172,EV00141,278,39908577
2173,EV01067,110,53477
2173,EV00960,123,459390
2173,EV00833,156,169957
2173,EV01777,165,200034
2173,EV01339,170,546496
2173,EV01732,187,58441
2173,EV00083,229,5740244
2174,EV01085,104,512239
2174,EV01469,124,430744
2174,EV00391,158,169419
2174,EV00896,211,127970
2175,EV00776,128,619821
2175,EV00908,133,300932
2175,EV01148,137,1621772
2175,EV00032,252,19674766
2175,EV00225,270,3922413
2176,EV01481,179,256952
2177,EV00877,97,1304242
2177,EV00385,176,21473
2177,EV01233,215,801509
2177,EV00190,229,31078525
2178,EV01136,116,661704
2178,EV01100,161,52937
2178,EV00715,180,102390
2179,EV00413,121,60737
2179,EV01769,143,139149
2179,EV00044,287,7320115
2180,EV01385,97,101260
2180,EV00821,105,65412
2181,EV01659,128,169686
2181,EV01745,160,101690
2181,EV00576,161,284412
2181,EV01324,167,1593234
2181,EV01570,175,51043
2181,EV00209,264,73532497
2182,EV01426,160,2416216
2183,EV01111,75,52088
2183,EV01818,112,304476
2183,EV00690,118,31263
2184,EV01032,173,99008
2184,EV00228,253,180249470
2185,EV00997,97,20504
2185,EV00418,100,96607
2185,EV01281,128,759249
2185,EV00113,261,1527644
2186,EV00812,78,369663
2186,EV01310,112,22329
2186,EV00502,139,1613369
2186,EV00719,161,77046
2186,EV00684,176,206354
2187,EV00765,107,1410190
2187,EV01091,150,34905
2187,EV00268,292,73222130
2188,EV00438,136,369798
2188,EV01313,143,584483
2188,EV00592,152,508351
2188,EV00319,295,28385135
2189,EV01753,95,80001
2189,EV00964,103,368128
2189,EV00981,124,201804
2189,EV00772,143,153185
2189,EV00500,151,358891
2189,EV01158,159,376183
2189,EV00792,199,65979
2190,EV01014,91,146856
2190,EV00548,102,80282
2190,EV01134,174,79061
2191,EV01398,84,164895
2191,EV01626,141,23232
2191,EV00638,182,166289
2192,EV01812,110,269435
2192,EV01236,127,699354
2192,EV01591,166,97536
2192,EV01758,184,32078
2192,EV00429,230,206120
2192,EV00231,307,6199325
2193,EV01345,71,178691
2193,EV00626,83,155801
2193,EV00672,111,46603
2193,EV01682,131,2468911
2193,EV00715,179,164997
2193,EV00505,185,1602298
2193,EV00786,215,158513
2194,EV00787,167,73578
2194,EV01079,171,228572
2195,EV00288,260,511279
2196,EV00532,101,222795
2196,EV01498,165,39282
2196,EV01437,183,62838
2197,EV00400,101,772019
2197,EV01099,104,714874
2197,EV01570,126,95646
2197,EV00183,259,16601323
2198,EV01324,98,3365596
2198,EV00391,121,74692
2198,EV01232,136,1142265
2198,EV01324,138,1249604
2198,EV00319,258,36234240
2199,EV01618,60,42142
2199,EV00595,86,164340
2199,EV00355,138,169742
2199,EV00997,153,36882
2199,EV01034,153,1869450
2200,EV01503,82,425837
2200,EV01576,88,2074096
2200,EV00783,131,24411
2200,EV01346,137,57812
2200,EV00171,274,12680677
2201,EV00896,83,241331
2201,EV00528,108,324707
2201,EV01616,109,9741
2201,EV01089,164,363687
2201,EV01098,205,3038155
2202,EV01204,98,88799
2202,EV00387,122,293547
2202,EV01883,353,2755792
2203,EV00045,256,10010169
2204,EV00347,116,495044
2204,EV00803,133,210177
2204,EV01580,148,152557
2204,EV00225,260,1962333
2205,EV00460,77,1503479
2205,EV01289,149,30687
2205,EV01158,168,124740
2206,EV00884,148,190655
2208,EV01552,184,235952
2209,EV01775,75,549932
2209,EV01804,198,69369
2209,EV00184,266,9203561
2210,EV01356,115,264679
2210,EV00500,126,304477
2211,EV00799,151,147695
2211,EV00460,199,1255009
2212,EV01780,67,56283
2212,EV00991,135,411864
2212,EV00386,144,195592
2212,EV00690,186,46768
2212,EV00191,266,1533250
2212,EV01846,351,186246
2213,EV00709,87,79325
2213,EV01627,102,66787
2213,EV00416,113,1118074
2213,EV01210,160,141483
2214,EV00636,109,60869
2214,EV00999,111,2718896
2215,EV01954,30,1309751
2215,EV00559,150,52215
2215,EV01713,169,8185714
2215,EV00600,191,44190
2215,EV01137,191,149031
2215,EV00281,253,5925996
2216,EV00816,102,156168
2216,EV01021,109,765491
2216,EV01790,120,2505023
2216,EV00457,162,147286
2216,EV00954,167,64160
2216,EV00234,286,159166481
2217,EV01390,129,920040
2217,EV01288,168,146851
2218,EV00370,60,1184538
2218,EV01684,83,74157
2218,EV01766,126,372302
2218,EV00579,202,221035
2218,EV00130,210,2280512
2219,EV00426,117,540600
2219,EV01485,135,19548
2219,EV00593,158,343440
2220,EV00752,101,836071
2220,EV01812,190,763887
2220,EV00429,236,87714
2221,EV01349,133,98187
2221,EV01778,141,63356
2221,EV00567,171,74467
2221,EV01793,175,12194
2221,EV00137,328,12572068
2222,EV01722,112,53891
2222,EV00565,150,51269
2222,EV01327,182,55552
2222,EV00083,203,5602637
2222,EV00938,228,28455
2222,EV00246,269,8167712
2224,EV00880,107,7186076
2224,EV01793,141,28679
2224,EV00651,147,139719
2224,EV00225,260,2227878
2225,EV01427,158,254294
2225,EV00110,272,7657752
2226,EV00793,105,141721
2226,EV01310,174,17879
2227,EV01429,110,173341
2227,EV01158,177,266990
2227,EV01285,194,450355
2227,EV01289,200,42825
2228,EV00545,102,211945
2228,EV01073,151,530396
2228,EV00175,205,6530624
2229,EV00574,145,766894
2229,EV00457,158,137274
2229,EV00171,264,9190617
2230,EV00809,123,98669
2230,EV01615,124,479700
2231,EV00854,76,353182
2231,EV00327,84,227834
2231,EV01276,105,70299
2231,EV01796,153,212769
2232,EV00383,149,22471
2232,EV01680,156,1104916
2233,EV01846,13,945640
2233,EV01141,60,155083
2233,EV01530,105,223012
2234,EV01801,91,100741
2234,EV00545,125,593939
2234,EV01322,126,72771
2234,EV00848,193,20783
2235,EV01541,72,2855160
2235,EV00826,90,5003458
2235,EV01251,120,56559
2235,EV01303,159,270007
2235,EV00856,169,1504895
2235,EV00593,171,460357
2235,EV01486,176,918870
2236,EV01993,29,3388111
2236,EV01766,99,540309
2236,EV01230,111,62627
2236,EV01359,115,595888
2236,EV00942,163,962915
2236,EV01063,206,169275
2236,EV00142,232,15045238
2237,EV01444,124,149677
2237,EV01067,139,86297
2237,EV01213,139,874636
2237,EV01108,156,153770
2238,EV00621,128,35046
2238,EV00866,150,154064
2239,EV00939,126,1232296
2239,EV01565,148,1015519
2239,EV01975,347,299373
2240,EV01256,151,4174546
2240,EV01413,160,79959
2240,EV00153,245,10749585
2241,EV00600,96,36190
2241,EV00594,120,69303
2241,EV00880,126,9449748
2241,EV01304,156,81249
2241,EV00841,216,208589
2242,EV00723,98,52286
2242,EV01462,115,6569291
2242,EV01067,131,33479
2242,EV01561,174,119355
2242,EV00875,182,2561425
2242,EV00373,188,29895
2243,EV00358,121,255548
2243,EV01225,132,3918886
2243,EV01144,185,924536
2243,EV01019,188,136698
2243,EV01791,200,28206
2243,EV00288,224,941357
2243,EV00101,282,26659775
2244,EV01729,129,888005
2244,EV01492,164,451405
2244,EV00057,265,20577872
2245,EV01610,71,346202
2245,EV01578,110,75510
2245,EV00809,120,55740
2245,EV00942,120,412068
2246,EV01079,118,106025
2246,EV01209,159,385185
2246,EV00761,192,306955
2247,EV01798,123,566584
2247,EV01754,125,762806
2247,EV00927,131,321189
2247,EV01414,161,31306
2247,EV00126,234,4829154
2248,EV00579,112,196698
2248,EV00206,295,1486645
2249,EV00908,129,341425
2249,EV00879,147,306140
2249,EV01435,155,24698
2249,EV00181,295,46423772
2249,EV01938,319,933742
2250,EV01168,109,68483
2250,EV00250,262,599881
2251,EV01822,16,864810
2251,EV00843,103,286082
2251,EV00843,111,62978
2251,EV00438,139,227304
2251,EV01001,160,33124
2251,EV01765,161,1669446
2251,EV01435,190,56695
2251,EV00076,259,3340965
2252,EV01666,103,361424
2252,EV00534,119,195337
2252,EV01760,143,11233
2252,EV00819,160,66827
2252,EV00206,265,1524857
2253,EV01414,93,31964
2253,EV01141,103,326868
2255,EV01561,141,244233
2255,EV01752,149,88704
2255,EV01170,164,1198304
2255,EV00385,184,47154
2255,EV00305,254,15704700
2256,EV00850,73,111059
2256,EV01590,107,77214
2256,EV00709,189,63700
2257,EV00605,124,235950
2258,EV01548,82,133887
2258,EV00720,156,49281
2258,EV00363,189,87866
2259,EV00420,82,1104843
2259,EV01349,142,141315
2259,EV00998,154,308599
2259,EV00595,160,196514
2259,EV00130,260,4613520
2260,EV00472,67,85477
2260,EV00937,106,119386
2260,EV01023,109,296639
2260,EV01072,129,916579
2260,EV01251,129,70017
2260,EV01391,154,1262271
2261,EV00870,126,3606117
2262,EV00809,131,225022
2262,EV01397,157,267059
2262,EV00494,168,155933
2262,EV00781,199,688629
2263,EV01998,12,474834
2263,EV00761,100,912507
2263,EV01391,142,738367
2263,EV00930,146,1136608
2263,EV00431,150,193688
2264,EV01285,105,329252
2264,EV00866,123,84683
2264,EV00168,236,1783264
2265,EV00911,138,10240
2266,EV00537,113,78844
2266,EV01771,123,132126
2266,EV01003,131,6273675
2266,EV00884,142,1284940
2266,EV00709,172,147000
2267,EV01402,131,1180913
2267,EV01634,157,167723
2267,EV01060,168,21799
2267,EV01801,207,243875
2268,EV00696,125,901897
2268,EV01325,134,4251728
2268,EV00061,259,24937250
2269,EV00449,83,1499045
2269,EV01654,125,1521435
2269,EV01381,214,279951
2270,EV01079,156,124063
2270,EV01230,217,125419
2271,EV00534,132,778257
2271,EV01539,151,79617
2271,EV01160,168,239449
2271,EV00863,175,135086
2271,EV00568,193,947984
2273,EV00783,172,25116
2273,EV01211,173,53485
2273,EV01191,187,1245356
2273,EV00236,274,36209834
2274,EV01663,70,109301
2274,EV00326,119,141732
2274,EV00274,238,42387319
2275,EV00328,108,1105383
2275,EV00790,110,79000
2275,EV01780,120,59380
2275,EV00115,233,1462103
2275,EV00277,270,7332777
2276,EV00502,126,1099359
2276,EV00138,259,16895809
2276,EV00060,302,3305782
2277,EV01604,145,809850
2277,EV00145,248,104731814
2278,EV00851,138,30695
2278,EV01327,180,74522
2278,EV01068,193,556339
2279,EV01856,29,1758161
2279,EV00969,93,70335
2279,EV01124,93,1067691
2279,EV00805,147,150912
2280,EV01876,31,3492284
2280,EV01103,145,98216
2280,EV01519,169,344327
2280,EV00754,188,514801
2280,EV01561,240,195864
2281,EV00813,101,754606
2281,EV00326,136,226484
2281,EV00838,173,560638
2281,EV01457,217,685349
2281,EV00098,239,73580753
2281,EV00247,271,5558017
2282,EV00679,118,352806
2282,EV00616,133,424843
2282,EV00869,174,951700
2282,EV00009,251,36527877
2283,EV01088,82,43172
2283,EV00720,97,96734
2283,EV01505,103,154275
2283,EV00842,111,120063
2283,EV01755,126,1274228
2283,EV01752,140,122983
2283,EV00222,230,311825
2284,EV01798,91,604987
2284,EV01421,111,65480
2284,EV01224,135,264136
2284,EV01198,151,471194
2284,EV00255,228,7205702
2285,EV01672,146,42432
2285,EV00548,154,45325
2285,EV01424,162,733864
2285,EV01551,167,46744
2285,EV00621,176,174697
2286,EV00666,158,70763
2286,EV01326,160,146567
2287,EV01692,60,465186
2287,EV01288,128,472238
2287,EV01170,151,436491
2287,EV00168,270,3697715
2288,EV01324,87,2918093
2288,EV00729,188,92205
2289,EV01436,72,4116442
2289,EV01045,85,5605905
2289,EV01322,147,110865
2289,EV01067,161,55109
2289,EV00432,168,211884
2289,EV00866,196,115229
2290,EV01673,99,429503
2290,EV01165,129,305861
2290,EV01168,158,93449
2290,EV00614,205,446326
2290,EV00010,249,18019443
2291,EV01105,174,69983
2291,EV01425,184,182992
2291,EV01012,197,382153
2292,EV00466,110,108407
2292,EV01413,130,82241
2292,EV01207,151,869143
2293,EV00431,173,71521
2293,EV00319,259,95202873
2293,EV00303,273,729835
2294,EV01067,60,118581
2294,EV01616,78,48993
2294,EV00835,103,1546033
2294,EV01213,158,2912206
2294,EV00849,167,7798786
2294,EV01621,192,253142
2294,EV01313,195,1858108
2295,EV01922,15,10771408
2295,EV00387,106,810091
2295,EV00809,118,148955
2295,EV00326,121,124803
2295,EV00867,142,98911
2296,EV00955,129,4187426
2297,EV00939,152,972747
2297,EV01422,179,11954
2298,EV00386,107,228065
2299,EV00392,105,517861
2299,EV01238,131,170482
2299,EV00657,137,107508
2299,EV00624,153,68901
2299,EV00942,165,692026
2299,EV00812,179,341056
2300,EV01869,16,938622
2300,EV01570,123,146655
2300,EV01633,127,25174
2300,EV01073,140,305064
2300,EV00593,145,315460
2301,EV01304,121,138931
2301,EV00519,128,72785
2302,EV01843,5,5585416
2302,EV00921,122,1524109
2302,EV01775,142,352641
2302,EV01639,143,212497
2302,EV00039,274,1060227
2302,EV00168,286,729156
2303,EV00731,125,1814459
2303,EV01623,136,68695
2303,EV00981,190,31040
2303,EV00886,193,3137831
2303,EV00060,247,1590310
2303,EV00087,250,52544690
2303,EV00096,269,220120
2303,EV00288,284,1196819
2304,EV01220,81,740731
2304,EV00837,111,21771
2304,EV00637,124,213785
2304,EV01787,155,98568
2304,EV00277,300,6076186
2305,EV01183,104,155057
2305,EV01365,160,134443
2305,EV00206,252,2097392
2305,EV00001,284,1134958
2306,EV01059,105,81949
2306,EV00863,143,220494
2306,EV00502,183,799409
2306,EV01201,193,25952
2307,EV00408,80,162996
2307,EV01071,117,1221230
2307,EV00509,151,114493
2307,EV00026,276,2817753
2308,EV01655,125,3244019
2308,EV01357,150,668576
2308,EV01453,171,1803560
2309,EV01762,60,1098662
2309,EV00707,81,145722
2309,EV00635,182,1095165
2309,EV00216,333,819336
2310,EV01240,120,604163
2311,EV00467,99,1077568
2311,EV01616,165,102912
2311,EV00240,263,104396356
2312,EV00386,90,185631
2312,EV01657,93,712399
2312,EV01641,149,190402
2313,EV01703,144,83431
2313,EV01414,178,55836
2314,EV00758,134,752305
2314,EV01312,156,3091187
2314,EV00772,171,366472
2314,EV01749,191,17716
2314,EV00233,206,15150927
2315,EV01422,93,46081
2315,EV01248,100,125760
2315,EV00692,142,1163857
2315,EV01766,174,97160
2315,EV00112,254,3892657
2316,EV00624,85,214707
2316,EV01208,140,125809
2316,EV00413,146,183662
2316,EV01633,148,72472
2316,EV00315,265,1700415
2317,EV01979,20,481516
2317,EV01503,92,184242
2317,EV00508,132,694561
2317,EV00723,193,29404
2318,EV01210,133,262930
2319,EV00896,191,150355
2320,EV01772,117,37437
2320,EV01190,122,493313
2320,EV01003,145,9059865
2320,EV00612,146,10220
2320,EV01322,158,91676
2320,EV00380,171,190227
2320,EV00068,215,5737560
2320,EV00225,221,3071802
2320,EV00099,266,12013942
2320,EV01846,349,738531
2321,EV01035,130,1156288
2321,EV00465,134,162708
2321,EV00594,134,44509
2321,EV01607,137,304851
2321,EV01808,159,566262
2321,EV00140,253,583696
2321,EV00250,278,981189
2322,EV01865,22,996198
2322,EV01080,119,749991
2322,EV01795,130,165107
2322,EV00544,139,124147
2322,EV01423,150,150866
2322,EV00135,260,15288943
2323,EV01274,135,42281
2323,EV00981,232,114978
2324,EV01471,86,245878
2324,EV00935,113,3753946
2324,EV01158,125,213790
2324,EV01647,148,592428
2324,EV00751,165,10143
2324,EV00718,167,17813
2324,EV00030,292,5276595
2325,EV00481,187,759767
2325,EV00149,209,1563034
2326,EV01827,41,1367955
2326,EV00838,111,1278193
2326,EV00635,138,997215
2326,EV01062,149,70378
2326,EV01000,150,23961
2326,EV01043,160,536938
2326,EV00258,259,16149885
2327,EV01824,12,782206
2327,EV00915,96,194412
2327,EV01712,166,506649
2328,EV01913,45,411997
2328,EV01745,137,61572
2328,EV00955,180,3184743
2328,EV00073,215,5184389
2328,EV00255,224,2295803
2328,EV00148,238,15694535
2328,EV00149,243,1977036
2329,EV00587,196,821974
2330,EV01321,111,101843
2330,EV01508,167,65500
2331,EV00950,100,1037033
2331,EV00563,124,27120
2331,EV00409,139,4930186
2331,EV00068,256,3618837
2332,EV00471,99,948521
2332,EV00887,125,41481
2332,EV01422,131,38811
2332,EV01036,132,1862953
2332,EV00733,176,1097606
2333,EV01849,16,1200399
2333,EV01610,152,354328
2333,EV01743,187,1697348
2334,EV01103,112,138710
2334,EV00489,117,254780
2334,EV00445,139,189442
2334,EV01111,153,28637
2335,EV01017,80,676164
2335,EV00532,95,224185
2335,EV01403,120,195204
2335,EV01809,124,163160
2335,EV00345,133,59769
2336,EV00382,109,41161
2336,EV01668,122,474483
2336,EV00928,125,12038
2336,EV00793,126,119819
2336,EV01684,138,43287
2337,EV00704,121,5429720
2337,EV01202,121,37470
2337,EV01211,123,61706
2337,EV01105,128,143500
2337,EV00717,140,35086
2337,EV00114,204,107909619
2337,EV00199,231,33391588
2337,EV00318,280,9529446
2338,EV01404,103,361742
2338,EV01617,125,83842
2338,EV00118,204,11435228
2339,EV01264,145,1028850
2339,EV01629,181,288494
2339,EV00126,227,1892546
2339,EV00275,246,11328471
2340,EV01835,79,1829005
2340,EV01321,103,181404
2340,EV00445,105,303851
2340,EV01473,114,109430
2340,EV01348,141,637004
2340,EV01817,154,229282
2340,EV01796,160,102137
2340,EV01343,161,179760
2340,EV00653,165,40289
2340,EV00684,206,420552
2341,EV01585,68,356549
2341,EV01068,155,326409
2341,EV01211,186,75526
2341,EV00149,238,1600086
2342,EV01801,107,104489
2342,EV00717,119,83669
2342,EV00737,149,198415
2342,EV00319,253,24054473
2343,EV01806,89,219662
2343,EV00682,106,78229
2343,EV01369,144,819889
2343,EV00115,265,1681755
2344,EV01202,122,125621
2344,EV01339,149,581056
2344,EV00319,193,17149310
2344,EV01782,194,645416
2345,EV01095,105,456600
2345,EV00820,150,1332868
2345,EV01421,154,67916
2345,EV00972,172,3044157
2346,EV01475,84,2478070
2346,EV00813,106,628852
2346,EV01328,144,261702
2346,EV01672,164,40321
2347,EV01090,128,167937
2348,EV01808,118,167440
2348,EV01307,120,2086667
2348,EV01298,154,615034
2348,EV01452,185,431829
2348,EV01957,363,852434
2349,EV00983,135,70597
2349,EV00361,183,302833
2350,EV00386,124,319334
2350,EV01131,131,23988
2350,EV01769,171,146135
2350,EV01485,184,25800
2350,EV01773,188,95930
2350,EV00413,204,94727
2350,EV00278,257,21108445
2351,EV00562,88,74757
2351,EV00473,139,1623105
2351,EV00642,154,642967
2351,EV00475,158,2576083
2351,EV01709,167,543999
2353,EV00711,118,216883
2353,EV00246,197,10583272
2354,EV01846,20,843461
2354,EV01335,73,11777506
2354,EV00370,99,1835183
2354,EV00816,112,130475
2354,EV01216,168,501485
2354,EV00751,186,29078
2354,EV01274,206,39230
2355,EV00809,138,108510
2355,EV00832,166,890023
2355,EV00113,312,2053875
2356,EV01072,103,553663
2356,EV01023,109,115160
2356,EV00999,112,1925866
2356,EV01370,144,3148387
2356,EV01575,146,18971
2356,EV00136,241,56712287
2357,EV01783,95,243645
2357,EV01165,160,627215
2357,EV01514,235,769393
2358,EV00225,237,2058057
2359,EV00884,89,847984
2359,EV01292,96,2007672
2359,EV00988,136,160110
2360,EV00821,98,84807
2360,EV01677,120,515774
2360,EV00871,128,882600
2360,EV00703,154,59372
2360,EV00780,155,178659
2360,EV01168,163,51232
2360,EV00537,203,55994
2360,EV00171,207,6721493
2360,EV00225,225,2580986
2360,EV00225,242,2822507
2361,EV00848,104,21326
2361,EV00937,168,174724
2361,EV01187,168,261458
2362,EV00760,128,112232
2362,EV00579,163,213195
2362,EV00113,229,1619631
2363,EV00470,140,23264
2363,EV01414,159,23671
2363,EV00128,238,24493966
2364,EV01213,178,1301704
2364,EV01190,204,281756
2365,EV01327,111,24825
2365,EV00772,151,296058
2365,EV00008,251,13308856
2366,EV01775,118,271471
2366,EV00258,247,16605505
2367,EV01166,128,247698
2367,EV01650,141,558056
2367,EV00509,158,25735
2367,EV01187,174,404943
2367,EV01801,180,70575
2367,EV00123,265,15040614
2368,EV00748,125,16758
2368,EV01076,143,163169
2368,EV00536,165,39048
2369,EV01768,132,739268
2369,EV00326,160,245431
2369,EV00226,280,3316175
2370,EV00909,105,589567
2370,EV01444,135,636768
2370,EV00144,271,61535064
2370,EV00162,289,17316825
2371,EV01131,60,18105
2371,EV00887,102,57294
2371,EV00175,244,2164924
2371,EV00019,291,13841313
2372,EV00657,128,151935
2372,EV01627,171,104545
2372,EV00130,256,1378776
2373,EV01119,123,485732
2373,EV01568,172,1098594
2373,EV01527,174,1776194
2373,EV01290,200,175481
2373,EV01177,201,60617
2374,EV00660,137,818564
2374,EV01640,152,37296
2375,EV01018,91,668181
2375,EV01083,141,2637185
2375,EV01261,146,45479
2375,EV00763,153,107341
2375,EV01063,156,482787
2375,EV00407,164,364588
2375,EV00074,296,19808398
2376,EV00993,96,29989
2376,EV00848,97,35088
2376,EV00328,111,545538
2376,EV01221,123,65029
2377,EV01428,89,106473
2377,EV01274,119,17815
2377,EV00327,134,101017
2377,EV00885,230,691036
2378,EV01238,141,168213
2379,EV01790,113,2808346
2380,EV01560,149,231537
2380,EV01504,203,1943215
2380,EV00160,320,52326619
2381,EV01731,130,478388
2381,EV00369,135,55339
2381,EV00499,136,31437
2381,EV00250,259,1102081
2382,EV00614,131,419272
2382,EV00665,142,82013
2382,EV01817,153,142261
2382,EV00733,164,712929
2383,EV00548,156,33852
2383,EV00592,177,172394
2383,EV00251,208,10756416
2383,EV00303,244,1550838
2384,EV01404,106,200389
2384,EV00939,110,1194531
2384,EV01656,126,139481
2384,EV01669,157,368443
2384,EV01659,160,118715
2384,EV00005,193,27531445
2384,EV00255,241,4160577
2385,EV01794,141,100008
2385,EV01273,188,46678
2385,EV00125,253,45693656
2386,EV01100,103,29641
2386,EV01266,112,302576
2386,EV00776,126,3151835
2386,EV00992,126,172523
2386,EV00726,128,1821012
2386,EV01111,135,12176
2386,EV00537,160,15558
2386,EV00264,243,1793147
2387,EV00582,104,284210
2387,EV00234,243,250179201
2389,EV01858,58,700127
2389,EV01280,95,64452
2389,EV01238,148,189494
2389,EV01396,180,309600
2389,EV00047,264,132015398
2390,EV01718,99,885528
2390,EV00594,175,70027
2390,EV00384,195,622305
2391,EV01361,115,92516
2391,EV01131,118,18875
2391,EV01768,133,497652
2391,EV00123,266,10217551
2392,EV00358,110,124974
2392,EV01385,146,86966
2392,EV01537,183,142994
2392,EV00168,257,2287042
2393,EV00745,60,121647
2393,EV00815,107,674011
2393,EV00445,125,228493
2393,EV00451,145,262975
2393,EV01117,153,178484
2393,EV00842,198,86685
2393,EV00247,245,6287297
2394,EV01626,84,36966
2394,EV01226,109,120193
2394,EV00525,120,955417
2394,EV01310,136,25350
2394,EV00644,160,4618364
2394,EV01181,191,60394
2394,EV00158,274,4513310
2395,EV00990,93,1522675
2395,EV00573,108,308169
2395,EV00683,116,142754
2395,EV01734,118,1015622
2395,EV01255,141,1122382
2395,EV00479,157,138332
2395,EV00917,198,562936
2396,EV00365,219,128651
2396,EV00175,268,1395937
2397,EV00324,115,645355
2397,EV00394,117,209015
2397,EV01404,117,444974
2397,EV00908,131,549090
2397,EV01806,138,143264
2397,EV00832,141,647229
2398,EV01127,173,346880
2399,EV01476,130,127669
2399,EV01033,165,915589
2399,EV00620,171,1369007
2399,EV01715,196,605605
2399,EV00600,221,50667
2400,EV01313,96,1208325
2400,EV00591,115,701099
2400,EV00045,219,5467371
2400,EV00222,271,1363218
2401,EV01863,32,568061
2401,EV01362,119,141077
2401,EV01649,135,216860
2401,EV01445,136,3714414
2401,EV01215,169,127882
2401,EV01641,188,409988
2401,EV01634,192,166404
2402,EV01398,129,373859
2402,EV01707,199,258167
2402,EV00300,245,4934965
2403,EV01127,179,279334
2403,EV00807,196,207939
2403,EV00001,236,2321301
2403,EV00104,304,5812481
2404,EV01097,159,17039
2405,EV01404,131,269652
2405,EV00851,176,21313
2405,EV00418,182,79241
2405,EV00535,226,64313
2406,EV00763,96,12664
2406,EV00346,100,78199
2406,EV00857,148,1390815
2406,EV01049,152,219202
2406,EV01410,168,175300
2406,EV00202,252,673697
2407,EV00358,141,100744
2407,EV00552,165,118708
2407,EV00039,278,404598
2408,EV00442,114,54173
2408,EV01395,119,28708
2408,EV01285,132,272363
2408,EV01190,135,405038
2408,EV01721,136,139849
2408,EV01766,147,107532
2408,EV00831,155,394813
2409,EV01591,83,136186
2409,EV00816,93,117809
2409,EV01756,116,196486
2409,EV01382,141,63369
2409,EV00930,155,1263727
2409,EV01655,171,984456
2409,EV00225,253,2262786
2410,EV01707,115,915804
2410,EV00408,134,110879
2410,EV01812,175,517653
2411,EV01103,133,110006
2411,EV00831,169,522362
2411,EV01199,170,421655
2411,EV01284,193,221137
2412,EV00761,62,262620
2412,EV01793,88,4933
2412,EV01435,103,62522
2412,EV01434,161,212369
2413,EV01537,109,117412
2413,EV00300,256,5350214
2414,EV01573,130,143344
2414,EV00819,163,60986
2415,EV01315,124,2093226
2415,EV00699,132,101719
2415,EV00835,177,1457346
2415,EV01483,183,600622
2415,EV00017,275,2391376
2416,EV01319,117,92764
2416,EV01793,124,14769
2416,EV00655,139,262492
2416,EV01359,151,447347
2416,EV00211,201,13917999
2416,EV01486,219,1105545
2417,EV00386,79,126170
2417,EV00355,113,186574
2417,EV01029,121,71771
2417,EV01414,140,11032
2417,EV01273,192,83012
2418,EV01518,116,435936
2419,EV01581,104,215965
2419,EV00989,130,237017
2419,EV01004,136,141641
2419,EV00786,155,85616
2419,EV00057,241,10980257
2420,EV01384,116,45587
2420,EV00715,143,172617
2420,EV01526,145,94387
2420,EV00783,151,35902
2420,EV00729,154,218922
2420,EV00555,187,347069
2421,EV01619,115,889075
2421,EV00843,130,179512
2421,EV00635,176,887436
2422,EV00549,93,270100
2422,EV01691,130,1304052
2422,EV00865,170,2558406
2423,EV00492,95,709500
2423,EV00479,120,41683
2423,EV00595,120,103494
2423,EV01578,163,42180
2423,EV00574,181,355323
2423,EV00170,270,4178067
2424,EV01566,106,289227
2424,EV01729,113,1021917
2424,EV01789,123,140070
2424,EV01365,140,34820
2424,EV01138,146,83989
2424,EV01078,154,661922
2424,EV00237,247,56494608
2425,EV01116,104,59933
2425,EV01551,162,23579
2425,EV00419,179,189613
2425,EV00146,238,4815328
2425,EV01906,348,235925
2426,EV01869,14,1596968
2426,EV01421,83,35648
2426,EV01274,108,36277
2426,EV01615,129,267673
2426,EV00076,283,3331257
2427,EV01810,61,41356
2427,EV01869,70,2784877
2427,EV01103,98,113442
2427,EV01365,108,253363
2427,EV00326,167,215965
2427,EV00871,221,551480
2428,EV00873,105,408006
2428,EV01698,123,271422
2428,EV01503,127,855089
2428,EV01521,132,1938666
2428,EV00295,212,18545128
2429,EV00883,85,41029
2429,EV01453,123,2153110
2429,EV00714,161,109631
2429,EV01408,208,59621
2430,EV01687,119,577562
2430,EV01378,147,192891
2430,EV01663,157,55090
2430,EV00368,163,9650
2430,EV00083,201,7782118
2430,EV00122,267,58377118
2431,EV01720,131,403055
2431,EV00536,150,38576
2431,EV01165,202,280831
2432,EV00570,132,281267
2432,EV01029,194,74817
2433,EV01346,128,107340
2433,EV01448,130,245618
2433,EV00737,142,441016
2433,EV01768,146,461060
2433,EV00786,163,135457
2434,EV01307,127,2103253
2434,EV01385,136,111278
2434,EV00493,137,25046
2434,EV01314,175,857924
2435,EV00580,86,58212
2435,EV00725,96,759299
2435,EV00661,163,169014
2436,EV01471,107,248723
2436,EV00518,116,467245
2436,EV01343,150,163529
2436,EV01433,171,256157
2436,EV00499,214,47090
2437,EV00370,177,669983
2438,EV00848,111,27805
2438,EV00847,132,29856
2439,EV01436,130,3311669
2439,EV01321,142,266112
2439,EV01309,189,3494828
2440,EV00825,156,299346
2440,EV01067,159,119550
2440,EV01384,180,46348
2440,EV00382,224,49447
2440,EV00039,254,1571735
2441,EV01558,93,332034
2441,EV01541,127,3275302
2441,EV00399,137,85640
2441,EV00431,139,90181
2441,EV00116,210,7163036
2441,EV00043,282,23090105
2441,EV00312,311,10044260
2442,EV01734,136,740296
2442,EV01090,150,230110
2442,EV01687,173,258734
2442,EV00955,186,9437616
2442,EV00304,246,33624783
2443,EV01134,117,92130
2443,EV01521,145,1525973
2443,EV01766,170,353667
2443,EV01233,198,377288
2444,EV01690,127,80351
2444,EV01809,136,506914
2444,EV01289,138,16685
2444,EV00517,142,252440
2444,EV00562,175,79862
2444,EV00203,255,1093811
2444,EV00082,257,2332578
2445,EV01451,147,262860
2445,EV01431,168,1192113
2445,EV01211,182,125188
2446,EV01422,176,30971
2447,EV00401,114,761783
2447,EV01020,116,301718
2447,EV01346,172,21751
2447,EV00094,289,60067023
2448,EV01764,103,1211410
2448,EV01213,128,1508926
2448,EV00931,179,35990
2448,EV00126,298,4592114
2449,EV00618,124,969809
2449,EV01131,155,11117
2449,EV00947,182,39813
2449,EV01404,216,358257
2450,EV00588,82,2250549
2450,EV01796,94,241853
2450,EV01761,125,1369603
2450,EV00583,169,64096
2450,EV00928,177,36448
2450,EV01711,190,2417045
2451,EV01259,128,356530
2451,EV01436,132,2661764
2451,EV00875,158,2220435
2451,EV01008,178,1905764
2451,EV00221,260,16502166
2451,EV00275,291,16982448
2452,EV00651,121,64393
2452,EV01276,164,35751
2453,EV00879,119,166687
2453,EV01287,120,1133542
2453,EV01158,123,193246
2453,EV01111,129,91530
2453,EV01514,141,1056783
2454,EV00893,164,479284
2455,EV01500,125,116374
2455,EV00790,174,161232
2455,EV00030,277,8067165
2456,EV00740,142,3009678
2456,EV00644,167,3693732
2457,EV00032,264,4412404
2458,EV01414,111,15743
2458,EV00657,151,355777
2458,EV01166,164,592600
2458,EV01137,184,67056
2459,EV01672,107,36098
2459,EV01281,108,250054
2460,EV01358,95,220458
2460,EV01627,156,49914
2460,EV00738,159,700315
2460,EV00060,248,1640080
2460,EV00053,294,117814374
2461,EV01000,93,38413
2461,EV01332,97,1410657
2461,EV01594,143,201437
2461,EV01166,149,125622
2461,EV00897,161,447936
2461,EV00719,167,125253
2462,EV00882,89,540261
2464,EV00091,265,68420417
2464,EV00291,307,646570
2465,EV01875,42,1419756
2465,EV01465,132,73740
2465,EV01634,161,393260
2465,EV00313,297,70169665
2466,EV01304,183,51121
2466,EV00211,281,22383870
2467,EV00703,124,91025
2467,EV01131,127,20376
2468,EV00773,126,159742
2468,EV00568,132,167380
2469,EV01990,11,287123
2469,EV00838,169,639147
2469,EV01534,198,3661255
2469,EV00171,242,23931286
2470,EV01662,85,90924
2470,EV01414,171,4151
2470,EV01812,183,318231
2470,EV00048,217,124189675
2470,EV00216,232,1541136
2470,EV00060,241,3746603
2470,EV00083,242,5096021
2470,EV00105,255,26939830
2472,EV00339,124,140939
2472,EV00861,133,33657
2473,EV00808,105,53073
2473,EV01752,131,61776
2473,EV00875,161,666063
2473,EV00141,261,19560287
2474,EV01722,140,70371
2474,EV00079,258,1059474
2474,EV00202,282,1668489
2475,EV01028,97,1424008
2475,EV01669,124,344834
2476,EV01373,156,163932
2476,EV00039,279,630424
2477,EV01937,23,550505
2477,EV01758,66,36925
2477,EV00799,110,41534
2477,EV01000,122,18101
2477,EV00490,178,783886
2477,EV00320,300,6435357
2478,EV00777,172,142485
2479,EV00794,68,167823
2479,EV01401,122,303861
2480,EV01229,137,1517169
2480,EV00887,138,73035
2480,EV00967,159,105883
2480,EV01581,174,423775
2480,EV00391,184,137772
2480,EV00173,221,14001025
2481,EV01693,95,115838
2481,EV01198,121,282741
2481,EV00578,151,9655573
2481,EV01167,169,98626
2481,EV01518,198,176675
2482,EV01518,105,537274
2482,EV01076,132,95313
2482,EV00620,133,201661
2482,EV01661,152,54386
2482,EV00714,172,171997
2482,EV00981,174,94359
2483,EV01242,91,124399
2483,EV01276,106,98728
2483,EV01075,119,29490
2483,EV00816,143,133896
2483,EV01764,145,693053
2483,EV01188,160,649095
2483,EV01268,160,76005
2483,EV01310,168,10906
2484,EV00658,103,1008706
2484,EV00374,146,681343
2484,EV00386,163,444806
2484,EV00787,180,45832
2484,EV00019,244,12473178
2485,EV00540,126,39810
2485,EV01276,126,44711
2485,EV01130,156,55194
2486,EV01202,83,25897
2486,EV00412,122,149490
2486,EV00565,148,36764
2486,EV00669,174,182597
2486,EV01008,185,2948094
2486,EV00773,210,576350
2487,EV01582,178,775089
2487,EV00233,314,14995529
2488,EV00509,86,94047
2488,EV00895,120,149140
2488,EV00917,165,122689
2489,EV01276,140,72942
2489,EV00206,304,2555762
2490,EV01824,8,611525
2490,EV01421,112,29554
2490,EV01791,117,65500
2490,EV00720,140,71673
2490,EV00631,142,183247
2491,EV00911,140,53780
2491,EV01018,171,1682913
2492,EV00947,117,35529
2492,EV01274,128,32188
2492,EV00412,135,221722
2492,EV00883,159,185755
2492,EV00917,163,663987
2492,EV01297,180,36416
2493,EV01240,60,484939
2493,EV01037,151,28537
2493,EV01680,152,374362
2493,EV00849,217,2251550
2494,EV01041,161,108769
2494,EV01023,190,332732
2495,EV00928,134,100462
2495,EV01289,145,16456
2495,EV00816,170,136483
2495,EV00272,207,21483173
2495,EV00028,258,18425989
2496,EV00993,119,41833
2496,EV00861,132,16499
2496,EV01780,143,34475
2496,EV01733,204,491719
2497,EV01368,65,243482
2497,EV00344,118,3002814
2497,EV00512,142,562094
2497,EV00967,155,55389
2498,EV01878,5,1415927
2498,EV01685,70,134758
2498,EV01033,119,685215
2498,EV01404,125,622236
2498,EV01229,154,651191
2498,EV01673,181,526465
2498,EV00303,249,836874
2499,EV01308,68,128907
2499,EV00710,90,1042557
2499,EV01526,213,214439
2500,EV01198,94,96108
2500,EV01310,99,4837
2500,EV00532,131,353761
2500,EV00734,137,25829
2501,EV00719,182,170381
2502,EV01545,131,20138
2502,EV00444,142,30308
2503,EV01884,48,385780
2503,EV01464,87,26257
2503,EV00416,152,1629581
2503,EV00512,179,219945
2503,EV00198,268,24769542
2504,EV01857,6,1459376
2504,EV01462,87,4444615
2504,EV01545,156,28611
2504,EV01687,188,1530502
2505,EV01485,122,112262
2505,EV01695,127,2026361
2505,EV01428,156,196660
2505,EV00188,272,30405481
2507,EV00950,99,503939
2507,EV00356,147,623525
2507,EV01622,165,32629
2507,EV00983,178,486814
2508,EV00679,84,354498
2509,EV00122,225,27345131
2509,EV00010,230,15494290
2509,EV00255,238,7412098
2509,EV00274,241,36033307
2510,EV00303,241,928955
2510,EV01984,345,1612952
2511,EV01448,129,130451
2511,EV01262,132,151979
2511,EV00585,134,261774
2511,EV01766,191,186786
2512,EV00626,115,67358
2512,EV00546,138,24342
2512,EV01467,139,2028972
2512,EV01322,149,37190
2512,EV01547,156,299998
2513,EV00383,81,8834
2513,EV00898,105,96731
2514,EV01379,128,20509
2514,EV00731,141,1350769
2514,EV01219,145,189577
2514,EV00438,149,72931
2514,EV00566,177,84066
2515,EV01260,95,203516
2515,EV01668,115,597714
2515,EV01182,131,431839
2515,EV00579,137,631171
2515,EV00884,140,496762
2515,EV00247,239,4816938
2516,EV01656,114,107435
2516,EV01436,122,6802109
2516,EV01528,123,210424
2516,EV01040,124,172248
2516,EV01634,151,345820
2517,EV00938,104,46161
2517,EV00869,112,725023
2517,EV00536,119,78473
2517,EV00959,140,1286755
2517,EV00881,160,1836983
2517,EV01210,162,155423
2517,EV01289,175,17816
2517,EV00210,262,22100901
2517,EV00090,292,2317977
2518,EV01781,83,1488325
2518,EV00850,127,134762
2518,EV00517,130,256210
2518,EV01794,196,70968
2519,EV00660,71,795183
2519,EV00847,80,39765
2519,EV01404,112,353472
2519,EV01560,125,159731
2519,EV00115,240,1768083
2520,EV01730,173,1532425
2522,EV01289,124,20755
2522,EV01814,185,214827
2523,EV01156,186,782298
2523,EV00405,226,63855
2524,EV00316,254,17689803
2525,EV00416,129,1749625
2525,EV00802,179,1137874
2525,EV00054,270,31177579
2526,EV01664,158,2720180
2526,EV01111,188,46170
2527,EV01532,105,1479043
2527,EV01105,129,113358
2527,EV01471,151,207153
2527,EV00251,262,31277569
2528,EV00565,97,91883
2528,EV00781,126,874372
2528,EV01552,127,109958
2528,EV01745,228,94743
2529,EV01525,107,186848
2529,EV01112,130,129878
2529,EV01070,154,77249
2529,EV00264,276,1593575
2530,EV01903,2,2223788
2530,EV00379,60,1486672
2530,EV00386,93,422388
2530,EV01100,161,15342
2530,EV00540,177,54480
2530,EV01481,183,108064
2531,EV00361,85,184187
2531,EV01546,111,507116
2531,EV01629,129,170957
2531,EV01810,194,46689
2532,EV01884,41,506009
2532,EV01014,134,37866
2532,EV01808,134,274599
2532,EV00593,141,901097
2532,EV01562,173,1655123
2532,EV01365,178,164889
2532,EV00431,187,49671
2533,EV00953,85,44376
2533,EV00414,109,117573
2533,EV01088,142,295801
2533,EV00466,178,34916
2534,EV00683,117,125717
2534,EV01270,147,284031
2534,EV00968,150,95233
2534,EV01289,159,10224
2534,EV00729,165,74096
2534,EV00013,225,6464670
2534,EV00206,249,2661213
2535,EV00574,117,1017166
2535,EV00732,118,7693924
2535,EV00341,128,3378980
2535,EV01176,149,890435
2535,EV01808,165,294864
2535,EV00740,167,707037
2535,EV00942,172,1442228
2536,EV01662,170,618346
2537,EV00696,82,1361054
2537,EV00704,125,8489082
2537,EV00841,133,78246
2537,EV01599,134,92356
2538,EV01488,79,98099
2538,EV00606,81,247932
2538,EV01808,129,291407
2538,EV00787,131,133836
2539,EV00636,82,198229
2539,EV01694,108,115632
2539,EV00405,168,257909
2539,EV00118,254,32783837
2540,EV00778,110,105868
2540,EV01633,140,30246
2540,EV00206,180,1395394
2540,EV00231,251,13590993
2540,EV00068,288,6565848
2541,EV00509,75,111696
2541,EV00438,104,100647
2541,EV01473,145,33764
2541,EV00206,254,1086207
2541,EV00060,292,2106019
2542,EV00730,147,2890597
2542,EV00531,149,3498938
2542,EV00319,302,22421467
2543,EV00960,100,369933
2543,EV01404,125,1122075
2543,EV01766,159,633779
2543,EV01745,181,129130
2543,EV01791,192,57483
2543,EV00036,233,100238240
2544,EV01849,30,1199402
2544,EV00558,77,776830
2544,EV01451,95,155006
2544,EV01775,117,412496
2544,EV01382,122,178436
2545,EV01468,149,28046
2545,EV01581,173,89670
2545,EV00159,219,11366483
2546,EV00050,202,23119015
2547,EV01290,85,148462
2547,EV01158,96,93711
2547,EV01784,142,37540
2547,EV01166,182,216150
2548,EV01048,73,783108
2548,EV01068,94,418220
2548,EV00926,178,1459922
2548,EV01462,200,3819577
2549,EV01044,64,91606
2549,EV01569,98,2676038
2549,EV01273,145,63897
2549,EV00751,159,22300
2549,EV00950,167,577568
2549,EV00030,240,3425568
2549,EV00260,251,4841863
2550,EV00602,107,82000
2550,EV01210,109,345532
2550,EV00565,110,18742
2550,EV00321,152,168629
2550,EV00558,180,1629544
2550,EV01467,182,1688316
2550,EV00216,258,376353
2550,EV00271,287,10366289
2552,EV01886,6,354123
2552,EV01732,110,36173
2552,EV00742,172,217724
2552,EV00061,232,21176046
2553,EV01924,48,3879717
2553,EV00843,81,98336
2553,EV00651,143,194712
2553,EV01518,153,530088
2553,EV01813,156,910714
2553,EV00158,278,4707690
2554,EV00773,132,265817
2554,EV01273,143,52677
2554,EV00995,161,1033715
2555,EV00753,129,284440
2555,EV01622,132,20416
2555,EV01604,137,1277878
2556,EV00712,115,135607
2556,EV00735,135,147561
2556,EV00566,197,132145
2557,EV00413,123,161162
2557,EV00816,199,114591
2558,EV01836,4,516531
2558,EV01537,96,425097
2558,EV00441,121,9204
2558,EV01014,131,103270
2558,EV01219,137,348929
2558,EV01570,139,58349
2558,EV00040,270,8157646
2559,EV00664,85,1961308
2559,EV00967,90,108562
2559,EV00754,108,533647
2559,EV01110,137,107662
2559,EV00493,153,71841
2559,EV01910,348,3819109
2560,EV01886,32,239257
2560,EV00538,114,212642
2560,EV01413,114,195348
2560,EV01028,117,1648126
2561,EV01485,129,88319
2561,EV01597,130,207279
2561,EV01239,146,561425
2561,EV01809,146,701973
2562,EV01202,60,72903
2562,EV00882,130,842129
2562,EV01539,140,72358
2562,EV00703,172,120566
2562,EV01649,176,213904
2562,EV00465,216,314182
2563,EV00703,112,34804
2563,EV00967,120,124801
2563,EV01058,130,40046
2563,EV00815,149,2146381
2563,EV01136,180,1347492
2563,EV00686,182,1122296
2564,EV00651,87,206541
2564,EV00805,123,223048
2564,EV01313,131,867394
2564,EV01445,176,3747580
2565,EV01158,97,266929
2565,EV00509,130,38571
2565,EV00479,170,65840
2565,EV00866,211,224654
2565,EV00079,255,2042784
2565,EV00179,275,42478851
2566,EV01291,148,163650
2566,EV01755,178,487149
2566,EV00045,248,9820965
2567,EV01413,102,310492
2567,EV01413,158,519074
2567,EV01791,161,14137
2567,EV00428,182,192569
2567,EV00258,233,23578515
2567,EV00299,239,6324771
2568,EV00875,100,872181
2568,EV00438,131,249348
2568,EV00568,135,901745
2568,EV01172,159,261130
2568,EV00515,172,1020538
2569,EV00623,104,64893
2569,EV00604,194,286773
2570,EV00526,129,373267
2570,EV01558,132,202894
2570,EV00686,136,1396180
2570,EV01492,165,815667
2571,EV01518,103,806358
2571,EV00658,115,519338
2571,EV01202,122,63194
2571,EV00519,124,59219
2571,EV00271,239,10819481
2572,EV01901,16,180407
2572,EV00104,248,6949539
2573,EV01870,27,655287
2573,EV01761,130,1318996
2574,EV00786,100,41139
2574,EV00821,125,155695
2574,EV01775,148,363432
2574,EV01136,180,477382
2574,EV00205,279,93969373
2574,EV01902,363,912490
2575,EV00651,95,254263
2575,EV00886,131,1681728
2575,EV01527,131,2107179
2575,EV00350,149,45455
2575,EV00669,180,209458
2575,EV00462,192,1560039
2575,EV00238,215,13778074
2576,EV00699,151,117610
2576,EV01352,152,1499725
2577,EV01580,101,17877
2577,EV00555,163,132287
2577,EV01141,195,86543
2577,EV00187,259,97031003
2578,EV00691,152,248722
2578,EV00528,186,160417
2579,EV01590,127,55133
2579,EV01703,131,84494
2579,EV00631,144,160531
2579,EV00552,188,428227
2580,EV00472,131,47523
2580,EV00407,141,165697
2580,EV01777,150,154069
2580,EV01636,163,667471
2580,EV01277,175,157802
2580,EV00717,189,22255
2581,EV01276,91,22536
2581,EV00396,130,202284
2581,EV01717,133,20285
2581,EV00556,151,715763
2582,EV00617,107,200839
2582,EV01360,129,634255
2582,EV00868,132,73436
2582,EV01552,140,303605
2582,EV01641,166,181708
2582,EV01090,177,114341
2582,EV00020,212,4431300
2583,EV00497,89,1540376
2583,EV01282,121,4884964
2583,EV01600,197,308339
2583,EV00202,247,1644577
2583,EV00214,294,8980287
2584,EV01650,115,335204
2584,EV00549,117,451991
2584,EV01537,132,211405
2584,EV01905,330,2600714
2585,EV01871,26,10163264
2585,EV01211,91,72860
2585,EV01010,106,321495
2585,EV01634,107,203046
2585,EV01778,139,84344
2585,EV00082,255,2818361
2586,EV01404,134,1160540
2586,EV01797,134,65217
2586,EV00237,265,117985219
2586,EV00309,284,7954203
2587,EV00799,70,139521
2587,EV00328,100,892110
2587,EV01075,140,32835
2587,EV01032,144,229057
2588,EV00161,258,2394600
2589,EV00509,85,107464
2589,EV01006,96,255213
2589,EV01752,176,97387
2589,EV00479,185,43735
2590,EV00843,84,96712
2590,EV01590,88,132550
2590,EV00423,113,615617
2591,EV02000,36,3702516
2591,EV01394,152,570989
2591,EV00431,174,98637
2591,EV00514,175,14876
2591,EV00655,187,217091
2592,EV00790,76,33063
2592,EV00636,82,238137
2592,EV01467,103,1322079
2592,EV00821,110,313949
2592,EV00060,292,2774777
2593,EV00710,106,1310505
2593,EV01042,121,972919
2593,EV01444,139,474900
2593,EV01143,152,46647
2593,EV00225,233,1148991
2593,EV00272,272,13877075
2594,EV01869,20,1937437
2594,EV00826,79,4963004
2594,EV01436,115,4290010
2594,EV00498,119,333746
2594,EV01615,151,218001
2594,EV01668,158,549642
2595,EV01808,100,177169
2595,EV01525,101,86840
2595,EV00354,202,503947
2595,EV00225,305,4135130
2596,EV01656,142,119227
2596,EV01175,161,71811
2597,EV01239,151,373404
2597,EV01234,204,424440
2598,EV00748,72,61258
2598,EV00889,129,1368404
2598,EV01085,188,687070
2598,EV00068,265,9978744
2599,EV01569,116,2692937
2599,EV01580,125,56749
2599,EV00576,129,273594
2599,EV00365,152,381161
2599,EV01285,158,266053
2599,EV01304,186,115537
2599,EV00260,215,36341598
2599,EV00026,226,3373439
2600,EV01923,6,965977
2600,EV00914,179,150525
2601,EV00388,142,343189
2601,EV00294,251,3357792
2603,EV00592,136,231626
2603,EV01292,151,817946
2603,EV00969,207,24700
2603,EV01135,222,3645048
2603,EV00130,247,1595166
2604,EV01110,117,44734
2604,EV00838,142,1462449
2604,EV01208,169,106324
2604,EV00895,193,204202
2604,EV00030,271,7076997
2605,EV01905,34,897318
2605,EV01447,104,107715
2605,EV00827,110,946271
2605,EV01468,128,17528
2605,EV00509,153,153136
2605,EV00614,162,480609
2605,EV00237,252,45294979
2606,EV01717,134,37568
2606,EV01280,149,74364
2606,EV01498,171,41763
2607,EV01104,116,1358769
2607,EV01699,140,69190
2608,EV00760,107,63314
2608,EV01413,110,128912
2608,EV01745,118,84082
2608,EV00730,122,1606239
2608,EV01302,135,1653945
2608,EV00113,247,645485
2609,EV00060,225,579696
2609,EV00264,253,806867
2610,EV00448,117,755622
2610,EV01269,134,160055
2610,EV00838,142,1032379
2610,EV01159,175,1244229
2610,EV00509,208,91272
2611,EV00470,137,33559
2611,EV00548,154,46942
2611,EV01277,180,234432
2612,EV01190,105,238993
2612,EV00623,144,109781
2612,EV00940,240,803877
2613,EV00479,131,165305
2613,EV01675,141,9292
2614,EV01546,82,795377
2614,EV01649,107,357739
2614,EV01552,118,241162
2614,EV01526,131,180246
2614,EV01052,184,18819
2614,EV01656,205,116365
2614,EV00147,235,130138347
2615,EV01756,95,113018
2615,EV01649,121,254342
2615,EV01790,133,1335873
2615,EV01590,140,25418
2615,EV00545,171,372086
2615,EV00358,203,68069
2615,EV00225,225,980052
2615,EV00303,231,1435897
2616,EV01153,118,595375
2616,EV00423,133,431508
2616,EV00946,156,99392
2616,EV01537,179,355345
2617,EV01346,91,83620
2617,EV00943,93,472698
2617,EV01659,135,247444
2618,EV01333,134,163535
2618,EV01711,151,1780169
2618,EV01292,155,632100
2619,EV00592,147,179935
2620,EV01402,120,274534
2620,EV00719,172,333643
2621,EV01342,124,40737
2621,EV00346,149,100500
2622,EV01079,108,67298
2622,EV00997,116,25861
2622,EV00405,138,172509
2622,EV00375,140,148367
2622,EV01750,155,11941430
2622,EV00712,172,328262
2622,EV00178,304,720723
2622,EV01967,337,587001
2623,EV00606,123,153932
2623,EV00981,136,110700
2623,EV01143,136,278279
2623,EV00443,141,212705
2623,EV00145,234,45536470
2624,EV00747,140,112208
2624,EV01158,164,243898
2624,EV01273,188,240109
2625,EV01508,61,331878
2625,EV00604,75,1020775
2625,EV01526,144,96256
2625,EV01570,154,74786
2625,EV00522,160,68845
2625,EV01288,197,199571
2626,EV00983,78,223205
2626,EV01273,122,92279
2626,EV00654,159,367712
2626,EV01408,183,12169
2627,EV00780,117,119490
2627,EV01650,126,332412
2627,EV00502,129,1239697
2627,EV01108,169,62155
2627,EV01641,189,239551
2627,EV00884,205,540186
2627,EV01500,222,44987
2627,EV00225,252,2746089
2627,EV00267,284,18412959
2628,EV01846,26,1184622
2628,EV01155,60,3031363
2628,EV00773,99,617295
2628,EV01796,142,326378
2628,EV00838,174,700227
2628,EV00158,222,3436357
2628,EV00123,231,9670264
2628,EV00158,235,1949390
2629,EV00643,154,4608239
2630,EV01124,154,647952
2631,EV01514,103,1757806
2631,EV01072,115,949115
2631,EV00749,155,627069
2631,EV01179,219,492750
2631,EV01782,221,1839960
2631,EV00164,278,9303921
2632,EV00797,148,217298
2632,EV01266,154,160199
2632,EV00019,233,6364218
2632,EV00028,286,5311728
2633,EV01117,92,120509
2633,EV01744,95,27707
2633,EV00496,129,62585
2633,EV00565,136,15818
2633,EV01703,158,75808
2633,EV00358,177,135682
2634,EV01990,4,248022
2634,EV01990,29,611956
2634,EV00039,283,1107620
2635,EV01301,110,719555
2635,EV01385,147,51942
2635,EV00036,203,86455152
2636,EV01984,13,460900
2636,EV00862,100,368401
2636,EV00377,138,1685216
2637,EV01012,119,497574
2637,EV01134,169,100193
2637,EV01580,178,97561
2637,EV00391,188,41495
2638,EV00758,68,413325
2638,EV01148,131,1720542
2638,EV00319,270,17436340
2639,EV00416,159,1547023
2639,EV00791,161,231830
2639,EV01772,187,27221
2640,EV01617,113,41407
2640,EV01366,128,748890
2640,EV01595,142,65257
2640,EV00582,161,361833
2640,EV01750,187,6734985
2641,EV00715,79,197797
2641,EV01103,121,125419
2641,EV00712,124,242345
2641,EV01277,137,61966
2641,EV01108,146,43695
2641,EV01300,149,98094
2642,EV01441,116,183221
2642,EV00375,154,168658
2643,EV00854,104,555447
2643,EV00847,106,90378
2643,EV00975,115,720947
2643,EV00377,147,632575
2644,EV01228,103,12247
2644,EV01354,111,4391000
2644,EV01775,123,416778
2644,EV00458,141,2473748
2644,EV00810,193,188112
2644,EV01328,208,248184
2644,EV00096,243,285071
2645,EV01745,102,83129
2645,EV00375,134,76523
2645,EV01113,139,333613
2645,EV00591,158,856335
2645,EV01673,201,657935
2646,EV00641,100,2722296
2646,EV00388,167,334755
2646,EV01439,215,2666134
2646,EV00225,330,4460927
2647,EV01254,103,1708750
2648,EV00566,117,55447
2648,EV01563,206,61123
2649,EV00747,140,129333
2649,EV01444,146,339074
2649,EV00384,148,708194
2650,EV01806,81,29056
2650,EV00403,134,560902
2650,EV01195,143,2830527
2650,EV00790,148,69252
2651,EV01688,162,3113
2651,EV00766,167,218720
2651,EV01822,352,1651951
2652,EV00782,104,877792
2652,EV01171,108,85758
2652,EV00547,195,406622
2652,EV01752,240,69350
2653,EV00387,60,378849
2653,EV01211,86,159754
2653,EV01382,129,74811
2653,EV01808,143,252190
2654,EV00501,61,143086
2654,EV00545,164,97269
2654,EV00447,168,494011
2654,EV01541,232,611404
2655,EV01938,21,1432768
2655,EV01070,64,322406
2655,EV00819,111,31820
2655,EV00899,140,61765
2656,EV01274,79,23077
2656,EV00715,118,210539
2656,EV00558,121,1002998
2657,EV01077,148,218747
2657,EV01741,188,405295
2657,EV00127,279,6354052
2658,EV00776,97,898615
2658,EV00734,133,25128
2658,EV01797,150,315486
2659,EV01218,132,1433482
2660,EV01658,166,1558447
2660,EV00086,202,22270571
2660,EV00285,281,11069796
2661,EV00975,68,141100
2661,EV01235,78,157753
2661,EV00765,103,892975
2661,EV01505,143,295017
2661,EV00206,223,2551648
2661,EV00867,228,316759
2662,EV00770,97,1273937
2662,EV01379,136,54530
2662,EV00078,261,5270295
2663,EV00046,258,5519772
2664,EV00864,119,18591
2665,EV01824,87,894035
2665,EV01041,114,356559
2665,EV01450,134,2393795
2665,EV01435,139,12474
2666,EV01459,137,1981738
2666,EV01575,147,34665
2666,EV01327,150,104355
2666,EV01111,199,85410
2666,EV00275,229,10335450
2666,EV00190,314,13701166
2667,EV00809,106,85903
2667,EV01748,118,874238
2667,EV00939,125,1190674
2667,EV01669,166,176912
2667,EV01116,185,63763
2667,EV00284,263,110832075
2668,EV01054,123,392144
2668,EV00492,129,797830
2668,EV01548,147,70514
2668,EV01172,172,225413
2669,EV00886,102,2537406
2669,EV01158,131,261761
2669,EV01291,132,139728
2669,EV00560,143,661833
2669,EV01153,145,306039
2670,EV01837,43,359318
2670,EV01027,99,197838
2670,EV00637,125,318679
2671,EV00682,98,46762
2671,EV01342,124,20606
2671,EV01237,142,46707
2671,EV01277,161,157097
2671,EV01027,201,157958
2671,EV00680,212,789665
2672,EV00760,123,53227
2672,EV00385,128,40981
2672,EV01537,139,310391
2672,EV01187,153,277743
2672,EV01444,181,239796
2673,EV01393,193,1480603
2674,EV01841,9,1201986
2674,EV00416,151,1934129
2674,EV00766,162,185747
2675,EV01503,117,699691
2675,EV00512,136,403686
2675,EV00793,145,99885
2675,EV01650,156,356889
2676,EV01747,69,118977
2676,EV00844,142,965541
2678,EV00871,148,779767
2678,EV01330,154,39635
2678,EV01505,181,346669
2678,EV01614,185,383135
2678,EV00781,186,936959
2679,EV00838,114,824913
2679,EV01591,131,157830
2679,EV00709,132,213518
2679,EV01313,160,2114204
2680,EV01473,100,89510
2680,EV01272,104,313653
2680,EV01052,145,46154
2680,EV01135,188,1468843
2680,EV00037,254,4853411
2681,EV00729,102,121067
2681,EV00579,141,96002
2681,EV00416,172,2559648
2681,EV00123,274,7814505
2681,EV00146,288,3710839
2683,EV00855,137,671374
2683,EV00709,179,70032
2683,EV00113,278,563928
2684,EV00535,118,110764
2684,EV01208,132,25938
2684,EV00373,138,13619
2684,EV01485,153,81709
2685,EV00779,141,131315
2685,EV01793,160,17135
2685,EV01747,180,498386
2686,EV00959,104,248435
2686,EV00651,110,1002978
2686,EV01732,123,20047
2686,EV00669,133,144706
2686,EV01775,145,467301
2686,EV01101,157,8839195
2686,EV00583,193,58908
2686,EV00096,231,462416
2687,EV00879,88,360486
2687,EV01467,134,789734
2687,EV00805,145,227189
2687,EV00847,165,18792
2687,EV00161,229,2722640
2687,EV01985,364,802582
2688,EV00887,125,80282
2688,EV00358,127,210976
2688,EV01687,127,1222793
2688,EV00950,132,548081
2688,EV01669,133,278690
2688,EV01796,160,164053
2688,EV00216,251,562353
2689,EV00587,69,699194
2689,EV01248,128,135084
2689,EV01048,132,640217
2689,EV00717,177,21529
2689,EV00825,183,429598
2689,EV00146,244,4206914
2691,EV00510,142,745870
2692,EV00637,87,810773
2692,EV00793,185,121694
2693,EV01327,102,87922
2693,EV01029,145,57947
2693,EV00937,196,519775
2694,EV01195,127,1022531
2694,EV00258,186,10602827
2694,EV00182,266,18489714
2695,EV00130,199,3646534
2695,EV00089,244,125307
2695,EV00285,267,34109928
2696,EV00375,87,120240
2696,EV00355,184,122284
2697,EV00637,60,261539
2698,EV00352,115,988959
2698,EV00998,137,397421
2698,EV01700,149,739092
2698,EV00761,173,327519
2699,EV01641,73,300148
2699,EV01577,105,5125661
2699,EV00775,117,1277175
2699,EV01498,156,36433
2699,EV01790,172,3777326
2699,EV01772,203,2636
2700,EV00225,226,2980274
2701,EV01031,143,616863
2701,EV01795,158,272509
2701,EV01804,160,77166
2701,EV01349,181,34383
2702,EV01521,73,1839364
2702,EV01669,136,351026
2702,EV01574,144,957378
2702,EV00855,166,498948
2702,EV00301,244,6197978
2702,EV00161,299,7606130
2703,EV01471,113,57791
2703,EV00372,126,154703
2703,EV01275,126,824457
2703,EV01558,132,225334
2703,EV00216,231,1308813
2703,EV00020,280,1936841
2703,EV00225,288,2073016
2704,EV00453,131,1448449
2704,EV01261,175,86273
2704,EV01292,183,1183461
2705,EV00429,139,280342
2705,EV01578,139,144041
2706,EV01613,144,18263
2706,EV01634,155,207280
2706,EV00838,201,1097966
2707,EV01368,95,446537
2707,EV01079,112,135619
2707,EV01264,128,1341141
2707,EV01278,162,1716943
2707,EV00017,215,2030226
2708,EV01462,68,3618743
2708,EV01369,130,895198
2708,EV00565,132,104309
2708,EV01675,133,18606
2708,EV01121,146,411198
2708,EV00532,149,292139
2710,EV00326,133,208935
2710,EV01377,159,1785652
2711,EV00712,98,192231
2711,EV01551,197,51568
2712,EV00343,117,1220881
2712,EV00509,137,30624
2712,EV00557,212,193096
2712,EV00238,261,34352984
2713,EV01703,157,90221
2713,EV01079,164,96606
2713,EV00206,262,2239717
2714,EV01661,145,731547
2715,EV01882,36,315815
2715,EV01801,141,86188
2715,EV01717,200,95556
2715,EV00790,206,106549
2715,EV00023,250,3071211
2716,EV01866,1,986481
2716,EV01929,23,4262196
2716,EV01555,153,4239576
2717,EV00655,119,153004
2717,EV01731,137,2146530
2717,EV00865,190,3429865
2717,EV00258,242,12631728
2717,EV01842,362,223482
2718,EV01266,133,239076
2718,EV00939,136,826146
2718,EV01701,153,48237
2718,EV01225,156,3711718
2718,EV01373,172,212840
2718,EV01193,204,5385163
2719,EV01760,131,16858
2719,EV00599,135,841078
2721,EV00664,89,765797
2721,EV00020,220,3793607
2721,EV01913,362,833139
2722,EV01285,148,305626
2722,EV01389,151,26508
2722,EV01198,190,130444
2723,EV01177,89,132939
2723,EV00546,91,46148
2723,EV00773,180,319316
2724,EV00880,140,529250
2724,EV01605,148,24134
2724,EV00161,260,2368898
2725,EV01177,87,53590
2725,EV01250,137,21795
2725,EV01436,137,2391385
2725,EV01067,149,27852
2725,EV01079,204,58022
2726,EV01717,60,35940
2726,EV00901,147,745799
2726,EV00768,167,701634
2727,EV00512,97,358426
2727,EV00896,171,287688
2728,EV01974,29,978909
2728,EV00987,126,2515776
2728,EV01062,137,104519
2728,EV00761,159,846523
2729,EV01825,63,711063
2729,EV01037,115,56596
2729,EV01083,129,2501705
2729,EV01296,142,141474
2729,EV01475,147,5665385
2729,EV00370,219,1381326
2730,EV01444,116,404633
2730,EV01784,119,137198
2730,EV00841,125,202815
2730,EV00636,126,153076
2730,EV01058,142,22823
2731,EV01625,95,230084
2731,EV00576,146,348729
2731,EV00848,181,19355
2732,EV01824,31,218020
2732,EV01197,110,107210
2732,EV01070,141,402110
2732,EV00814,143,743444
2733,EV01984,48,2605810
2733,EV01075,140,12386
2734,EV00619,123,311347
2734,EV00502,140,620416
2734,EV00153,264,16553759
2735,EV01204,60,98140
2735,EV00503,156,77775
2735,EV00387,188,1268612
2735,EV00165,245,13701103
2735,EV00030,287,8938809
2736,EV01883,25,3144410
2736,EV01994,51,747332
2736,EV01783,66,147430
2736,EV00614,96,653376
2736,EV00981,99,186470
2736,EV00985,131,81180
2736,EV01284,171,322087
2736,EV00288,223,1068458
2737,EV00781,126,1170475
2738,EV00382,112,46621
2738,EV01562,140,1745461
2738,EV00500,188,176632
2739,EV01279,68,960615
2739,EV00848,139,17065
2739,EV00373,152,20554
2740,EV00431,128,78104
2740,EV01542,169,961240
2741,EV01542,115,1009228
2741,EV00820,132,3354201
2742,EV01155,140,3411758
2742,EV01464,169,47117
2742,EV00043,258,7350209
2743,EV01469,107,1631986
2743,EV01659,119,140169
2743,EV01528,143,518954
2743,EV01093,202,1248974
2744,EV01330,64,27481
2744,EV00565,108,70415
2745,EV00638,72,248092
2745,EV01322,150,62983
2745,EV00532,157,461821
2745,EV00624,184,173880
2746,EV00557,103,132289
2746,EV00958,161,3659367
2747,EV00968,144,102449
2747,EV01341,176,84641
2747,EV00225,310,2723899
2748,EV01968,18,2180667
2748,EV01206,77,1294802
2749,EV00888,81,1822631
2749,EV01514,102,2855225
2749,EV01093,117,3901464
2749,EV01117,119,219323
2749,EV00884,133,530911
2749,EV01051,195,1293342
2749,EV01132,205,449051
2750,EV01591,127,161240
2751,EV00973,96,103534
2751,EV01127,154,74427
2751,EV01368,185,413783
2752,EV01997,14,2507424
2752,EV00957,82,598217
2752,EV00843,135,88687
2752,EV00848,136,7990
2753,EV01074,65,314125
2753,EV00779,120,133262
2753,EV01044,124,218024
2753,EV01609,135,25298
2753,EV01452,156,427809
2753,EV01277,164,253905
2753,EV01385,173,67253
2753,EV01810,180,26450
2753,EV01834,363,1012354
2754,EV01314,100,747208
2754,EV00990,143,539766
2754,EV00489,156,193041
2754,EV00086,208,18027954
2754,EV00161,256,3179917
2755,EV01980,64,196746
2755,EV01538,123,5520690
2755,EV00489,167,274981
2755,EV01694,167,110060
2755,EV00754,213,153764
2756,EV01446,102,1811140
2756,EV01634,138,530505
2757,EV01378,60,88858
2757,EV00735,99,243921
2757,EV00981,103,37501
2757,EV00937,117,230279
2757,EV01514,133,1439801
2757,EV01545,134,51173
2757,EV01801,181,96159
2757,EV00216,230,1439103
2759,EV01798,103,506821
2759,EV00302,260,50588884
2760,EV01846,3,241769
2760,EV01851,57,1638976
2760,EV00691,133,133804
2760,EV01548,136,74991
2760,EV01768,143,211248
2760,EV01509,161,5671
2761,EV00357,100,53798
2761,EV00436,128,282010
2761,EV00992,161,137022
2761,EV00699,176,122113
2762,EV01269,148,155325
2762,EV00251,282,36598721
2763,EV00328,60,1776157
2763,EV00565,76,70755
2763,EV00649,179,5048961
2764,EV00870,74,5420676
2764,EV01580,144,23335
2765,EV00420,109,556553
2765,EV01793,160,27736
2766,EV00841,95,118930
2766,EV00112,243,3468647
2767,EV00884,104,279303
2767,EV01251,138,116724
2767,EV00380,171,238234
2767,EV01226,180,67309
2767,EV01758,185,97776
2768,EV01294,115,5345131
2768,EV01751,171,69355
2768,EV00574,189,1120845
2769,EV00342,132,246880
2769,EV01075,169,17517
2770,EV00604,106,757138
2770,EV01235,157,372331
2770,EV01715,174,113100
2771,EV01978,43,3769088
2771,EV01545,89,17710
2771,EV01324,117,2047728
2771,EV00947,141,114478
2771,EV01601,149,2573195
2771,EV00372,181,404874
2772,EV00529,102,3977464
2772,EV00641,107,1391446
2772,EV00396,134,18042
2772,EV00328,145,1454456
2772,EV00719,147,68733
2773,EV01249,84,641586
2773,EV01661,115,464874
2773,EV01633,124,32046
2773,EV01021,125,776255
2773,EV01115,126,853962
2773,EV00615,127,446487
2773,EV01806,145,49022
2773,EV00418,191,259248
2774,EV00746,158,640032
2774,EV01600,175,164782
2774,EV01667,180,1737967
2774,EV00989,226,350434
2775,EV01020,81,306705
2775,EV01486,85,2787654
2775,EV00303,186,882843
2775,EV00530,208,92433
2776,EV00565,60,11505
2776,EV00472,113,31409
2777,EV01515,61,145326
2777,EV00168,248,3662078
2777,EV00073,298,1063839
2777,EV01822,329,1524054
2778,EV01849,52,1534099
2778,EV01176,130,2083936
2778,EV00636,146,92389
2778,EV01118,163,252215
2778,EV00540,194,33952
2779,EV01230,136,65145
2779,EV00809,139,239545
2779,EV00548,146,12692
2779,EV01202,176,42477
2780,EV00579,147,146325
2780,EV00198,204,38846044
2780,EV00216,224,876649
2780,EV00093,259,1700232
2781,EV01488,60,125226
2781,EV01172,132,203466
2781,EV01049,174,604237
2781,EV00191,236,1651551
2782,EV01775,148,334566
2782,EV01627,152,46205
2782,EV01791,199,43535
2783,EV00882,98,566941
2783,EV00446,151,179486
2783,EV01438,159,54221
2783,EV01124,160,389168
2783,EV00636,162,43063
2783,EV00126,241,5362457
2783,EV00060,273,1361681
2784,EV01761,60,654651
2784,EV00349,75,1639408
2784,EV01600,134,273380
2784,EV00599,185,1873952
2784,EV01791,186,56448
2784,EV00283,284,6473556
2785,EV01399,120,389136
2785,EV01183,122,108850
2785,EV01057,164,45954
2785,EV01408,178,89964
2786,EV01766,158,172977
2786,EV00509,163,116342
2786,EV00439,204,157326
2786,EV01995,353,4388763
2786,EV01980,359,263559
2787,EV01843,16,6301493
2787,EV00636,80,132928
2787,EV01105,166,101107
2788,EV01842,24,440421
2788,EV01464,118,38165
2788,EV00548,160,16761
2788,EV00013,236,4551242
2788,EV00048,278,78637410
2789,EV00557,114,141935
2789,EV00819,116,19932
2789,EV00522,129,736041
2789,EV01518,187,554569
2789,EV01217,189,183060
2789,EV00059,269,3492433
2790,EV01852,64,11564341
2790,EV01518,111,602151
2790,EV00848,140,34880
2790,EV01168,169,52842
2790,EV00927,187,232812
2790,EV00020,236,2814900
2791,EV00712,121,277806
2792,EV00513,111,24734
2792,EV00715,147,111526
2792,EV00535,159,15220
2792,EV01104,223,543526
2793,EV01847,28,1282817
2793,EV01533,60,278355
2793,EV01469,134,1672152
2794,EV01032,90,70995
2794,EV00930,112,957618
2794,EV01777,120,376327
2794,EV00177,289,8147537
2795,EV00619,101,122288
2795,EV00684,113,111848
2795,EV01103,120,109521
2795,EV00869,159,325239
2795,EV00234,224,208960186
2795,EV00057,261,17180411
2796,EV01975,50,504260
2796,EV00515,119,367383
2796,EV00751,125,17564
2797,EV01563,141,29648
2797,EV01228,201,61513
2797,EV00191,235,1587589
2797,EV00203,237,4591232
2798,EV01601,118,4965985
2798,EV01130,159,113360
2799,EV01291,95,81839
2799,EV01141,104,50645
2799,EV01310,173,25952
2800,EV01980,6,581431
2800,EV00908,156,181718
2800,EV00839,166,141352
2800,EV01600,193,140934
2800,EV00007,260,27514463
2801,EV01659,67,106154
2801,EV01274,181,6393
2801,EV01550,185,656490
2801,EV00626,189,113434
2802,EV01503,111,1444740
2802,EV01329,147,54297
2802,EV01422,150,22630
2802,EV00020,200,6740431
2802,EV00250,242,830771
2803,EV00376,124,95321
2803,EV00326,181,195966
2804,EV01329,154,84523
2804,EV00073,230,19693168
2804,EV00093,234,1102064
2805,EV01024,111,3147887
2805,EV00356,175,740230
2805,EV01558,183,213202
2806,EV01849,8,843018
2806,EV01580,77,67148
2806,EV01404,97,1022159
2806,EV01760,98,47296
2806,EV01377,127,2411934
2806,EV00623,131,450966
2806,EV01447,132,144758
2806,EV00375,144,349849
2806,EV01277,160,160258
2807,EV00557,101,196497
2807,EV01520,131,819726
2807,EV00362,142,1783773
2807,EV00575,148,4156156
2808,EV00557,124,254308
2808,EV00548,138,88813
2808,EV01195,158,1505385
2808,EV01126,170,53809
2809,EV01502,144,89342
2809,EV00500,147,108273
2809,EV01618,178,48462
2809,EV00426,179,410552
2809,EV01996,365,4157252
2810,EV00736,72,143375
2810,EV01465,107,56741
2810,EV01050,108,92926
2810,EV01041,113,95730
2811,EV01586,140,242221
2811,EV01799,192,1225522
2811,EV00030,231,8330783
2811,EV00173,257,19029022
2811,EV00250,294,315992
2812,EV01850,36,1887680
2812,EV01348,60,712742
2812,EV00684,103,168163
2812,EV01576,134,9158825
2812,EV00451,136,400501
2813,EV00767,155,78411
2813,EV00964,208,327933
2814,EV01330,70,48632
2814,EV00545,121,523637
2814,EV01465,140,214030
2814,EV00595,146,80523
2814,EV01801,150,70358
2814,EV01467,185,845156
2815,EV00792,159,29327
2815,EV01778,166,64887
2816,EV00179,283,24075792
2817,EV01524,110,198030
2817,EV00442,111,30146
2817,EV01183,135,158232
2817,EV01327,135,85234
2817,EV00557,140,91654
2817,EV00191,252,4960404
2818,EV00897,60,475843
2818,EV01558,120,157614
2818,EV01211,138,19566
2818,EV01360,140,893949
2818,EV00210,215,35239570
2819,EV01641,102,239454
2819,EV00401,150,1114679
2819,EV00303,230,929830
2820,EV00982,111,2150137
2821,EV00596,60,2035407
2821,EV01740,106,1218315
2821,EV00982,212,1133064
2821,EV01166,217,247647
2822,EV01801,123,215370
2822,EV01158,171,119070
2823,EV00375,117,208326
2823,EV01221,121,49636
2823,EV00457,140,89779
2823,EV00607,148,110266
2823,EV01052,151,58878
2823,EV01079,178,228651
2823,EV00186,244,69157347
2824,EV01646,97,27242
2824,EV01166,135,117303
2824,EV00385,171,29298
2824,EV01651,181,258306
2824,EV00315,218,9683515
2825,EV00382,126,33491
2825,EV00159,236,7346811
2826,EV01870,36,919354
2826,EV01444,125,295701
2826,EV01264,172,457378
2827,EV01103,129,30258
2827,EV00915,166,293553
2827,EV00682,201,66455
2827,EV00175,249,688846
2828,EV01977,1,1988228
2828,EV01908,47,1232489
2828,EV01962,60,1347543
2828,EV00754,194,549775
2829,EV00793,99,149996
2829,EV00967,100,56356
2829,EV00192,244,39192595
2829,EV00108,263,11739583
2830,EV00329,99,121377
2830,EV01202,110,98775
2830,EV00810,119,388956
2830,EV01581,138,168362
2831,EV00990,135,1332017
2831,EV00432,143,397397
2831,EV00621,144,98562
2831,EV01041,149,121194
2831,EV01246,227,1130431
2832,EV00871,114,345896
2832,EV00896,125,35120
2832,EV00709,148,39267
2832,EV00835,153,2100485
2832,EV01408,158,25172
2832,EV00692,214,897042
2832,EV00225,219,1037771
2833,EV01068,169,214768
2833,EV01209,235,308970
2834,EV01758,60,14306
2835,EV01414,105,31822
2835,EV00831,124,651242
2835,EV01441,137,635142
2835,EV01391,158,956996
2835,EV00258,280,31989039
2836,EV00763,66,44269
2836,EV00493,121,180981
2836,EV01272,121,271453
2836,EV00352,129,506086
2836,EV01404,145,964105
2837,EV01463,134,2606646
2837,EV00388,150,148320
2837,EV00936,153,529283
2837,EV00568,160,688472
2837,EV00026,220,1907032
2838,EV00500,178,285904
2838,EV01923,354,788697
2839,EV01790,142,3680457
2839,EV00641,153,1834241
2839,EV01435,157,31190
2839,EV00775,167,654788
2839,EV01198,198,387939
2839,EV00953,199,39529
2839,EV00093,242,1180350
2839,EV00299,260,2025812
2839,EV00096,274,435051
2840,EV01840,20,1871795
2840,EV00783,90,175154
2840,EV00837,110,33229
2840,EV00740,143,4553070
2840,EV00375,144,194965
2840,EV00689,168,3122319
2840,EV01741,172,934907
2840,EV01677,181,619052
2841,EV01076,149,51061
2841,EV00599,163,1168506
2841,EV01288,172,196579
2841,EV00030,209,3033014
2841,EV00068,244,4621369
2842,EV01419,116,1621397
2842,EV01494,140,1978765
2842,EV00684,163,21688
2842,EV01006,167,112581
2842,EV01040,175,219667
2843,EV01842,4,463875
2843,EV00612,81,49138
2843,EV00364,108,569920
2843,EV00326,143,127281
2844,EV01784,113,8356
2844,EV01385,117,31991
2844,EV01448,162,305968
2844,EV00745,177,130240
2844,EV00202,226,875353
2844,EV00120,268,4966469
2844,EV00115,283,1537110
2845,EV00454,122,4087616
2845,EV01533,143,147824
2845,EV00577,151,17303
2846,EV00809,116,250979
2846,EV01569,143,1982342
2846,EV01437,180,196667
2846,EV00338,201,1710515
2846,EV00258,273,15124580
2847,EV01653,123,236091
2847,EV00412,128,279454
2847,EV01793,133,16739
2847,EV00799,178,110408
2847,EV00660,185,674532
2847,EV00303,203,1336018
2848,EV00671,122,25241
2848,EV00600,145,61059
2848,EV00848,159,19500
2848,EV00710,181,1726358
2848,EV00571,216,632608
2848,EV00011,269,38320934
2849,EV01618,63,9955
2849,EV00548,156,72779
2849,EV01239,172,129574
2850,EV01493,134,2553684
2850,EV01737,206,1316163
2850,EV00883,237,266480
2851,EV01848,24,2686064
2851,EV00497,101,2841367
2851,EV01626,108,29573
2851,EV01043,126,572906
2851,EV00979,131,139109
2851,EV01334,139,592047
2851,EV01104,180,571284
2851,EV00527,189,91103
2851,EV00039,237,1501453
2852,EV00423,111,469308
2852,EV01365,141,101142
2852,EV01759,141,6958
2852,EV01446,153,4219035
2852,EV00060,242,1523263
2853,EV00548,133,70218
2853,EV01230,143,164253
2853,EV00255,214,9122825
2853,EV00009,257,20373625
2854,EV01744,86,49901
2854,EV01760,120,28610
2854,EV00531,136,2346638
2854,EV00392,149,768546
2854,EV01803,216,46363
2854,EV00013,286,12761172
2855,EV01748,141,673578
2855,EV00751,146,22750
2855,EV01023,158,173866
2855,EV00210,292,11262873
2856,EV00615,144,643622
2856,EV01000,148,8219
2856,EV01669,160,102684
2856,EV00751,193,16228
2857,EV00515,148,242786
2858,EV01284,97,265540
2858,EV01218,131,580673
2858,EV00491,137,110065
2858,EV00729,141,108832
2858,EV01158,152,287255
2860,EV01290,145,205733
2860,EV01529,152,107467
2860,EV00938,171,102594
2861,EV00981,101,151969
2861,EV00353,135,458765
2861,EV01413,149,94019
2861,EV00545,162,322655
2861,EV00915,175,257053
2861,EV01158,204,371944
2861,EV00048,238,144331403
2862,EV00969,108,83067
2862,EV01381,145,291586
2862,EV00498,149,299601
2863,EV00602,174,98070
2863,EV00579,177,143836
2863,EV01534,198,4684523
2863,EV00030,263,5755484
2864,EV00856,104,886051
2864,EV00657,107,143277
2864,EV00382,153,24299
2864,EV00742,154,509217
2864,EV00019,209,14946574
2865,EV00168,248,1846825
2866,EV01546,107,196713
2866,EV01725,118,229865
2866,EV01384,129,52312
2866,EV01271,139,65790
2866,EV01104,188,604670
2867,EV00541,108,47378
2867,EV01442,127,392016
2867,EV00391,169,85303
2868,EV00604,122,516970
2868,EV00147,206,85165886
2868,EV00100,298,158207468
2869,EV01855,64,17291701
2869,EV00968,66,32773
2869,EV01765,96,3473771
2869,EV01035,138,952451
2869,EV01623,161,74569
2869,EV00703,180,74099
2870,EV00607,60,27306
2870,EV00400,123,705967
2870,EV01158,135,293763
2870,EV00387,175,514308
2870,EV00299,237,3127794
2871,EV00938,146,20661
2871,EV00893,147,925052
2871,EV01382,149,72451
2871,EV01330,167,17561
2872,EV00509,144,89803
2872,EV00742,155,952511
2872,EV01162,167,197407
2872,EV00917,175,440022
2872,EV01404,176,416669
2873,EV01059,111,40082
2873,EV00164,238,5745400
2873,EV00116,265,4108596
2874,EV01515,141,334374
2874,EV01648,183,3809007
2875,EV00718,112,13057
2875,EV01693,145,439874
2875,EV01537,162,364817
2876,EV00848,100,10701
2876,EV01019,127,69056
2876,EV00489,141,70365
2876,EV00866,153,201003
2876,EV00073,237,14313805
2876,EV00096,278,628844
2877,EV01699,101,138132
2877,EV00714,134,156987
2877,EV00722,164,106514
2877,EV00948,194,74100
2878,EV00805,104,35666
2878,EV01744,117,67753
2878,EV00497,184,3186847
2878,EV00185,215,14608744
2878,EV00302,242,55373733
2878,EV00112,252,3120206
2879,EV00782,126,940802
2879,EV01548,131,71261
2879,EV01020,160,783820
2879,EV00221,262,9125923
2879,EV00011,319,15128808
2880,EV01551,129,45961
2880,EV01088,161,55041
2880,EV00989,167,327079
2880,EV00020,243,2460677
2881,EV01346,145,74875
2881,EV01514,148,1599518
2881,EV01158,154,178500
2881,EV01313,180,750953
2881,EV00255,241,5891352
2881,EV00126,253,6606468
2882,EV00528,72,160459
2882,EV01292,80,1065982
2882,EV01778,95,75646
2882,EV00655,96,87113
2882,EV01016,149,873003
2883,EV01059,114,79232
2883,EV00702,129,2804464
2883,EV00636,131,318318
2883,EV01077,166,1133388
2883,EV00779,178,63040
2883,EV00760,190,143532
2883,EV01394,196,1144501
2883,EV00889,203,620857
2884,EV00400,98,490128
2884,EV01684,148,16850
2884,EV00880,153,4593395
2884,EV00579,200,334319
2884,EV00555,218,438516
2885,EV00814,90,752513
2885,EV01094,120,195013
2885,EV00857,139,1748636
2885,EV00330,182,464638
2885,EV01413,190,176043
2885,EV00021,243,302277
2886,EV00372,134,764569
2886,EV00391,162,46005
2886,EV00734,177,39229
2886,EV01436,195,3306862
2887,EV01085,102,324853
2887,EV01290,119,185958
2887,EV01274,137,10578
2887,EV00681,147,276282
2887,EV01116,147,20723
2887,EV01044,157,119309
2887,EV01404,173,227823
2887,EV01681,206,310627
2888,EV01796,163,124284
2888,EV00300,257,10994504
2889,EV00402,96,1470838
2889,EV01077,140,1001413
2889,EV00847,143,20487
2889,EV01766,182,627044
2890,EV00636,98,130676
2890,EV00840,117,214272
2890,EV00020,246,1883890
2891,EV00560,88,326733
2891,EV00927,90,82525
2891,EV00846,167,472525
2892,EV00376,103,59017
2892,EV00684,136,131570
2892,EV01211,156,108526
2892,EV00192,314,18966580
2893,EV00544,110,54197
2893,EV01514,125,2438585
2893,EV01687,135,855862
2894,EV01654,96,1223550
2894,EV00342,105,843996
2894,EV00699,119,88059
2894,EV01019,126,203835
2894,EV01233,135,2007894
2895,EV01897,36,3937484
2895,EV01400,124,76748
2895,EV01503,125,309381
2895,EV01056,168,68571
2895,EV01515,193,98126
2896,EV00958,126,2354011
2896,EV00009,215,8128978
2897,EV01822,44,397241
2897,EV01575,115,18862
2897,EV01365,169,113518
2897,EV00056,199,9630594
2897,EV01487,210,133459
2898,EV01714,133,196406
2898,EV00885,151,873007
2898,EV00423,155,78459
2898,EV00297,233,20046544
2899,EV00835,94,264564
2899,EV01281,109,617797
2899,EV01537,134,195795
2899,EV00275,183,5421466
2900,EV01433,130,41339
2901,EV00384,85,666727
2901,EV00754,144,336819
2901,EV00651,148,231797
2901,EV01547,171,211597
2902,EV01788,99,150554
2902,EV01804,100,76140
2902,EV01740,122,909030
2902,EV01703,147,60647
2902,EV00624,187,142612
2903,EV01134,92,80758
2903,EV00571,166,628069
2903,EV00499,173,26281
2903,EV00216,268,1160141
2903,EV01905,358,1201812
2904,EV01693,143,39547
2904,EV00535,165,99093
2904,EV00429,172,489992
2904,EV01378,180,289555
2904,EV00245,253,16453720
2904,EV00133,266,11317254
2905,EV01273,91,129084
2905,EV01814,109,59137
2905,EV00404,129,225546
2905,EV01001,138,62912
2905,EV01487,184,8606
2905,EV01451,211,95393
2906,EV01693,118,337677
2906,EV01346,142,67576
2906,EV00566,164,229402
2906,EV01740,174,1301583
2906,EV01677,188,892552
2906,EV00044,233,22477937
2907,EV01024,121,6821230
2907,EV01675,142,28031
2908,EV00548,141,126675
2908,EV01079,144,79842
2908,EV00037,292,3952402
2909,EV00369,127,149626
2910,EV00113,200,1433146
2910,EV01049,201,117630
2911,EV01043,105,749499
2911,EV01050,129,73948
2911,EV00390,159,1411202
2911,EV00098,235,57496688
2912,EV00376,143,108813
2912,EV01003,201,10789078
2912,EV00206,256,1636090
2913,EV01804,134,87652
2913,EV01104,172,335165
2914,EV00489,64,149385
2914,EV00957,133,508770
2915,EV00396,148,93676
2915,EV00486,161,258898
2915,EV00175,218,6040999
2916,EV01365,114,59400
2916,EV00416,136,464051
2916,EV00838,159,949807
2917,EV01732,112,45426
2917,EV00882,129,529755
2917,EV01566,131,347014
2917,EV00368,138,21033
2917,EV01758,138,50336
2917,EV00939,140,423736
2917,EV01017,156,99203
2918,EV00714,142,268703
2918,EV00007,213,10678765
2918,EV00250,253,922883
2919,EV00877,60,727877
2919,EV01010,184,273817
2919,EV00225,263,2500538
2919,EV00096,264,651498
2920,EV01797,116,160452
2920,EV00913,121,6638778
2920,EV00243,248,15197852
2921,EV00423,170,421271
2921,EV01760,183,20832
2921,EV01297,189,31263
2921,EV00082,271,1057353
2922,EV01142,100,104127
2922,EV00400,115,1263202
2922,EV01343,141,375662
2922,EV01689,150,87732
2922,EV01596,154,3463337
2922,EV00515,162,429538
2922,EV00599,171,1702383
2923,EV01373,147,59463
2923,EV00450,185,786164
2923,EV00096,272,588013
2924,EV01985,8,269858
2924,EV01557,129,66725
2924,EV00439,130,233713
2924,EV00752,137,1620778
2924,EV01764,146,609537
2924,EV01613,172,10186
2924,EV01261,174,21991
2925,EV01244,138,191004
2926,EV01177,89,134411
2926,EV01613,182,19974
2927,EV00847,115,54785
2927,EV00683,122,223204
2927,EV01274,186,24510
2927,EV00161,255,3634945
2928,EV00767,109,41176
2928,EV01501,134,170614
2928,EV00594,162,47324
2929,EV00597,151,44332
2929,EV00385,159,62598
2929,EV01431,177,2143202
2929,EV00228,225,169935558
2929,EV00288,257,133348
2930,EV00384,96,113223
2930,EV01487,98,49762
2930,EV00857,105,1240869
2930,EV00656,141,3752396
2930,EV01427,167,140981
2931,EV01766,129,293167
2932,EV01589,101,263579
2932,EV00696,121,1194599
2932,EV01276,149,66097
2932,EV00383,154,15981
2932,EV00312,265,15930836
2932,EV00140,300,492151
2933,EV01444,125,316824
2933,EV00423,219,206755
2934,EV00651,100,440660
2934,EV01742,168,319515
2935,EV00519,107,30441
2935,EV01043,112,1049305
2935,EV00712,136,206903
2936,EV01382,110,211906
2936,EV00392,113,975830
2936,EV00472,127,49363
2936,EV01277,150,189207
2936,EV00585,190,151317
2936,EV00225,219,2241895
2937,EV00447,60,408715
2937,EV01444,71,486411
2937,EV01345,80,146397
2937,EV01343,123,195232
2937,EV01290,160,166806
2937,EV01649,186,385038
2938,EV01489,107,831168
2938,EV01469,126,1603183
2938,EV00662,157,139317
2938,EV01629,167,267301
2939,EV00779,79,198362
2939,EV01653,129,223694
2939,EV01178,192,784056
2939,EV00175,217,2552465
2939,EV00249,230,1062646
2939,EV00250,286,1189926
2940,EV01373,101,50680
2940,EV01558,136,165452
2940,EV00489,174,138823
2940,EV00082,271,1760235
2940,EV00057,285,26865426
2941,EV01136,115,755798
2941,EV01529,124,128878
2941,EV00566,148,32181
2941,EV00972,149,2299612
2941,EV01568,164,1331280
2941,EV00050,274,11010782
2942,EV00983,134,178519
2942,EV00597,166,22685
2943,EV01527,74,1579601
2943,EV00734,78,28014
2944,EV00879,101,318843
2944,EV01778,126,13188
2944,EV00737,133,144658
2944,EV00583,171,102486
2946,EV00657,128,196563
2946,EV00355,151,171822
2948,EV01211,139,117790
2948,EV00682,197,47137
2948,EV00106,233,4333163
2948,EV00246,255,13454162
2949,EV01759,140,22045
2949,EV01796,143,422825
2950,EV00690,164,25763
2950,EV00247,287,2627140
2951,EV01427,114,112392
2951,EV01537,122,270549
2951,EV01288,154,477598
2951,EV01322,170,22478
2951,EV00712,199,127401
2952,EV00722,121,198044
2954,EV01579,135,1786685
2954,EV00158,223,5601933
2954,EV00122,230,33487978
2955,EV01791,131,50053
2955,EV01289,150,10876
2955,EV00021,215,1955486
2956,EV00953,181,82117
2956,EV00456,193,4931620
2956,EV00161,269,2368782
2957,EV01836,32,544322
2957,EV01272,111,240166
2957,EV00595,150,106969
2958,EV01485,172,51054
2959,EV00699,117,126687
2959,EV00584,126,38159
2959,EV01297,126,21283
2959,EV01465,126,207470
2959,EV00321,155,283872
2959,EV00043,229,42744758
2959,EV00163,237,191346931
2959,EV00020,261,3537949
2961,EV01020,131,579722
2961,EV01564,143,746184
2961,EV01483,191,2874827
2961,EV01947,364,830438
2962,EV01355,122,138675
2962,EV01473,149,190028
2962,EV01243,160,17172
2962,EV01520,162,1187244
2962,EV01059,167,15923
2962,EV00288,271,447174
2963,EV01079,139,144461
2963,EV01576,142,3240311
2963,EV01313,151,835028
2963,EV01414,178,12457
2963,EV01238,194,203810
2963,EV00650,221,3344757
2964,EV00339,108,167363
2964,EV00722,135,126375
2964,EV01101,174,5129973
2964,EV00171,267,11734891
2965,EV01237,83,21411
2965,EV01444,101,232642
2965,EV00376,120,54245
2965,EV00255,202,3544997
2966,EV01998,5,291087
2966,EV01248,116,97229
2966,EV00540,133,56648
2966,EV01126,154,20762
2968,EV01760,87,15591
2968,EV00807,97,232182
2968,EV01778,100,139003
2968,EV00590,117,13373
2968,EV01012,176,305761
2968,EV01072,179,895745
2968,EV00204,262,15400229
2969,EV00435,127,596764
2969,EV01415,174,1115623
2969,EV00261,239,23430702
2970,EV00358,147,135128
2971,EV00767,147,32654
2971,EV00754,154,378246
2971,EV00445,165,312054
2971,EV01175,167,23166
2971,EV01341,177,93036
2971,EV00353,203,463529
2971,EV00288,273,915661
2972,EV01874,16,415649
2972,EV01143,173,312406
2972,EV01084,199,277120
2972,EV00272,261,42778247
2973,EV00365,96,492873
2973,EV00722,131,261817
2973,EV00884,131,678340
2973,EV01514,134,990634
2973,EV00837,178,65251
2973,EV00243,264,13293255
2974,EV01484,103,442224
2974,EV01116,131,7312
2974,EV00709,139,213551
2975,EV00917,114,308023
2975,EV01017,124,691370
2975,EV00637,183,348869
2975,EV00051,242,6996409
2976,EV01422,106,25051
2976,EV01183,107,138667
2976,EV00500,184,44096
2976,EV00705,193,288179
2976,EV00580,204,54495
2977,EV00436,169,631383
2977,EV00600,169,53443
2978,EV00470,123,15190
2978,EV01043,136,385192
2978,EV00862,155,80382
2978,EV00896,163,266679
2978,EV00512,164,196334
2978,EV00664,178,855993
2979,EV01640,151,103048
2979,EV01550,182,453561
2980,EV00953,87,214050
2980,EV00783,141,50445
2980,EV00498,160,422525
2980,EV01658,164,1709581
2980,EV00843,190,178048
2981,EV00682,116,71246
2981,EV00328,150,237650
2981,EV01351,150,25201
2981,EV00425,152,376348
2981,EV00760,187,96682
2981,EV00002,250,10086779
2982,EV00999,136,2643200
2982,EV00875,151,948897
2982,EV01776,151,1760725
2982,EV01091,158,38855
2983,EV00729,128,147572
2983,EV01709,129,456264
2983,EV00375,131,39661
2983,EV00697,131,571566
2983,EV00026,217,4482389
2984,EV01766,97,229173
2984,EV00223,260,26885724
2985,EV00720,86,30331
2985,EV01116,93,35270
2985,EV00898,157,97210
2985,EV01666,160,289455
2985,EV00765,240,1191962
2985,EV00116,275,6970055
2986,EV01835,60,2522986
2986,EV01088,123,148629
2986,EV00638,127,306557
2986,EV00014,256,7675598
2987,EV00743,112,58280
2987,EV01078,118,402590
2987,EV01793,128,42210
2987,EV00258,206,20607379
2987,EV00123,249,8322895
2988,EV01995,33,3479534
2988,EV00387,126,317490
2988,EV01292,151,496538
2988,EV00298,231,8622313
2990,EV01382,131,195463
2990,EV01274,184,35694
2991,EV01975,43,451392
2991,EV00407,64,111709
2991,EV00550,137,742567
2991,EV01816,148,446144
2991,EV01703,153,68959
2991,EV01753,188,171982
2991,EV00398,223,569585
2992,EV01079,117,112196
2992,EV01600,142,223571
2993,EV00882,88,692963
2993,EV00589,127,388747
2993,EV00773,163,292146
2993,EV01417,171,397795
2993,EV00191,274,1004989
2994,EV01297,143,22921
2994,EV01360,190,552184
2994,EV00843,210,141009
2995,EV01581,86,220461
2995,EV00718,120,43208
2995,EV00569,143,164254
2995,EV00385,162,46482
2995,EV01155,186,2668819
2996,EV00559,65,18696
2996,EV00964,136,698599
2996,EV00838,149,477577
2996,EV00233,263,21629578
2997,EV01102,129,586284
2997,EV00509,130,55733
2997,EV01078,152,846645
2997,EV00093,267,1491283
2998,EV01421,104,37697
2998,EV01518,108,489094
2998,EV01715,115,79207
2998,EV01308,118,47860
2998,EV01636,158,448189
2999,EV01429,81,78031
2999,EV00792,135,64990
2999,EV01441,136,650288
2999,EV01581,137,249845
3000,EV00693,104,1649047
3000,EV01668,120,229911
3000,EV01550,123,143425
3000,EV00864,133,31918
3000,EV01177,182,256705
3000,EV01103,188,260164
3000,EV00010,287,3692263
3001,EV01023,127,229149
3001,EV01383,129,1003175
3001,EV00537,141,70189
3001,EV00580,181,63678
3002,EV01263,66,156280
3002,EV01264,92,1189961
3002,EV00780,222,96306
3003,EV00636,146,110984
3003,EV01551,151,43255
3003,EV01198,167,103394
3003,EV01442,188,481269
3003,EV00009,247,20089006
3004,EV01339,60,543314
3004,EV00388,121,252708
3004,EV01136,137,944933
3004,EV00333,151,4694796
3004,EV01225,156,2404528
3004,EV01175,166,73747
3004,EV00288,254,860913
3005,EV01827,61,3374800
3005,EV00423,90,269277
3005,EV01154,110,1308595
3005,EV01266,170,379815
3005,EV01178,173,779373
3005,EV00779,175,88098
3005,EV00887,176,96559
3005,EV00001,243,831512
3005,EV00020,266,1609858
3006,EV00592,167,108986
3007,EV01221,154,51747
3007,EV01778,169,78467
3008,EV00562,162,212303
3008,EV01542,171,853712
3008,EV00140,213,766658
3008,EV00218,248,26019290
3009,EV01369,79,507307
3009,EV00355,108,133888
3009,EV01273,111,131459
3009,EV01035,113,1379332
3009,EV00579,120,446417
3009,EV00537,138,42763
3009,EV00005,274,43002728
3010,EV00671,71,21346
3010,EV01382,159,358401
3010,EV01449,187,174194
3010,EV00510,196,399583
3010,EV01075,208,32365
3011,EV01102,119,414675
3011,EV01591,119,140249
3011,EV00141,239,75283728
3011,EV00178,271,882089
3012,EV01487,105,85976
3012,EV01685,173,49704
3012,EV00736,205,241310
3012,EV00061,265,22939225
3013,EV01060,143,57596
3013,EV00867,146,141476
3013,EV01116,166,56761
3013,EV01551,183,39083
3013,EV00626,193,32183
3013,EV00260,194,7946613
3014,EV00605,130,193208
3014,EV00855,163,2449588
3015,EV01040,124,75626
3016,EV01993,10,1671967
3016,EV01477,112,1075333
3017,EV01021,121,578823
3017,EV00982,127,1933057
3017,EV01383,136,117323
3017,EV01251,159,181525
3017,EV00355,165,94553
3017,EV01213,184,1085026
3018,EV01840,43,825223
3018,EV01618,114,17299
3018,EV01217,124,283089
3018,EV01059,149,81423
3018,EV01583,170,2789238
3018,EV01545,188,44173
3019,EV01638,87,272011
3019,EV01693,122,184379
3020,EV01967,22,765842
3020,EV00565,90,44047
3020,EV00781,103,957334
3020,EV01444,146,456918
3020,EV01793,193,23853
3020,EV00186,328,12960048
3021,EV00374,99,495629
3021,EV00847,99,99439
3021,EV00397,127,319873
3021,EV00936,156,601566
3021,EV00002,237,9415486
3022,EV00358,145,96931
3022,EV00288,198,795366
3023,EV01105,87,109342
3023,EV01770,124,342399
3023,EV01614,125,1006661
3023,EV01578,129,113838
3023,EV01414,141,12709
3023,EV01395,147,58519
3024,EV01910,13,3254831
3024,EV00496,80,127366
3024,EV01615,124,410798
3024,EV00767,151,40398
3024,EV01487,189,37587
3024,EV00115,213,1988485
3025,EV00696,121,257332
3026,EV00638,110,409667
3026,EV00636,135,135484
3026,EV01492,135,745237
3026,EV01740,154,762348
3026,EV00395,169,262276
3026,EV00720,179,80186
3026,EV01424,186,1528200
3027,EV00998,156,534429
3027,EV00202,261,457811
3028,EV00848,71,21490
3028,EV01132,133,1226301
3028,EV00710,159,1999924
3029,EV00945,108,325279
3029,EV00816,152,174642
3030,EV01227,130,372984
3030,EV01576,154,2120608
3030,EV00793,201,94595
3030,EV00225,214,1015601
3030,EV00093,220,1331802
3030,EV00009,222,31054009
3030,EV00093,253,1357530
3031,EV01126,73,136457
3031,EV00339,124,863519
3031,EV00593,127,631716
3031,EV00682,160,33886
3031,EV01723,173,504543
3031,EV01579,184,2433322
3032,EV00502,146,723967
3032,EV00050,225,14060920
3032,EV00056,247,6515593
3033,EV01554,75,11184873
3033,EV00681,140,115098
3033,EV01209,159,91601
3033,EV00178,214,108816
3033,EV00046,240,8007913
3034,EV01148,86,805437
3034,EV00361,114,370533
3034,EV01429,118,47404
3034,EV01626,165,15598
3034,EV00032,225,18243599
3035,EV01219,142,398325
3035,EV01803,174,13826
3036,EV00744,127,453002
3036,EV00722,155,73236
3036,EV00532,160,320759
3037,EV01848,37,3587946
3037,EV00510,146,231778
3037,EV00627,150,74435
3037,EV01029,161,75334
3037,EV00841,163,102923
3037,EV01251,179,152036
3038,EV00766,112,78869
3038,EV00512,121,465666
3038,EV00231,221,4214803
3039,EV01545,99,14959
3039,EV00737,133,163296
3039,EV00757,164,706010
3039,EV01073,176,616553
3040,EV00883,86,37705
3040,EV00540,144,75686
3040,EV00712,149,131121
3040,EV00831,150,185172
3040,EV01141,158,11109
3041,EV01246,92,1166382
3041,EV00957,109,444499
3041,EV01507,125,1402059
3041,EV01114,126,563929
3041,EV00875,131,1225795
3041,EV01108,133,111585
3042,EV01996,3,9662092
3042,EV00879,126,171166
3042,EV00967,151,42118
3042,EV00847,185,39652
3042,EV00082,234,1187447
3043,EV00945,94,460989
3043,EV01703,123,27298
3043,EV01657,138,901548
3043,EV01236,180,449157
3044,EV01916,32,219167
3044,EV00742,141,442441
3044,EV00146,222,11329909
3045,EV00992,210,198214
3045,EV00120,251,9961215
3046,EV00611,95,566703
3046,EV00943,130,630751
3046,EV00068,307,5653337
3047,EV00946,199,75811
3048,EV01925,15,2191457
3048,EV01333,179,95364
3049,EV01758,110,18772
3049,EV00479,149,86168
3049,EV01533,183,378427
3049,EV00043,293,25653056
3050,EV00703,89,37839
3050,EV01515,209,286395
3052,EV01972,37,7497054
3052,EV00956,120,222111
3052,EV01159,132,980137
3052,EV00821,156,198161
3052,EV00271,203,6087416
3052,EV00137,239,3834440
3052,EV00238,249,16364397
3053,EV00639,67,1769342
3053,EV01599,120,60861
3053,EV01503,140,1473634
3053,EV00992,144,309611
3053,EV01208,187,68136
3053,EV01382,188,290871
3054,EV01526,114,162221
3054,EV01650,120,168437
3054,EV00783,171,67082
3054,EV00116,213,1286915
3054,EV00045,221,5671879
3055,EV00882,128,672441
3055,EV00914,128,710072
3055,EV00548,140,36020
3055,EV01120,147,91206
3055,EV01413,161,180863
3055,EV00222,245,2791053
3056,EV01023,69,136814
3056,EV01274,94,67849
3056,EV00938,126,37739
3056,EV01389,158,34523
3056,EV00146,229,3860196
3056,EV00136,253,42958200
3057,EV00915,75,223662
3057,EV01514,147,556445
3057,EV01444,153,305675
3058,EV01067,72,65439
3058,EV00893,100,186562
3058,EV00717,109,19617
3058,EV01432,123,338796
3058,EV00566,149,103580
3058,EV00060,240,754394
3059,EV00360,60,692109
3059,EV00407,191,378326
3059,EV00094,260,8747348
3060,EV01641,159,295380
3060,EV00039,239,1970521
3060,EV00191,239,1365295
3061,EV00126,282,4489203
3062,EV00377,122,494044
3062,EV01195,200,2039926
3062,EV00164,246,5128993
3063,EV01449,128,192685
3063,EV01248,143,64628
3063,EV01779,188,174539
3065,EV00672,94,101449
3065,EV01409,118,134350
3065,EV01084,139,450136
3065,EV01764,175,1114150
3065,EV01559,188,339156
3065,EV00120,278,6484991
3066,EV01487,108,55886
3067,EV01274,106,28994
3067,EV00386,114,188399
3067,EV00115,245,1770422
3068,EV00869,95,935420
3068,EV00806,100,2754122
3068,EV01084,116,778727
3068,EV01017,162,259894
3068,EV01104,175,1369256
3069,EV00481,63,434948
3069,EV00502,101,1120682
3069,EV01471,121,236905
3069,EV00735,152,106244
3069,EV00163,242,144736631
3069,EV00003,252,1640690
3069,EV00026,261,2577295
3070,EV01668,82,302238
3070,EV01534,107,1287260
3070,EV00841,130,141366
3070,EV01600,222,256697
3070,EV00258,311,9468181
3071,EV01748,99,1461834
3071,EV01660,166,1100422
3071,EV01206,177,2706413
3071,EV01632,191,2030124
3071,EV00194,235,25871722
3072,EV00832,152,882760
3072,EV00975,171,320466
3072,EV01012,236,256509
3073,EV01512,133,1504927
3073,EV01761,178,1544809
3074,EV01533,99,173739
3074,EV01408,108,157010
3074,EV00492,119,524829
3075,EV01835,41,770366
3075,EV01023,165,95111
3075,EV00011,241,22530334
3076,EV01131,84,22519
3076,EV01398,141,255087
3076,EV00908,152,529289
3076,EV00050,284,37137539
3077,EV01201,170,84934
3077,EV00100,205,150207074
3077,EV00017,279,897704
3078,EV01863,44,902252
3078,EV00491,196,150990
3079,EV00433,135,1238125
3079,EV01017,138,727605
3079,EV01411,140,739814
3079,EV00992,144,64335
3079,EV00298,206,2431805
3079,EV00312,248,3076675
3079,EV00246,310,4558915
3079,EV01842,360,631262
3080,EV00793,60,88762
3080,EV00613,74,48747
3080,EV01770,119,247099
3080,EV01110,160,98262
3080,EV01751,186,225118
3080,EV00837,201,40807
3080,EV00018,277,128818615
3081,EV01190,103,655958
3081,EV00773,136,296144
3081,EV00489,155,259530
3082,EV00624,90,137042
3082,EV01023,180,155835
3082,EV01926,352,2489167
3083,EV01549,170,105985
3083,EV00011,255,36790233
3084,EV01261,136,63321
3084,EV00748,148,38249
3084,EV01613,199,27158
3084,EV00281,265,3945350
3085,EV01084,155,194006
3085,EV00909,194,427371
3085,EV00017,251,1336038
3085,EV00011,281,28502243
3086,EV00753,107,289105
3086,EV00545,120,136405
3086,EV01721,149,413762
3086,EV00319,206,32972189
3087,EV00954,172,70287
3087,EV00001,233,2262608
3088,EV00889,64,374801
3088,EV01078,117,396813
3088,EV01669,154,453910
3088,EV00059,228,5755558
3088,EV00011,237,24570262
3089,EV01452,76,344979
3089,EV00024,239,16793464
3089,EV00064,253,43009458
3090,EV01326,87,880811
3090,EV01765,124,2678472
3090,EV00884,138,378721
3090,EV00312,236,3586423
3091,EV00820,155,1492727
3092,EV01332,165,1219587
3092,EV00068,230,8370262
3092,EV00030,280,6927669
3093,EV01199,106,229407
3093,EV00883,159,104008
3093,EV00732,160,5133187
3094,EV00512,103,512717
3094,EV01673,121,623996
3094,EV00923,124,61002
3094,EV00584,139,105470
3094,EV00284,218,76125468
3096,EV01305,63,422481
3096,EV01656,95,109567
3096,EV01528,120,433753
3096,EV00940,123,936959
3096,EV01651,130,202784
3096,EV01524,143,230280
3096,EV01218,149,423300
3096,EV00255,253,2163367
3097,EV00753,131,471036
3097,EV01632,146,723344
3097,EV00026,267,328277
3097,EV00010,334,5511036
3098,EV00571,143,1676022
3098,EV00565,173,32130
3098,EV01634,175,147212
3098,EV01084,211,139593
3098,EV00135,229,11357164
3099,EV00502,94,120220
3099,EV00760,106,88749
3099,EV01708,120,2286062
3099,EV00368,132,35530
3099,EV00402,157,482941
3099,EV01115,172,527798
3100,EV00900,115,1545587
3100,EV00768,159,284383
3100,EV00728,169,1554875
3100,EV01492,179,966497
3101,EV01043,96,278620
3101,EV00562,106,24517
3101,EV01239,140,801169
3101,EV01286,144,6972673
3101,EV00185,229,8645138
3102,EV01076,121,137363
3102,EV00651,179,311736
3103,EV01486,90,628752
3103,EV00326,119,227514
3103,EV00783,209,97583
3103,EV00002,273,10830519
3104,EV00959,158,1100225
3104,EV00191,212,1641136
3105,EV01017,60,597950
3105,EV00992,148,169780
3105,EV00968,233,80469
3106,EV00938,71,51176
3106,EV00512,118,235486
3106,EV01613,126,39894
3106,EV00327,143,245136
3107,EV00779,155,66042
3107,EV01310,200,21122
3108,EV00884,92,870990
3108,EV00665,93,28742
3109,EV01099,179,364182
3110,EV01685,122,39418
3110,EV00751,129,40070
3110,EV00722,132,282639
3110,EV00991,143,275848
3110,EV01626,147,12567
3110,EV01599,153,92230
3111,EV01453,128,1285625
3111,EV01155,160,836649
3111,EV00363,173,176364
3111,EV01427,208,82568
3112,EV01620,129,58528
3112,EV01076,133,27621
3112,EV01256,153,6683420
3112,EV00472,167,56984
3112,EV00651,190,723365
3112,EV00046,300,1158896
3113,EV00466,159,77143
3113,EV01327,159,191704
3113,EV00020,203,2841557
3113,EV00297,282,10924651
3113,EV00130,303,2959998
3114,EV01023,80,54039
3114,EV00679,119,795391
3114,EV00792,138,54532
3114,EV01320,157,323208
3114,EV01656,157,80822
3115,EV00576,164,619235
3115,EV00207,195,5494652
3115,EV01821,316,1501265
3116,EV01485,120,63438
3116,EV01029,149,116350
3116,EV00897,166,344097
3116,EV01258,176,45891
3117,EV01526,117,128391
3117,EV00389,127,180234
3117,EV01473,129,84117
3117,EV00532,132,153027
3117,EV01404,142,642919
3117,EV00954,178,87873
3117,EV00416,196,2451473
3118,EV00420,190,1706341
3119,EV01817,123,215131
3119,EV00368,141,26304
3119,EV00804,157,1081371
3119,EV00096,269,246076
3119,EV00225,280,2351180
3120,EV01905,45,1181476
3120,EV00722,154,98564
3120,EV00267,257,31235195
3120,EV00319,271,14862460
3121,EV00943,111,444305
3121,EV00457,115,194023
3121,EV00546,130,74860
3121,EV01504,158,1804215
3121,EV00620,168,444020
3122,EV01322,122,36317
3122,EV00288,258,853785
3123,EV01621,101,266283
3123,EV00616,113,87852
3123,EV01402,154,577374
3123,EV00641,167,2024337
3123,EV00206,229,1410720
3124,EV01360,60,1095060
3124,EV01699,117,112811
3125,EV00827,130,1945967
3125,EV00843,135,121313
3125,EV01741,141,621759
3125,EV00020,248,4607589
3126,EV01297,106,58217
3126,EV01205,115,335364
3126,EV01332,128,512219
3126,EV00522,145,569290
3126,EV00214,271,20785463
3127,EV01509,98,14609
3127,EV01672,173,116628
3127,EV00060,224,3154794
3127,EV00185,273,24626191
3128,EV00821,64,95756
3128,EV01406,96,1398824
3128,EV00839,160,116129
3128,EV00330,189,202432
3129,EV01238,125,242956
3130,EV01080,129,274856
3130,EV00303,258,1215061
3131,EV00355,96,141151
3131,EV01787,97,149668
3131,EV01529,106,86316
3131,EV01489,136,383383
3131,EV01273,143,170283
3132,EV01902,59,2109872
3132,EV00780,110,185039
3132,EV01155,122,958338
3132,EV01435,138,7054
3132,EV01659,141,146467
3132,EV01488,152,63932
3132,EV00161,259,1428067
3133,EV01840,21,4099193
3133,EV01060,180,12909
3134,EV00335,82,766226
3134,EV01766,109,485828
3134,EV01010,124,218488
3134,EV00703,133,74148
3134,EV00880,146,2989544
3134,EV00866,179,73675
3134,EV01160,191,584507
3135,EV00715,93,260674
3135,EV00519,126,91531
3135,EV01531,147,14964
3135,EV01741,148,278114
3135,EV00140,259,1668823
3136,EV01111,60,68308
3136,EV00597,145,50076
3136,EV01059,198,14167
3137,EV00799,84,109079
3137,EV01457,100,1157895
3137,EV01653,102,32118
3137,EV00732,128,8422708
3137,EV00707,144,525040
3137,EV00281,209,9425934
3138,EV01404,82,630716
3138,EV00601,97,1028932
3138,EV01430,158,485385
3138,EV00048,209,29474770
3138,EV00869,210,370737
3139,EV00680,60,779808
3139,EV00596,96,873858
3139,EV00869,130,385978
3139,EV00615,152,699387
3139,EV00140,242,1106332
3139,EV00010,255,11308521
3140,EV01138,113,139242
3140,EV00548,178,113562
3140,EV00363,187,35414
3141,EV01321,95,219196
3141,EV01029,120,86199
3141,EV01778,167,36433
3142,EV01304,112,80329
3142,EV01441,124,476956
3142,EV01537,162,314672
3142,EV00334,166,215298
3143,EV00358,108,44677
3143,EV01111,110,94066
3143,EV01446,118,3820445
3143,EV00388,128,125494
3143,EV00793,160,102810
3143,EV01596,181,2841356
3143,EV00206,283,1726559
3144,EV00382,151,56587
3144,EV00018,248,59543797
3145,EV00431,88,106944
3145,EV00684,90,336385
3145,EV00846,103,422128
3145,EV01580,120,58506
3145,EV00686,183,1477282
3145,EV00225,238,3781287
3146,EV01249,121,1484577
3146,EV00503,136,168196
3146,EV01488,150,45873
3146,EV00096,232,636178
3146,EV00044,252,36503219
3147,EV01431,60,628437
3147,EV01693,148,111803
3149,EV01414,68,24217
3149,EV01359,119,388090
3149,EV00376,154,68992
3149,EV00258,267,36287690
3150,EV00945,208,723808
3151,EV01396,126,415730
3151,EV00409,143,11996310
3151,EV00010,239,18428356
3152,EV01842,24,585997
3152,EV00589,78,565062
3152,EV01299,168,4528975
3152,EV00684,178,278763
3152,EV00140,240,542393
3153,EV01822,26,1196752
3153,EV00805,128,148958
3153,EV00760,174,100231
3153,EV01658,178,3034183
3153,EV01753,179,90798
3154,EV00833,104,376953
3154,EV00395,127,139644
3154,EV00286,240,24879826
3155,EV00592,117,289751
3155,EV00216,272,856371
3156,EV01518,145,368924
3156,EV00568,191,376791
3156,EV00140,257,589601
3157,EV01012,117,512194
3157,EV00896,129,309939
3158,EV01111,81,97253
3158,EV00297,271,9896654
3159,EV01893,18,1688686
3159,EV00917,139,165076
3159,EV01728,139,718853
3159,EV00866,159,104843
3159,EV01805,166,867002
3159,EV00306,264,52205176
3159,EV00253,275,1330541
3160,EV01641,120,121082
3160,EV01314,133,722225
3160,EV01062,186,100073
3161,EV00444,61,75138
3161,EV01360,153,762794
3161,EV01039,161,127832
3162,EV01485,119,90721
3162,EV01664,140,3470641
3163,EV00662,76,122864
3163,EV00386,121,472297
3163,EV01634,145,590852
3164,EV01326,92,649467
3164,EV01684,93,15084
3164,EV00633,136,2487185
3165,EV01691,91,3546945
3165,EV01138,158,81692
3165,EV01239,170,454189
3166,EV00496,127,154171
3166,EV00719,137,198267
3166,EV01398,137,207299
3166,EV00438,163,490166
3166,EV01262,181,87508
3167,EV01174,138,243937
3167,EV00459,148,92785
3167,EV01619,165,1401129
3167,EV00675,187,1880027
3167,EV00153,256,3037813
3167,EV01962,361,1969997
3168,EV01699,65,83195
3168,EV01551,106,35005
3168,EV00504,128,255125
3168,EV01673,160,409445
3168,EV00277,285,8401816
3168,EV00275,291,9086433
3169,EV01930,37,310782
3169,EV01642,139,681890
3169,EV01431,156,1384849
3169,EV00439,158,161647
3169,EV01485,165,103512
3169,EV01262,184,73680
3170,EV01796,167,210694
3170,EV01441,180,582143
3170,EV01273,182,90459
3170,EV01385,193,87748
3170,EV00150,230,23749757
3171,EV00790,133,158122
3171,EV00085,257,2295083
3172,EV01546,139,332520
3172,EV00319,276,46966169
3173,EV01649,172,79724
3173,EV00250,205,1456799
3174,EV01132,87,2132631
3174,EV01014,115,63931
3174,EV01435,130,16936
3174,EV01793,146,40488
3174,EV01769,160,279682
3174,EV00212,233,20903575
3174,EV00225,245,3403631
3175,EV01322,87,44869
3175,EV01591,113,188690
3175,EV00288,210,174386
3175,EV00648,234,81244
3176,EV01886,66,945991
3176,EV01413,80,25458
3176,EV01327,102,195026
3176,EV00772,121,162178
3177,EV01103,75,153142
3177,EV01575,109,26438
3177,EV01797,165,351967
3177,EV01701,172,12515
3177,EV00760,182,191136
3177,EV00309,276,7019901
3177,EV00113,278,2018260
3177,EV00198,283,7256267
3178,EV00416,125,1528127
3178,EV00641,151,2531234
3178,EV01463,151,2492020
3179,EV00785,131,670086
3180,EV00950,130,1361358
3180,EV00569,170,141483
3180,EV00251,225,30572505
3180,EV00337,234,518681
3180,EV00303,262,1573237
3181,EV01848,5,2623129
3181,EV01653,99,70107
3181,EV01863,319,244909
3182,EV01190,127,434206
3182,EV00092,223,122575274
3183,EV01492,109,870288
3183,EV01766,153,514955
3183,EV00335,180,372295
3183,EV01634,184,332269
3184,EV00928,97,58494
3184,EV01546,106,622193
3184,EV00779,126,114129
3184,EV01815,194,283167
3185,EV00986,117,439732
3185,EV01751,128,62785
3185,EV01624,142,1878885
3185,EV01644,152,2647244
3185,EV00030,286,4436327
3186,EV00758,92,1374080
3186,EV01782,119,1763743
3186,EV01793,133,66723
3186,EV01629,184,442268
3186,EV01685,194,75112
3186,EV00294,242,10760861
3186,EV00043,294,16802622
3187,EV01895,12,1054761
3187,EV01143,130,97786
3187,EV01585,152,48327
3187,EV00026,272,1275531
3188,EV00558,81,912069
3188,EV01491,153,253676
3188,EV01742,167,276933
3188,EV00046,238,1431505
3189,EV01378,118,230267
3189,EV01278,139,897442
3189,EV01104,141,1713309
3189,EV01737,150,1096812
3189,EV01798,155,132403
3189,EV00297,205,20853978
3189,EV01403,229,285564
3190,EV00998,129,248650
3190,EV00555,133,330698
3190,EV00451,159,233904
3190,EV00863,179,120794
3190,EV01219,184,267065
3190,EV00149,195,2405105
3191,EV01310,65,20967
3191,EV01024,118,2055665
3191,EV00473,135,727870
3191,EV01619,141,874685
3191,EV01753,155,102556
3191,EV00557,171,226846
3191,EV00003,198,1328538
3192,EV01180,93,231625
3192,EV01580,126,65529
3192,EV01798,178,345561
3193,EV01568,165,1052484
3194,EV01613,60,12014
3194,EV00803,104,79008
3195,EV01729,92,1578647
3195,EV00543,105,171981
3195,EV00800,114,120336
3195,EV01545,120,16847
3195,EV01508,143,744279
3195,EV01044,168,99704
3196,EV00600,152,59067
3196,EV01289,197,10731
3196,EV00317,267,1555178
3197,EV00450,74,866575
3197,EV01413,110,90863
3197,EV01049,133,220087
3197,EV00850,169,82190
3197,EV00005,248,34662303
3197,EV00030,255,2794463
3197,EV00083,259,5105755
3198,EV00494,121,221259
3198,EV01812,163,636492
3198,EV00955,188,10153207
3199,EV01385,159,58838
3200,EV01863,25,400052
3200,EV01747,147,499080
3200,EV01552,179,176780
3200,EV01190,203,225579
3200,EV00194,309,29152059
3201,EV00665,82,55370
3201,EV00397,88,244047
3201,EV01533,209,90792
3202,EV01945,11,948605
3202,EV01323,157,2669919
3203,EV01158,110,100593
3203,EV00565,176,45806
3203,EV01621,180,361109
3204,EV01600,117,70685
3204,EV00439,188,209019
3204,EV00048,223,117744344
3205,EV00787,145,50805
3205,EV00772,167,383332
3206,EV00370,113,1334640
3207,EV00722,93,178470
3207,EV00048,231,51637832
3208,EV00578,103,21244895
3208,EV01239,124,299625
3208,EV01281,142,116778
3208,EV00808,148,81897
3208,EV01518,152,347848
3208,EV00309,246,4481815
3208,EV00115,253,1390956
3208,EV00269,301,4105447
3209,EV00602,107,65023
3209,EV01044,122,79260
3209,EV01315,137,2718335
3209,EV00841,180,181512
3210,EV01772,133,5408
3210,EV00286,212,10266082
3211,EV00621,60,77242
3211,EV01297,93,27931
3211,EV00754,123,243935
3211,EV01398,152,409506
3211,EV00267,265,18653986
3212,EV00322,127,60176
3212,EV00243,246,7431142
3213,EV01464,92,22987
3213,EV00383,115,43481
3213,EV01576,134,2192191
3213,EV01041,179,178891
3214,EV01518,112,247552
3214,EV00742,133,1131006
3214,EV01764,137,1040059
3214,EV01625,140,653110
3214,EV00682,196,30096
3214,EV00208,239,11162030
3215,EV01414,142,14176
3215,EV01187,164,153771
3215,EV01520,208,607392
3216,EV00541,77,211436
3216,EV01019,85,120303
3217,EV00582,163,155393
3218,EV00392,118,2090966
3218,EV01404,131,289700
3218,EV01062,142,153636
3218,EV00131,232,21327781
3219,EV01641,85,174129
3219,EV00446,130,139443
3219,EV01277,158,57639
3220,EV01803,60,50146
3220,EV00709,75,38724
3220,EV00858,133,272055
3220,EV01414,142,8331
3220,EV01251,157,52104
3220,EV01342,165,47774
3220,EV00989,183,356801
3221,EV01116,82,63855
3221,EV01551,99,42602
3221,EV00617,135,577061
3221,EV00255,284,6423511
3222,EV00746,60,114611
3222,EV00750,61,683568
3222,EV00748,114,92846
3222,EV01614,129,545335
3222,EV01833,357,10913171
3223,EV01225,149,2934856
3224,EV01206,120,2655077
3225,EV01349,111,42661
3225,EV00594,176,58630
3225,EV00772,194,145899
3225,EV00032,278,9531898
3226,EV00915,83,292960
3226,EV01766,141,289674
3227,EV01207,77,1770664
3227,EV01030,108,398390
3227,EV00722,111,42126
3227,EV00981,123,33580
3227,EV01313,142,1068122
3227,EV00709,151,106894
3227,EV01437,153,58257
3227,EV00628,183,51053
3227,EV01633,186,37175
3228,EV00723,105,10266
3228,EV01548,172,70719
3228,EV00970,180,186169
3228,EV00651,183,337485
3229,EV01322,130,56098
3229,EV01783,139,262317
3229,EV00992,171,275117
3229,EV01605,192,137008
3229,EV00247,260,4631197
3230,EV01037,87,159390
3230,EV00724,113,6639953
3230,EV01276,127,45446
3230,EV00580,131,25113
3230,EV01414,147,55484
3230,EV01404,165,239421
3231,EV01462,140,2589444
3231,EV00703,143,98233
3231,EV01289,150,13949
3232,EV00445,143,71095
3232,EV01528,155,422938
3232,EV01762,159,1070413
3232,EV01742,162,396308
3232,EV00869,197,642592
3233,EV00453,153,1455177
3233,EV01614,164,770503
3233,EV01291,193,90973
3233,EV00001,224,414161
3234,EV00758,90,441743
3234,EV00399,98,115770
3234,EV00896,115,211295
3234,EV00897,156,684464
3234,EV00566,159,383291
3234,EV00394,165,255992
3235,EV00710,132,1412437
3235,EV00489,143,175453
3236,EV01621,103,259643
3236,EV00368,108,39152
3236,EV00386,118,446957
3236,EV01076,142,95774
3236,EV00013,218,5241330
3237,EV01625,122,452962
3237,EV00651,149,390153
3238,EV01903,38,1511840
3238,EV01000,110,19824
3238,EV01347,114,869592
3238,EV00816,120,128915
3238,EV01623,135,50788
3238,EV00522,137,721872
3238,EV01008,147,3776692
3238,EV00246,259,9503356
3239,EV01747,119,614746
3239,EV01551,141,64586
3239,EV01515,154,133800
3239,EV00140,222,814159
3240,EV01835,37,1209528
3240,EV01313,99,741050
3240,EV01766,153,651964
3240,EV00037,255,955609
3241,EV01284,120,226264
3241,EV01043,128,325427
3241,EV00350,146,129767
3241,EV00130,193,2793899
3242,EV00894,114,2490971
3242,EV01473,166,139405
3243,EV01310,71,37949
3243,EV01794,188,159953
3243,EV00149,230,1618882
3243,EV00237,247,78635848
3244,EV01329,111,22289
3244,EV00592,142,309283
3244,EV00618,151,392380
3244,EV01578,154,31786
3244,EV00802,167,1600962
3245,EV00879,117,123760
3245,EV00350,119,67065
3245,EV00719,151,92858
3245,EV01202,158,65848
3245,EV00660,159,1064854
3245,EV00068,211,4004192
3246,EV01752,139,85032
3246,EV01537,169,268266
3246,EV00376,185,54010
3246,EV00863,188,262873
3246,EV00040,237,19061689
3247,EV00281,241,5764105
3248,EV01277,80,171938
3248,EV01490,124,101003
3248,EV00806,138,3275140
3248,EV01766,138,458483
3248,EV01222,144,843060
3248,EV01362,151,335367
3248,EV00068,257,1909841
3249,EV01367,141,1513111
3249,EV01180,150,89064
3249,EV00738,204,227424
3249,EV00309,228,6402023
3250,EV01623,129,130667
3250,EV00674,139,28259
3250,EV00812,147,1785363
3251,EV01906,81,528561
3252,EV01841,28,775177
3252,EV01068,115,186917
3252,EV01697,122,1757048
3252,EV00051,237,10683730
3253,EV01435,123,40760
3253,EV01105,124,111490
3254,EV00896,130,120261
3254,EV00375,152,163411
3254,EV01659,155,198823
3254,EV00472,165,27217
3255,EV00645,149,2707809
3255,EV01636,149,549080
3255,EV00525,158,1118191
3255,EV00222,228,2486511
3255,EV00166,248,5563647
3256,EV00382,143,26017
3256,EV00873,168,1133668
3256,EV01610,174,659225
3256,EV00198,277,24928992
3257,EV00908,101,343107
3257,EV00954,142,64774
3257,EV00869,169,1015074
3258,EV00490,171,629015
3258,EV01385,176,56193
3259,EV01727,62,8472
3259,EV01753,110,56141
3259,EV01211,144,120736
3259,EV01123,170,13341396
3259,EV01421,173,71646
3259,EV00027,234,9808709
3260,EV01079,126,135743
3260,EV00513,133,87916
3260,EV00519,138,16772
3260,EV01033,161,1143523
3260,EV01108,167,49734
3260,EV00030,249,5852278
3261,EV00740,84,2381665
3261,EV00710,126,2102343
3261,EV01027,149,163940
3261,EV00512,199,282288
3261,EV00079,284,2294917
3262,EV01364,122,1226952
3262,EV01529,132,89723
3262,EV00993,150,41583
3262,EV00881,159,311975
3262,EV00952,160,638577
3262,EV01178,171,1262909
3262,EV00060,242,1540351
3262,EV00010,257,14356049
3263,EV00875,78,233825
3263,EV01695,84,968401
3263,EV01566,120,602637
3263,EV01172,177,256168
3263,EV00799,185,86026
3263,EV00294,251,12524110
3264,EV01184,137,722343
3264,EV00496,150,127846
3264,EV00033,250,46179438
3265,EV00476,107,222205
3265,EV00391,144,191932
3265,EV01565,180,257514
3265,EV01319,230,101029
3265,EV00175,255,3800800
3266,EV01842,51,461819
3266,EV00083,223,4153204
3266,EV00150,258,32184551
3267,EV00486,112,229178
3267,EV00050,235,28477708
3268,EV00717,90,120376
3268,EV01009,162,135136
3268,EV01793,173,20855
3268,EV01732,195,31659
3268,EV01134,209,44389
3268,EV00250,300,714941
3268,EV00185,308,19613924
3269,EV01333,115,157832
3269,EV01508,130,380609
3269,EV01575,145,11604
3269,EV00907,148,1368385
3269,EV01641,201,200400
3269,EV00278,227,61110546
3270,EV01650,93,649453
3270,EV00767,95,33674
3270,EV00423,189,427113
3270,EV01569,194,3270569
3270,EV00215,254,82292943
3271,EV00912,126,613450
3271,EV01650,141,336699
3271,EV00939,171,1160577
3272,EV01936,5,5962971
3272,EV01235,93,258514
3272,EV01699,119,220784
3272,EV01012,135,221470
3272,EV00515,138,302005
3272,EV01533,227,211558
3273,EV00358,157,346062
3273,EV00154,213,19277456
3273,EV00316,213,44012227
3274,EV00806,115,1569781
3274,EV01702,189,34129
3274,EV00129,250,17092934
3275,EV01084,174,280050
3275,EV00120,263,10121867
3276,EV00823,78,1086826
3276,EV01471,103,119972
3276,EV00526,127,1014457
3276,EV01268,142,238166
3276,EV01309,172,1057837
3276,EV01349,175,75800
3276,EV00896,188,303786
3277,EV01054,110,303759
3277,EV01285,119,416881
3277,EV00329,130,159206
3277,EV01373,139,410111
3277,EV01442,148,820956
3277,EV01036,150,4544042
3277,EV00422,156,6682128
3277,EV00574,159,299282
3277,EV01345,161,15589
3277,EV01471,182,209064
3277,EV01901,349,493645
3278,EV01237,129,55679
3278,EV00375,130,96569
3278,EV00978,133,426279
3278,EV00790,149,131303
3278,EV00336,162,77013
3278,EV00924,188,2927011
3278,EV00117,283,86155055
3279,EV00799,109,126710
3279,EV01456,131,332449
3279,EV00754,140,605754
3279,EV01140,167,74430
3279,EV00567,196,492330
3280,EV00792,60,114337
3280,EV01660,146,620557
3280,EV00017,211,1640489
3281,EV01297,130,30769
3281,EV00738,133,561548
3281,EV01332,178,774554
3281,EV01019,199,417396
3282,EV01311,115,212799
3282,EV01394,149,1071334
3282,EV01029,153,160745
3282,EV01743,200,724861
3283,EV01074,131,489364
3283,EV01678,145,785240
3283,EV00522,155,942999
3283,EV01729,164,1907501
3283,EV00295,241,33261003
3283,EV00030,254,11430233
3284,EV01590,110,66353
3284,EV01625,113,309238
3284,EV01190,126,283242
3284,EV01413,130,188372
3285,EV01822,17,2317344
3285,EV01297,92,47353
3285,EV01226,151,57625
3285,EV00843,196,218404
3286,EV00754,82,229475
3286,EV00566,102,156253
3286,EV01074,113,548459
3286,EV01166,164,250454
3286,EV00076,274,7238370
3287,EV01029,90,72098
3287,EV00595,115,179348
3287,EV00579,135,308968
3287,EV01114,168,625970
3287,EV01548,234,63723
3287,EV00264,255,1865990
3288,EV01967,19,872455
3288,EV01427,97,223116
3288,EV00897,164,463307
3289,EV00720,111,92892
3289,EV01158,136,170372
3289,EV00690,155,61918
3289,EV00328,161,341027
3289,EV00965,162,144707
3289,EV01802,189,409946
3289,EV00566,223,151610
3289,EV00055,253,19731302
3290,EV01975,25,1023343
3290,EV01813,90,1096113
3290,EV01289,147,16020
3291,EV01084,139,131207
3291,EV00812,142,511837
3291,EV01337,153,19285
3291,EV01566,177,173146
3291,EV00600,211,27735
3291,EV00185,275,7275061
3292,EV00140,198,437653
3293,EV01111,109,80469
3293,EV01482,170,337722
3293,EV00753,179,160696
3293,EV00915,201,165913
3294,EV01266,139,528345
3294,EV00809,144,126297
3294,EV01027,181,144259
3295,EV01100,159,18613
3295,EV01090,183,56261
3295,EV00286,219,26907542
3295,EV00045,236,16045820
3297,EV01821,13,3732420
3297,EV00083,230,6490556
3297,EV00250,262,870557
3298,EV00548,126,79675
3298,EV01687,129,630420
3298,EV01288,132,463359
3298,EV00264,250,382824
3299,EV00370,73,1184531
3299,EV01434,106,112013
3299,EV01225,157,1362985
3299,EV01576,157,3565469
3299,EV00719,169,93942
3299,EV00875,174,344923
3299,EV01239,223,606418
3300,EV00932,140,450172
3301,EV00873,104,626827
3301,EV00448,147,473483
3301,EV01360,154,915597
3301,EV01111,157,49300
3301,EV01539,171,64690
3302,EV00326,129,181638
3302,EV00805,212,77399
3302,EV00614,216,540913
3303,EV01327,125,68520
3303,EV01795,148,309615
3303,EV00296,232,4070803
3304,EV00749,101,192474
3304,EV01076,132,7839
3304,EV01525,149,66595
3304,EV00405,169,101822
3304,EV00116,292,3558823
3305,EV01984,28,1359581
3305,EV00574,115,644868
3305,EV01545,159,42139
3305,EV01075,160,10218
3305,EV01600,167,137822
3305,EV00841,188,42070
3305,EV00722,196,126100
3306,EV01526,84,56214
3306,EV01067,104,66109
3306,EV00489,189,77147
3307,EV00857,100,1301814
3307,EV00776,118,1122222
3307,EV01532,135,407294
3308,EV00691,118,52636
3308,EV00540,127,25349
3308,EV00384,129,821301
3308,EV00597,158,56309
3308,EV01218,192,1364946
3308,EV00129,269,10453506
3309,EV00848,108,11904
3309,EV01228,117,23316
3309,EV01127,142,146859
3309,EV01627,144,31683
3309,EV01321,178,76568
3310,EV01246,144,762133
3310,EV01512,156,1380751
3310,EV01451,222,91499
3311,EV01930,58,241171
3311,EV00449,160,774597
3311,EV00456,185,2228292
3312,EV01930,9,402968
3312,EV00731,169,1108770
3313,EV01528,62,262778
3313,EV01227,148,983517
3313,EV01257,158,1935016
3313,EV01120,162,328902
3313,EV00754,186,618635
3313,EV00108,225,32632034
3314,EV00873,134,1757183
3314,EV01244,136,568614
3314,EV00563,174,101300
3315,EV01318,97,217429
3315,EV01717,106,28866
3315,EV01421,120,109470
3315,EV01211,147,31915
3315,EV00954,171,33968
3316,EV01079,98,202413
3316,EV00500,103,271100
3316,EV01770,127,285267
3316,EV00399,133,228510
3316,EV00989,154,232812
3316,EV00781,197,687332
3316,EV00051,246,7869046
3317,EV01741,116,322942
3317,EV00956,128,82541
3317,EV01360,158,1586851
3317,EV01768,235,503611
3317,EV00202,250,1057397
3318,EV00991,105,270091
3318,EV01276,165,164643
3318,EV00086,289,18186533
3319,EV01881,9,3096049
3319,EV01672,88,131792
3319,EV00814,126,632506
3319,EV00389,142,400309
3319,EV00098,242,90935179
3320,EV01438,60,86086
3320,EV01277,117,56524
3320,EV00717,123,36399
3320,EV00709,157,171930
3320,EV01847,344,1929276
3321,EV01492,91,621046
3321,EV00699,144,82288
3322,EV01334,82,1373005
3322,EV00903,110,644515
3322,EV01076,142,102751
3322,EV00946,167,132597
3322,EV01772,171,12822
3323,EV00432,75,1465072
3323,EV00496,102,144140
3323,EV01277,129,115845
3323,EV00684,131,161335
3323,EV00108,241,25232536
3323,EV00244,262,49495343
3323,EV00001,263,733112
3324,EV01140,74,11054
3324,EV01675,127,25148
3324,EV01590,184,34887
3324,EV00198,299,53920943
3325,EV00446,157,87256
3326,EV01383,82,1157657
3326,EV00618,137,1580757
3326,EV01576,148,3173606
3326,EV01963,346,1088587
3327,EV00552,163,239686
3327,EV00962,192,726573
3328,EV00621,107,47769
3328,EV01750,113,19208919
3328,EV01039,127,34843
3328,EV00494,161,196881
3328,EV00052,231,65506831
3328,EV01883,362,2415697
3329,EV01570,159,384817
3329,EV00060,288,1449489
3330,EV01473,126,162625
3330,EV01163,129,507353
3330,EV00837,144,111032
3330,EV00792,152,85771
3330,EV01287,171,1574546
3331,EV00742,104,606705
3331,EV01041,151,57847
3332,EV00595,139,200434
3332,EV00890,178,25226
3332,EV00185,285,21978570
3333,EV01825,49,946274
3333,EV00707,136,435759
3333,EV01343,144,78813
3333,EV01701,169,79007
3333,EV00300,226,4980828
3335,EV01154,143,2226990
3335,EV00549,174,330269
3335,EV00361,179,166038
3336,EV00545,116,716104
3336,EV00637,118,299658
3336,EV01455,144,1487871
3336,EV01512,148,1488729
3336,EV01238,165,425434
3336,EV00194,248,30392542
3337,EV00651,120,345551
3337,EV01753,188,245152
3337,EV01391,192,2088046
3337,EV00222,224,1580570
3338,EV00949,101,341100
3338,EV01519,135,159574
3338,EV01178,173,764691
3338,EV00911,175,68713
3338,EV01142,185,85000
3338,EV00258,251,8865007
3339,EV00386,77,185262
3339,EV00908,116,333631
3339,EV00440,152,2086973
3339,EV01413,164,168675
3340,EV01548,100,30822
3340,EV01773,155,80266
3341,EV01589,106,281274
3341,EV01413,146,50904
3341,EV01424,164,2727362
3342,EV01235,88,203662
3342,EV00365,126,758487
3342,EV00720,135,56084
3342,EV00354,176,1661546
3343,EV01481,103,822284
3343,EV01518,145,399943
3343,EV01148,164,1059005
3344,EV01984,11,1949779
3344,EV01682,131,1211319
3344,EV00447,144,337836
3344,EV01651,166,226158
3345,EV01238,112,328164
3345,EV01408,121,13371
3346,EV01471,109,25692
3346,EV01581,113,187516
3346,EV01079,125,56551
3346,EV00325,151,664246
3346,EV01136,153,650028
3346,EV00259,265,30704205
3347,EV00555,75,401555
3347,EV01580,152,78350
3347,EV01318,216,213689
3348,EV01202,71,55835
3348,EV01622,90,56057
3348,EV01221,118,36227
3348,EV01043,154,743514
3349,EV01644,117,2053746
3349,EV00096,258,300691
3350,EV01091,109,17931
3350,EV01659,117,127000
3350,EV00545,150,273677
3350,EV01176,180,1161135
3350,EV01319,240,101858
3351,EV01548,113,123659
3351,EV00722,141,235921
3351,EV01041,145,370221
3351,EV01655,163,793001
3351,EV00255,229,10085723
3352,EV01857,28,517315
3352,EV01467,101,562753
3352,EV00887,132,44657
3352,EV01100,171,42406
3353,EV00416,60,3008141
3353,EV00786,98,66391
3353,EV01580,117,66926
3353,EV00799,119,89882
3353,EV01772,137,56476
3353,EV00561,156,171544
3353,EV00377,203,531255
3353,EV00291,223,4447425
3353,EV00312,244,2904420
3354,EV01066,141,410541
3354,EV01545,148,16042
3354,EV00126,230,7960714
3355,EV01591,125,86968
3355,EV01170,156,1935488
3355,EV01322,176,53845
3355,EV00043,271,27110250
3356,EV00691,105,291676
3356,EV00729,157,121267
3357,EV01246,98,1120370
3357,EV01276,149,42927
3357,EV01558,166,178800
3358,EV00565,116,31136
3359,EV01920,13,1293119
3359,EV01217,120,178650
3359,EV00946,148,126651
3359,EV00509,158,111988
3359,EV00363,191,95050
3360,EV01730,102,540835
3360,EV01797,110,98438
3360,EV01545,112,16375
3360,EV01136,144,737809
3361,EV00691,117,220740
3361,EV00773,202,182856
3362,EV01110,85,19091
3362,EV01235,103,228820
3362,EV00076,255,3561783
3362,EV00020,277,2117348
3363,EV00486,116,153835
3363,EV00579,163,279398
3363,EV01158,186,179415
3363,EV00407,195,72905
3364,EV01627,122,62145
3364,EV01274,172,55739
3364,EV00502,201,585474
3365,EV00908,124,508523
3365,EV01468,145,16526
3365,EV01104,170,907884
3365,EV01772,175,16983
3365,EV00270,228,2448724
3366,EV00937,100,942463
3366,EV01465,155,125635
3366,EV00017,241,2186089
3367,EV01869,42,1991875
3367,EV00960,141,335359
3367,EV00303,287,1491379
3368,EV00375,103,173836
3368,EV01208,123,99829
3368,EV00399,126,229860
3368,EV01116,128,78472
3368,EV01435,148,43924
3368,EV00120,218,6025133
3368,EV00814,220,1558781
3369,EV00383,117,27950
3369,EV01731,134,422068
3369,EV01551,141,118410
3369,EV01399,144,113742
3369,EV00481,155,1661437
3369,EV00391,157,96476
3369,EV01549,158,172100
3369,EV01326,168,219219
3369,EV00555,202,265451
3370,EV01524,80,282139
3370,EV01677,107,692924
3370,EV00466,146,38723
3371,EV01628,85,27878
3371,EV01104,93,1763281
3371,EV01469,129,2454503
3371,EV01079,138,229636
3371,EV00491,166,591823
3372,EV00831,131,138653
3372,EV00669,171,212139
3372,EV01158,182,344046
3372,EV00073,240,5842931
3373,EV01253,117,123413
3373,EV00677,133,636086
3373,EV00776,136,420526
3373,EV01327,192,80674
3373,EV00413,214,36698
3374,EV00603,151,162495
3375,EV00896,93,180832
3375,EV01042,103,3063366
3375,EV01175,142,11047
3375,EV01484,148,956750
3375,EV00525,189,1244700
3375,EV00246,270,6617899
3376,EV01503,119,639895
3376,EV00644,179,6031306
3377,EV00473,75,698507
3377,EV01294,133,6453886
3377,EV01707,136,258542
3377,EV01040,148,146546
3377,EV01431,155,1510480
3377,EV00864,163,36477
3377,EV01796,167,138942
3378,EV01850,46,2733795
3378,EV01682,164,515287
3378,EV00793,174,77423
3379,EV00396,87,164839
3379,EV01080,98,553956
3379,EV01243,118,29162
3379,EV00393,134,418727
3379,EV00838,189,519864
3379,EV01369,190,954914
3379,EV00438,200,773325
3380,EV00528,120,136704
3381,EV01489,161,1555903
3381,EV00030,264,7604905
3381,EV01980,352,343234
3382,EV01795,171,141087
3382,EV00003,204,2591713
3383,EV00802,138,725397
3383,EV00542,145,82398
3383,EV01382,184,193027
3383,EV00317,231,2479768
3384,EV01760,117,5542
3384,EV01614,127,540255
3384,EV00192,247,10582258
3385,EV01962,23,1360646
3385,EV00709,69,119393
3385,EV01719,113,670026
3385,EV01591,126,151568
3385,EV00805,130,83806
3385,EV00448,178,615390
3386,EV01280,107,108722
3386,EV01270,137,300429
3386,EV01277,144,106044
3386,EV01711,169,1030296
3386,EV01782,187,581747
3386,EV00594,220,43047
3386,EV01958,343,1669611
3387,EV00383,176,49314
3387,EV00356,181,428650
3387,EV01274,204,9124
3387,EV01378,216,161854
3388,EV00935,105,2179887
3388,EV00973,122,142048
3388,EV01791,123,110263
3388,EV00502,132,597443
3388,EV00938,160,39301
3388,EV00884,169,936201
3388,EV01680,187,161983
3389,EV01886,20,294288
3389,EV00949,122,934279
3389,EV01105,145,110500
3389,EV00498,162,260062
3389,EV01057,175,19616
3389,EV00178,231,305990
3390,EV00849,73,5488155
3390,EV01450,119,959777
3390,EV01404,122,447129
3390,EV01778,152,55634
3390,EV00843,186,46122
3391,EV01390,135,661823
3391,EV00355,147,155698
3391,EV00663,156,1213555
3391,EV01750,179,19280344
3391,EV01488,206,141226
3391,EV00136,213,26799391
3391,EV00079,218,2657749
3392,EV00731,79,1378939
3392,EV01623,115,61246
3392,EV01049,116,602965
3392,EV01693,121,247638
3392,EV00938,170,25600
3392,EV00284,212,28575669
3393,EV01378,125,319107
3393,EV01313,127,1389301
3393,EV00871,158,964153
3393,EV00212,244,18384742
3394,EV00447,67,479290
3394,EV01311,100,318582
3394,EV01254,117,1947395
3395,EV00847,63,12908
3395,EV01014,128,27385
3395,EV01514,183,1013028
3396,EV01660,83,2138515
3396,EV01099,126,342076
3396,EV01465,135,315791
3396,EV00547,148,198230
3396,EV00725,156,1667898
3396,EV01245,183,181671
3397,EV01473,104,180793
3397,EV00068,248,7833577
3398,EV01980,31,1137163
3398,EV01268,100,286899
3398,EV01778,130,62179
3399,EV01854,35,1145257
3399,EV01741,98,1011203
3399,EV00376,137,68770
3399,EV01533,141,114309
3399,EV00803,165,239152
3400,EV01578,75,34262
3400,EV00407,156,163973
3400,EV01181,191,80471
3400,EV00305,231,29556012
3401,EV01694,97,86812
3401,EV01132,103,1151424
3401,EV00445,165,172625
3402,EV01450,71,944676
3402,EV01551,117,66192
3402,EV01322,185,78123
3403,EV00796,119,56958
3403,EV01357,157,463662
3403,EV01198,170,181929
3404,EV01661,108,1259790
3405,EV00356,104,351530
3405,EV01303,151,261439
3405,EV01505,190,419743
3405,EV00073,253,6283719
3406,EV01493,100,6582484
3406,EV01255,140,1417930
3406,EV00786,141,130070
3406,EV00591,157,511035
3407,EV01395,107,28270
3407,EV01304,115,158818
3407,EV00401,144,2644676
3407,EV01399,151,409521
3407,EV00298,272,3166405
3408,EV00602,130,53320
3408,EV00754,143,433429
3409,EV01441,93,761425
3409,EV01155,139,1400851
3409,EV00068,200,1699113
3409,EV00020,231,613252
3409,EV00225,297,1758234
3410,EV01498,138,60747
3410,EV00597,139,23740
3410,EV00720,169,185309
3410,EV01079,197,311811
3410,EV00020,264,2748454
3411,EV01625,91,233683
3411,EV01500,174,218418
3411,EV00243,273,13545281
3413,EV01846,26,793021
3413,EV01297,99,91826
3413,EV01438,113,95689
3413,EV00938,115,87042
3413,EV01784,132,30236
3413,EV00476,133,139862
3413,EV01105,148,70555
3413,EV00001,233,1554119
3413,EV00282,254,14363426
3414,EV01875,53,1807923
3414,EV01289,86,9254
3414,EV01136,114,822522
3414,EV01193,139,6724644
3415,EV01451,127,172666
3415,EV01289,149,20971
3415,EV00353,156,333837
3415,EV00026,282,2149936
3416,EV00616,145,291558
3416,EV00298,253,4822160
3417,EV01481,143,157055
3417,EV00890,154,19117
3417,EV01575,189,17744
3417,EV00161,273,2299173
3418,EV01532,123,845620
3418,EV00171,204,8833944
3418,EV00083,229,3419075
3418,EV00259,254,14376885
3419,EV01029,113,70050
3419,EV00969,122,48655
3419,EV01304,220,173443
3419,EV00130,269,4065557
3420,EV01365,64,248775
3420,EV00848,131,8149
3420,EV01793,172,20256
3420,EV00288,215,502859
3421,EV00768,116,328608
3421,EV01119,140,484569
3421,EV00447,145,186877
3421,EV00388,178,283355
3421,EV01414,228,52949
3422,EV00445,125,370008
3422,EV00943,136,346077
3422,EV01814,158,129949
3423,EV00782,80,533082
3424,EV00687,185,199485
3424,EV01467,226,2573172
3424,EV00104,288,7071821
3425,EV01473,74,56903
3425,EV01453,139,3220757
3425,EV01262,169,137619
3426,EV00767,142,50931
3426,EV00636,145,229722
3426,EV01715,150,136756
3426,EV01808,150,140852
3426,EV00906,162,582893
3426,EV01179,166,296888
3426,EV00865,189,4304678
3427,EV01695,116,969017
3427,EV01745,130,88558
3427,EV01408,140,20068
3427,EV00883,158,224447
3428,EV01379,98,42613
3429,EV01671,65,149834
3429,EV01591,140,338954
3429,EV01645,142,941528
3429,EV00769,152,978959
3429,EV00399,157,387866
3429,EV01213,177,990214
3429,EV00299,255,6477959
3430,EV01616,141,20379
3430,EV00431,173,126072
3430,EV01351,175,11345
3431,EV00614,112,837671
3431,EV01052,127,36390
3431,EV01238,132,617131
3431,EV01285,155,289889
3431,EV01349,186,125053
3432,EV01869,35,1195041
3432,EV00709,98,90358
3432,EV00747,150,181135
3432,EV00429,154,102135
3432,EV01021,159,524826
3433,EV00596,134,1266246
3434,EV01018,113,677188
3434,EV01228,144,73143
3434,EV01149,146,317824
3434,EV00502,147,1331075
3435,EV01410,115,214842
3435,EV01158,123,106384
3435,EV01687,140,190851
3435,EV00448,153,832696
3435,EV01452,180,228103
3435,EV01198,185,99067
3435,EV00112,216,3298727
3435,EV00213,275,6960958
3436,EV01702,113,39409
3436,EV00799,132,80618
3436,EV01533,153,242931
3436,EV00039,206,1707171
3436,EV00135,293,8427338
3437,EV00603,114,159716
3437,EV01441,135,243281
3437,EV00760,190,33689
3437,EV01464,195,156475
3437,EV00232,248,52006797
3438,EV01032,69,137941
3438,EV00888,83,2002070
3438,EV01333,102,91946
3438,EV00060,216,1552721
3439,EV01621,160,63684
3439,EV01797,194,150771
3439,EV01416,199,861756
3440,EV00498,127,198581
3440,EV01142,140,59751
3440,EV01516,153,909069
3440,EV00235,277,17079521
3441,EV01574,117,770141
3441,EV00717,121,22087
3441,EV01724,128,236436
3442,EV01629,149,109992
3444,EV01385,155,98685
3444,EV01084,170,318437
3444,EV00043,221,45183852
3445,EV00734,144,48755
3445,EV01239,153,689383
3445,EV00363,169,162560
3445,EV00320,274,7031015
3446,EV01131,100,29542
3446,EV01687,158,930275
3447,EV01696,102,3324356
3447,EV00356,168,207820
3447,EV01273,178,86793
3447,EV01228,180,23842
3449,EV01882,13,412838
3449,EV01079,88,161776
3449,EV01136,110,1620735
3449,EV01488,112,107265
3449,EV01798,132,175647
3449,EV00326,202,178539
3449,EV00260,233,20541028
3449,EV00049,242,12255931
3450,EV01310,141,11326
3450,EV01063,151,497529
3450,EV01111,173,115957
3451,EV01806,141,133955
3451,EV00083,263,12598891
3453,EV00841,60,51440
3453,EV01795,132,170112
3453,EV00391,139,145753
3453,EV01067,153,62097
3453,EV00710,168,778932
3454,EV00433,60,610512
3454,EV01117,117,240625
3454,EV01702,119,49034
3454,EV01695,167,378940
3454,EV00664,219,2884341
3455,EV00815,109,1337559
3455,EV00036,279,43394849
3456,EV01580,122,9404
3456,EV00752,126,579130
3456,EV00919,140,369787
3456,EV00525,168,796450
3456,EV01629,186,118269
3456,EV01577,201,6135573
3456,EV00084,228,11921573
3457,EV01566,128,360326
3457,EV01698,137,85098
3457,EV01717,157,12730
3457,EV00051,281,16200179
3458,EV00594,98,76250
3458,EV01727,130,56877
3458,EV00522,142,390642
3458,EV01520,151,917319
3458,EV01770,168,273237
3458,EV01546,184,192249
3458,EV00032,235,14212830
3458,EV00086,290,16875917
3459,EV00362,126,1873865
3459,EV01284,126,384351
3459,EV00725,133,1514766
3459,EV00805,133,151310
3459,EV01000,160,34219
3460,EV01740,115,1946271
3460,EV01816,119,359869
3460,EV01796,154,232670
3460,EV01849,357,625054
3461,EV01519,110,215085
3461,EV00684,115,144051
3461,EV01142,127,73249
3461,EV01176,174,4563380
3461,EV01379,197,48415
3462,EV01358,119,299429
3462,EV01006,121,219025
3462,EV01594,133,168588
3462,EV01720,144,1046382
3462,EV00871,166,466963
3462,EV01059,169,88263
3462,EV00566,171,17971
3463,EV01559,82,258797
3463,EV01444,139,319382
3463,EV01310,157,25472
3463,EV01091,195,9950
3464,EV00448,91,720593
3464,EV00008,230,9027984
3464,EV00280,230,21786226
3464,EV00055,245,27869635
3465,EV00584,77,17426
3465,EV00897,121,1358783
3465,EV01734,125,437883
3465,EV00476,130,118090
3465,EV01409,136,72066
3465,EV00178,220,934244
3466,EV01758,118,74834
3466,EV01575,137,17393
3466,EV00246,268,5889457
3466,EV01917,365,4601986
3468,EV00559,105,31740
3468,EV00749,121,42119
3468,EV00502,137,1001471
3468,EV01228,145,12767
3468,EV00288,258,662667
3469,EV00752,132,1490919
3469,EV01006,162,261370
3469,EV01348,166,1750227
3469,EV00606,168,444089
3469,EV00288,291,537107
3470,EV01824,64,275501
3470,EV00758,117,1160691
3470,EV01746,134,3000608
3470,EV00768,177,308002
3470,EV01695,209,538366
3471,EV01600,77,75402
3471,EV01226,141,29566
3471,EV00607,151,67235
3471,EV01028,155,1240286
3471,EV00703,163,154953
3472,EV01127,131,83097
3472,EV01329,146,23289
3472,EV01478,147,3003245
3472,EV01668,172,641375
3472,EV01677,183,211362
3472,EV00099,296,16478265
3473,EV01122,71,1400916
3473,EV01637,157,1369378
3474,EV01088,105,58020
3474,EV00376,171,118152
3474,EV00727,181,187552
3474,EV00918,223,933874
3475,EV00077,246,61520132
3476,EV01010,95,606843
3476,EV01202,127,94712
3476,EV00385,159,42800
3476,EV00805,159,111044
3476,EV01368,185,1009435
3476,EV00115,212,1370957
3476,EV00246,256,8088564
3477,EV00355,148,84977
3477,EV01351,181,50104
3478,EV01111,116,54379
3478,EV01322,140,56344
3478,EV00255,230,6530754
3479,EV01537,118,708814
3479,EV01138,128,114224
3479,EV00449,197,1597158
3480,EV00841,98,94755
3480,EV01110,122,52070
3480,EV01747,139,88291
3480,EV01354,225,3995683
3480,EV00022,227,29721657
3480,EV00194,324,39915273
3481,EV00742,109,455752
3481,EV01001,131,40426
3481,EV01670,133,1856137
3481,EV01693,133,126605
3481,EV01173,138,31264
3481,EV00260,254,33447976
3482,EV01933,65,276326
3482,EV00347,123,1653985
3482,EV00476,128,239619
3482,EV00964,180,445723
3482,EV00383,195,52024
3483,EV00855,77,1526405
3483,EV00683,138,92430
3483,EV00471,151,407440
3483,EV00008,213,6968030
3484,EV01993,34,3114851
3484,EV00981,60,59443
3484,EV00455,82,1233667
3484,EV01793,137,12463
3484,EV00476,140,131413
3484,EV01408,140,42925
3484,EV01458,143,773718
3484,EV00937,170,549670
3484,EV00904,177,566018
3484,EV00087,255,27142020
3484,EV00030,287,6973081
3485,EV01672,75,134375
3485,EV01365,133,256226
3485,EV00946,195,177912
3486,EV01324,186,1461585
3487,EV01321,148,101764
3487,EV01568,179,2830238
3488,EV00583,123,70726
3488,EV00582,138,325156
3488,EV00432,149,788038
3488,EV01310,172,45386
3488,EV00799,187,163023
3489,EV01012,60,297886
3489,EV01379,128,46060
3489,EV01118,135,305087
3489,EV01245,167,274678
3489,EV00644,206,7396950
3489,EV00039,207,2097319
3490,EV00827,115,1862593
3490,EV01136,139,1382536
3490,EV01483,170,2377973
3490,EV00250,247,997640
3491,EV01313,131,1382690
3491,EV01808,134,44477
3491,EV01341,135,218485
3491,EV00714,146,90534
3491,EV00718,149,35820
3491,EV00992,149,29807
3491,EV00930,150,1370160
3492,EV00382,142,41055
3492,EV00159,246,6688391
3493,EV01932,29,327796
3493,EV01625,202,566555
3493,EV00093,242,1223463
3495,EV00864,119,88001
3495,EV00862,186,241028
3496,EV00779,91,129957
3496,EV00784,113,358230
3496,EV00751,135,17167
3496,EV01089,155,348954
3496,EV00512,163,521698
3496,EV00544,197,37903
3496,EV00225,242,2178193
3497,EV01071,91,1860583
3497,EV01195,168,2759572
3497,EV00282,285,20809903
3498,EV01094,96,137647
3498,EV01164,105,2008177
3498,EV00548,124,78836
3498,EV01650,138,421541
3498,EV00895,154,168684
3498,EV01623,173,134642
3498,EV00260,236,17342121
3499,EV01874,39,744143
3499,EV01413,98,118056
3499,EV00423,144,203597
3499,EV00466,148,32146
3499,EV00494,171,203384
3500,EV01600,130,295992
3500,EV01747,169,220439
3501,EV00325,195,212786
3501,EV01650,223,242375
3502,EV00436,158,243000
3502,EV00532,215,277890
3503,EV00628,105,145161
3503,EV00436,122,331300
3503,EV01665,122,762018
3503,EV00672,147,40040
3503,EV00755,148,239627
3503,EV01575,171,35681
3503,EV00584,186,72461
3504,EV00848,119,29145
3504,EV00078,222,3205636
3505,EV01155,141,977994
3506,EV01503,159,338860
3506,EV01039,186,64400
3506,EV01065,187,690435
3506,EV01236,200,804461
3507,EV00917,66,409153
3507,EV01398,106,227800
3508,EV00542,117,104124
3508,EV00462,160,3570982
3508,EV00932,195,446593
3508,EV00093,262,731057
3510,EV01182,78,1618896
3510,EV01082,89,170608
3510,EV01172,144,121799
3510,EV01680,153,538174
3510,EV00805,156,94073
3510,EV01419,167,1058032
3510,EV00191,242,2803303
3510,EV00291,251,6179099
3511,EV01077,75,265852
3511,EV01366,80,634108
3511,EV01627,134,97283
3511,EV01529,182,73967
3512,EV00982,121,2728332
3512,EV01087,158,112311
3513,EV00684,98,493922
3513,EV01777,149,68201
3513,EV01050,169,65188
3514,EV01918,2,358005
3514,EV00837,98,43128
3514,EV01155,99,2288712
3514,EV00767,102,86326
3514,EV01507,121,1058205
3514,EV01173,122,34284
3514,EV00767,156,11112
3514,EV01365,161,211527
3514,EV00120,241,25581879
3515,EV01715,72,169059
3515,EV00773,99,422281
3515,EV01017,127,742554
3515,EV00562,129,78860
3515,EV00767,146,34132
3515,EV00541,191,82081
3515,EV01154,195,556685
3515,EV01764,198,699631
3515,EV00129,291,12126958
3516,EV00884,85,255785
3516,EV00428,133,152784
3516,EV00790,153,87883
3516,EV00339,158,640078
3516,EV01128,161,139905
3516,EV00140,294,445995
3517,EV01413,131,79778
3518,EV00698,144,210745
3518,EV00568,155,874173
3518,EV00742,162,235145
3518,EV01057,173,54140
3518,EV00045,255,5007838
3518,EV00140,265,1073714
3519,EV00206,226,2259234
3519,EV00030,236,13642648
3520,EV01657,176,268471
3521,EV01760,185,14636
3521,EV00303,255,1355022
3522,EV00393,101,801071
3522,EV00087,263,97374429
3522,EV00230,266,4001382
3522,EV00165,307,21435021
3523,EV00775,71,440263
3523,EV01453,137,2905243
3523,EV01138,141,209267
3523,EV00183,214,17102053
3523,EV00225,277,2175495
3523,EV00255,280,5144895
3524,EV00370,159,1145826
3524,EV00026,285,4333874
3525,EV01593,65,2330108
3525,EV01585,115,354361
3525,EV00851,130,18501
3526,EV01976,36,3421129
3526,EV01513,114,1500632
3527,EV01390,119,1125800
3527,EV00615,150,1167913
3528,EV00819,146,51081
3528,EV01747,158,214861
3528,EV00709,176,205667
3528,EV00081,271,379827
3529,EV01954,44,2424155
3529,EV01412,100,81596
3529,EV00819,133,9383
3529,EV00645,172,3250725
3529,EV00593,210,451210
3530,EV01766,72,380829
3530,EV01138,129,103241
3530,EV01074,155,417861
3530,EV01680,174,636203
3531,EV00752,105,899460
3531,EV00691,125,170647
3531,EV01226,195,39557
3531,EV00245,249,23078854
3532,EV01846,55,393946
3532,EV01251,147,130828
3533,EV01740,88,544449
3533,EV00702,126,2593966
3534,EV00697,124,900985
3534,EV01813,142,4529485
3534,EV01417,159,413250
3534,EV01527,160,2775092
3534,EV00973,197,136115
3534,EV00316,261,75074525
3534,EV00073,291,14161779
3535,EV00470,60,10991
3535,EV01694,136,48890
3535,EV00367,152,1699915
3535,EV00115,266,1271395
3536,EV01285,161,303075
3536,EV00947,163,32710
3537,EV01078,60,663314
3537,EV01435,156,5517
3537,EV01782,172,1695152
3537,EV00372,192,67143
3538,EV01138,91,268193
3538,EV00486,139,169577
3539,EV00566,151,189695
3539,EV01551,170,37267
3540,EV00927,71,210480
3540,EV01502,98,291212
3540,EV01326,127,448998
3540,EV01009,219,184828
3541,EV01651,124,159584
3541,EV01701,213,50881
3542,EV01238,120,479475
3542,EV01700,123,4146987
3542,EV01077,133,507868
3542,EV00996,136,3586351
3542,EV00026,230,681177
3543,EV00948,98,132543
3543,EV01498,206,190333
3544,EV01404,85,322811
3544,EV01498,91,74726
3544,EV00764,96,142784
3544,EV00385,115,35274
3544,EV01421,161,59632
3544,EV00231,299,13391083
3545,EV01846,50,161427
3545,EV00382,103,9935
3545,EV00827,162,799579
3546,EV01847,44,2015268
3546,EV00422,60,2102461
3546,EV01737,79,853219
3546,EV00751,215,8249
3546,EV00212,231,43276690
3546,EV00202,292,2760414
3547,EV01849,30,758054
3547,EV01365,118,122574
3547,EV01301,140,462028
3548,EV00818,104,231085
3548,EV00975,120,315330
3548,EV00326,129,72048
3548,EV00370,143,1258719
3549,EV01549,112,127251
3549,EV00493,119,43899
3549,EV00358,130,275848
3549,EV01804,130,49192
3549,EV00584,139,94492
3549,EV01385,152,116076
3549,EV01332,155,782689
3549,EV01135,240,2467435
3550,EV01526,89,72328
3550,EV01079,107,92993
3550,EV01289,112,18718
3550,EV01656,112,73589
3550,EV00619,147,204975
3551,EV01908,44,2916302
3551,EV00932,103,532069
3551,EV01377,142,4075939
3551,EV01204,145,49571
3551,EV00189,220,9052878
3552,EV01761,125,1680012
3552,EV01069,195,988157
3552,EV00068,261,9445323
3553,EV00439,60,221986
3553,EV00044,262,9492371
3554,EV00549,123,811616
3554,EV00396,128,115086
3554,EV00435,174,336533
3554,EV00003,225,3829618
3555,EV00637,82,304412
3555,EV00848,135,26804
3555,EV01804,147,83963
3555,EV00604,154,401997
3555,EV01162,162,145772
3556,EV00376,86,39729
3556,EV01341,113,126996
3556,EV01804,169,29830
3556,EV01646,171,35308
3557,EV01436,71,1434261
3557,EV01273,137,130201
3557,EV01320,148,689018
3557,EV00877,191,1431057
3557,EV00045,230,6011383
3558,EV00772,144,67592
3558,EV01221,146,59836
3558,EV00358,158,174379
3558,EV01771,173,52531
3558,EV00089,190,837295
3558,EV01376,206,3561536
3559,EV01659,119,128105
3559,EV01580,120,42968
3559,EV01052,125,19899
3559,EV00593,134,390398
3559,EV00579,136,256736
3559,EV01665,149,1339897
3559,EV01814,180,59298
3559,EV00222,248,1401882
3560,EV01104,240,780249
3561,EV01534,121,4838771
3561,EV00264,238,1401392
3562,EV01451,198,302723
3562,EV00140,290,1400889
3563,EV00470,109,6139
3563,EV01693,119,64116
3563,EV01732,198,59288
3563,EV01848,362,4656239
3564,EV01976,1,4220158
3564,EV00770,109,368025
3564,EV00712,113,703185
3564,EV01938,339,675597
3565,EV01272,104,222544
3565,EV01110,144,51472
3565,EV01761,159,1280598
3566,EV00754,109,440399
3566,EV01296,117,95129
3566,EV01217,130,530453
3567,EV00496,77,122340
3567,EV00841,134,68170
3567,EV00305,207,34288940
3567,EV00185,231,7360570
3568,EV01211,115,169660
3568,EV01669,138,274957
3568,EV00288,216,1010928
3569,EV00714,163,91218
3570,EV01079,97,112892
3570,EV01313,179,773418
3570,EV01600,204,271744
3570,EV00032,265,19975050
3571,EV01594,150,297113
3571,EV01427,182,139527
3572,EV00492,103,1139216
3572,EV00608,109,2932928
3572,EV00857,115,1180050
3572,EV00843,121,131174
3572,EV00212,245,10411006
3573,EV01930,19,473803
3573,EV01759,60,93391
3573,EV00326,130,289037
3573,EV01399,180,283758
3573,EV00295,280,21828819
3574,EV01070,89,142104
3575,EV01217,93,357112
3575,EV01408,101,35248
3575,EV01474,151,2782435
3575,EV01158,165,247271
3575,EV00199,223,50503138
3576,EV01190,122,212864
3576,EV01300,187,20404
3576,EV00045,230,13200026
3576,EV00288,253,328996
3577,EV01416,144,697363
3577,EV00404,155,282696
3577,EV00294,227,13935735
3577,EV00317,239,849798
3578,EV01594,73,108663
3578,EV00515,163,343615
3579,EV01633,136,67878
3579,EV00866,139,83811
3580,EV00882,97,514259
3580,EV00682,107,40163
3580,EV01326,107,376163
3580,EV00791,109,290516
3580,EV01642,116,417330
3580,EV00222,217,1042410
3581,EV01595,81,323217
3581,EV00911,100,21371
3581,EV00751,133,14963
3581,EV01273,142,295700
3581,EV00380,157,246376
3581,EV00030,241,5837815
3582,EV00750,109,712526
3583,EV01599,64,84798
3583,EV01166,119,146579
3583,EV00717,164,63954
3583,EV00776,231,1888049
3584,EV01834,43,1355510
3584,EV01629,137,437687
3584,EV01485,148,32540
3584,EV00204,254,24748234
3585,EV00607,110,79274
3585,EV01388,134,153054
3585,EV01091,199,65501
3586,EV01781,102,565090
3586,EV01766,115,311906
3586,EV00754,121,207289
3586,EV00933,173,85671
3586,EV00059,269,7294638
3587,EV01503,62,642321
3587,EV00328,74,989558
3587,EV00376,131,141713
3587,EV01204,138,49045
3587,EV01068,145,364003
3587,EV00744,147,300955
3588,EV01770,67,510390
3588,EV01697,102,611359
3588,EV01105,118,87520
3588,EV01175,135,19947
3588,EV01260,137,540733
3588,EV01687,176,958274
3588,EV01030,178,204562
3588,EV00033,269,52405524
3589,EV01262,83,130989
3589,EV01629,142,203553
3589,EV01451,145,278317
3589,EV00808,154,58379
3590,EV00868,60,71295
3590,EV01298,123,185137
3590,EV01403,154,1770179
3590,EV01103,161,69947
3591,EV01727,140,166810
3591,EV01043,148,412704
3592,EV01675,98,59447
3592,EV00938,134,61165
3592,EV00558,154,1198298
3593,EV01144,60,282043
3593,EV00548,144,48454
3593,EV01545,149,40776
3593,EV01594,161,365857
3593,EV01812,172,434119
3594,EV01760,77,30410
3594,EV00673,93,178165
3594,EV00833,119,212710
3594,EV00651,151,198878
3594,EV00140,279,597838
3595,EV00955,78,6004298
3595,EV00579,134,382997
3595,EV01012,240,339059
3595,EV00259,282,11228074
3596,EV01346,89,33880
3596,EV01653,159,54484
3596,EV00751,162,30874
3596,EV00030,236,7985116
3597,EV01414,122,21523
3597,EV00783,157,66924
3597,EV01671,175,249467
3598,EV00413,110,31396
3598,EV00562,131,52023
3598,EV01580,150,41927
3598,EV00513,162,72423
3598,EV00841,188,51090
3598,EV01214,198,7137240
3598,EV00122,229,45755342
3599,EV01665,109,554819
3599,EV00754,188,486049
3599,EV00359,200,3257767
3599,EV01672,240,132947
3600,EV00740,110,2668883
3600,EV00998,127,426982
3600,EV00780,147,152476
3600,EV00076,271,6982132
3601,EV01108,120,136941
3601,EV01516,171,2494980
3602,EV00993,124,42005
3602,EV00403,186,692475
3603,EV00567,134,144867
3603,EV00383,173,16470
3603,EV01044,220,115343
3604,EV01617,118,50019
3604,EV01253,133,93266
3604,EV00435,188,543186
3605,EV01647,66,1199304
3605,EV00817,93,1806595
3605,EV00816,96,211490
3605,EV01673,120,328388
3605,EV00366,128,569600
3605,EV00435,156,163529
3605,EV00136,305,45111669
3606,EV00743,107,82913
3606,EV01760,111,26202
3608,EV00270,263,6719338
3608,EV00140,273,2064751
3609,EV00330,126,485171
3609,EV01435,134,84594
3609,EV01236,159,1580379
3609,EV01545,167,16701
3609,EV01375,189,50362
3610,EV01992,29,3046281
3610,EV00707,131,142836
3610,EV01540,153,945257
3610,EV01291,163,109849
3610,EV00299,262,5497796
3611,EV01661,80,1385729
3611,EV00663,131,1396180
3611,EV01225,137,2555842
3611,EV00385,175,59638
3611,EV01727,206,141771
3612,EV00773,107,195663
3612,EV00793,193,181279
3612,EV00250,312,1778764
3613,EV00751,96,46344
3613,EV01533,104,131775
3613,EV00803,123,268041
3613,EV00928,128,11525
3613,EV00871,166,378338
3613,EV00225,274,2138225
3614,EV00457,98,236111
3615,EV01673,88,152789
3615,EV01693,94,83400
3615,EV01756,118,272010
3615,EV01326,158,796716
3616,EV01382,106,146140
3616,EV00718,155,80379
3617,EV01874,57,927997
3617,EV00772,117,228160
3617,EV01687,120,709456
3617,EV01451,162,110437
3617,EV00216,236,370544
3618,EV00848,93,24239
3618,EV00744,156,356932
3618,EV01105,164,127371
3618,EV00915,233,219575
3618,EV00315,257,3601508
3619,EV01975,5,315287
3619,EV00813,85,445053
3619,EV01015,117,1396627
3619,EV01339,120,1277205
3619,EV01580,142,34155
3619,EV01562,152,2517622
3619,EV00040,315,13481950
3620,EV01717,150,42299
3620,EV01545,161,8036
3621,EV00503,113,233763
3621,EV00718,148,25636
3622,EV00896,152,470695
3622,EV00509,156,49705
3622,EV01319,159,78978
3622,EV01567,170,1482162
3623,EV00391,112,16619
3623,EV00548,146,88061
3624,EV00631,60,236099
3625,EV01734,116,673307
3625,EV01770,124,113000
3625,EV01274,135,32278
3625,EV01105,208,129135
3626,EV01789,123,122254
3626,EV01793,139,49527
3626,EV01346,144,97375
3626,EV00382,148,30385
3626,EV01103,202,91689
3626,EV00202,249,1931626
3627,EV00562,139,85231
3627,EV00323,157,427717
3628,EV01108,89,44701
3628,EV01526,136,109139
3628,EV00189,238,8819601
3629,EV00884,116,1184696
3629,EV00930,161,689177
3629,EV00526,171,812381
3629,EV00451,187,374222
3629,EV00995,192,705610
3629,EV01798,192,267355
3629,EV00547,219,79995
3629,EV00037,220,2758317
3629,EV00026,273,2657514
3630,EV01650,91,377260
3630,EV00527,150,59860
3630,EV01273,158,120861
3630,EV01427,173,128674
3630,EV00078,192,15751840
3630,EV00309,226,16062166
3631,EV01217,66,336461
3631,EV00288,252,338769
3632,EV00790,124,96012
3632,EV01798,176,494194
3633,EV00960,140,470315
3633,EV00443,151,107227
3634,EV00775,101,780991
3634,EV00512,164,544090
3635,EV01530,106,59351
3635,EV01550,118,421823
3635,EV00873,156,1041295
3635,EV00820,165,2712327
3635,EV01590,172,63783
3635,EV00013,269,7337927
3636,EV00326,123,91073
3636,EV00819,175,70461
3637,EV00557,129,73422
3637,EV00558,179,2142009
3637,EV01099,185,902015
3637,EV00362,202,2681260
3637,EV00037,232,7588096
3638,EV01424,93,1189666
3638,EV00423,105,349546
3638,EV00409,172,8810313
3638,EV00250,185,379406
3638,EV00896,197,98800
3639,EV00848,64,24920
3639,EV00915,69,112957
3640,EV00940,74,310788
3640,EV01056,137,251435
3640,EV00691,160,277465
3640,EV01966,351,1036165
3641,EV01897,68,4744879
3641,EV01798,111,192014
3641,EV00703,140,128347
3641,EV01379,145,16307
3641,EV01766,173,342093
3642,EV00636,88,79387
3642,EV00936,118,761269
3642,EV00528,119,210803
3642,EV00475,163,1296146
3642,EV01751,166,134678
3642,EV00037,248,7101141
3643,EV01132,145,1226271
3643,EV00191,249,1111508
3643,EV00309,266,5159741
3643,EV00168,286,2463958
3644,EV01795,137,85652
3644,EV00394,144,378910
3644,EV01730,149,1165561
3645,EV01720,123,2671154
3645,EV01525,149,121670
3645,EV01697,222,1305606
3646,EV00851,108,15762
3646,EV01576,144,2437819
3647,EV00545,114,821485
3647,EV01158,117,259461
3647,EV00722,119,310461
3647,EV00759,171,453362
3647,EV01051,178,1054744
3647,EV01580,190,36596
3648,EV01669,108,242293
3648,EV01801,130,53449
3648,EV00492,137,1403580
3648,EV01133,151,54746
3649,EV01062,115,138966
3649,EV00915,168,150869
3650,EV00715,101,207648
3650,EV00941,105,10478
3650,EV01659,117,289771
3650,EV01112,150,550435
3650,EV00722,153,111028
3650,EV01669,211,109801
3650,EV01967,324,635942
3651,EV00986,123,494903
3652,EV01804,97,123506
3652,EV01024,108,2888920
3652,EV01367,231,979707
3653,EV01798,79,403026
3653,EV01502,136,81060
3653,EV00981,179,183647
3654,EV01488,141,168614
3654,EV01669,192,326403
3654,EV01694,194,93377
3654,EV00275,276,2308630
3655,EV00823,126,1005653
3656,EV01115,89,668397
3656,EV01076,96,83613
3656,EV00460,182,2806838
3657,EV01802,60,448591
3657,EV00545,130,709198
3657,EV00554,143,1340430
3657,EV01360,143,1061958
3657,EV01569,149,1390854
3657,EV00431,150,351222
3657,EV00296,264,5104038
3658,EV01919,8,342157
3658,EV00841,156,239461
3659,EV00574,94,318052
3659,EV01743,130,519898
3659,EV00389,142,160644
3659,EV01526,150,88827
3659,EV01116,161,20763
3659,EV00830,164,55132
3659,EV01584,164,3688006
3660,EV00687,136,211137
3661,EV00837,179,45379
3662,EV00881,93,1277711
3662,EV01764,104,379128
3662,EV00742,152,618410
3662,EV00363,153,69651
3662,EV01398,167,447618
3662,EV00120,270,6551400
3662,EV00131,308,22313729
3663,EV00790,106,60555
3663,EV01618,133,42636
3663,EV01228,147,20578
3663,EV00445,167,350990
3663,EV01613,175,20103
3664,EV00679,144,434241
3665,EV00764,116,917933
3665,EV00631,126,277958
3665,EV01048,136,1880628
3665,EV00715,137,291356
3666,EV00752,83,1180126
3666,EV01801,123,76513
3666,EV01693,136,285953
3666,EV01022,194,469410
3667,EV01518,124,228175
3668,EV01804,127,87280
3668,EV00427,148,61301
3668,EV00843,152,88006
3668,EV01340,171,86931
3668,EV00085,206,2151819
3669,EV00358,100,76905
3669,EV01240,106,799390
3669,EV00790,109,32181
3669,EV01049,112,679372
3669,EV00890,149,28218
3670,EV01333,143,73496
3670,EV00083,234,3808799
3670,EV00238,247,12604959
3670,EV00298,267,6968746
3671,EV00928,74,55951
3671,EV00869,111,355384
3671,EV00665,122,88411
3671,EV00354,132,223272
3671,EV01103,141,131152
3671,EV00747,156,49022
3671,EV00126,271,1096934
3672,EV00684,167,223839
3672,EV01860,357,1163494
3673,EV01513,104,2316606
3673,EV01693,139,138206
3673,EV01562,154,251838
3674,EV01930,51,592253
3674,EV01280,122,88226
3674,EV01580,166,59318
3675,EV01591,142,194839
3676,EV00624,115,247664
3676,EV00970,138,307655
3677,EV00648,133,20810
3677,EV01576,141,1174845
3677,EV01300,176,72854
3677,EV01675,213,18445
3677,EV00191,232,3612180
3678,EV01076,91,52757
3678,EV00981,94,154837
3678,EV01796,148,118219
3678,EV01759,153,79500
3678,EV01760,172,14745
3678,EV00587,185,1225226
3678,EV01246,191,351173
3678,EV01228,216,25570
3679,EV00900,118,1818044
3679,EV00399,133,212993
3679,EV00697,180,755585
3679,EV00258,226,21752587
3679,EV00159,247,8871970
3679,EV00084,277,4481593
3680,EV01956,7,1274188
3680,EV00951,109,1135374
3680,EV01122,117,1163631
3680,EV01305,124,466299
3680,EV00719,131,63998
3680,EV00220,226,34174005
3681,EV01431,112,768420
3681,EV00531,127,6029207
3681,EV01077,144,501429
3681,EV00277,260,9420084
3682,EV00438,119,114733
3682,EV00761,152,896181
3682,EV00473,154,1043898
3682,EV00639,154,1663364
3682,EV00716,157,2357567
3682,EV00093,227,1847452
3683,EV01849,68,643807
3683,EV00775,91,571742
3683,EV00841,104,102645
3683,EV01534,132,1935947
3683,EV00635,157,1307956
3684,EV01455,60,2504457
3684,EV00790,116,140360
3684,EV00975,124,456905
3684,EV00747,142,88172
3684,EV00774,155,2008501
3684,EV01703,166,54140
3684,EV00115,224,814748
3685,EV00718,112,12543
3685,EV00824,145,285043
3685,EV00500,147,208921
3685,EV01703,186,80937
3685,EV00577,187,27338
3685,EV00180,257,3112609
3685,EV01953,365,1178039
3686,EV01641,111,132941
3687,EV00564,84,819229
3687,EV01084,121,611111
3687,EV01760,173,28160
3688,EV01493,78,3969930
3688,EV01641,101,208915
3688,EV00767,106,55814
3688,EV00436,113,179959
3688,EV00981,128,100128
3688,EV01283,137,214194
3688,EV00649,141,7208728
3688,EV01379,150,21221
3688,EV00563,152,37421
3689,EV00890,103,12443
3689,EV01225,147,843275
3689,EV00984,150,260417
3689,EV01007,170,5393229
3690,EV01781,169,459768
3690,EV01392,182,143715
3691,EV01413,114,89121
3691,EV00763,119,28673
3691,EV01744,122,61915
3691,EV00833,136,323250
3691,EV00542,169,62814
3692,EV00862,125,399326
3692,EV00191,244,1412148
3693,EV01263,115,327961
3693,EV00363,128,101748
3693,EV01663,161,52368
3693,EV01634,192,472208
3694,EV01190,148,318416
3694,EV00561,150,280255
3694,EV01211,160,155675
3694,EV00680,181,397509
3694,EV01137,181,57749
3694,EV00850,187,87561
3695,EV01333,137,31850
3695,EV00188,189,20646844
3696,EV01413,130,120278
3696,EV00651,148,120443
3696,EV01466,199,5810761
3697,EV00658,142,3116199
3697,EV01808,163,227523
3697,EV00076,268,5584726
3698,EV01913,11,791433
3698,EV01014,144,83119
3698,EV01110,151,56831
3698,EV00074,277,22732695
3699,EV00161,280,2253508
3700,EV01528,113,94881
3700,EV01513,136,716041
3700,EV00639,149,1213814
3700,EV00384,153,307221
3701,EV00339,134,369194
3701,EV00651,138,384286
3701,EV00679,172,242606
3701,EV00572,193,259931
3701,EV00161,247,1296685
3701,EV01905,337,2063791
3702,EV01748,71,1132115
3702,EV00786,106,211572
3702,EV00799,132,143279
3703,EV01792,101,1348445
3703,EV00541,119,355511
3703,EV00264,286,3699494
3704,EV01251,114,108258
3704,EV00588,122,1273565
3704,EV00327,144,135431
3704,EV01054,170,454362
3704,EV01702,173,87941
3704,EV00121,271,7893851
3705,EV00348,148,529645
3705,EV00039,274,4049730
3706,EV01984,45,1013126
3706,EV00601,116,838420
3707,EV01470,75,54833
3707,EV01599,97,103625
3707,EV00562,104,95403
3707,EV01629,129,494986
3707,EV01795,139,102782
3707,EV00803,146,186909
3707,EV01107,148,168157
3707,EV00472,163,43834
3708,EV00705,106,207200
3708,EV01080,160,1245873
3708,EV01274,168,17025
3708,EV00390,170,1088226
3709,EV00324,108,771992
3709,EV01335,112,10578564
3709,EV00651,128,491375
3709,EV00443,130,160790
3709,EV00002,277,12735112
3710,EV01775,133,802812
3710,EV00502,142,539438
3711,EV00898,92,88549
3711,EV01266,135,96617
3711,EV01766,199,324546
3712,EV01597,107,143453
3712,EV01797,143,297313
3713,EV01260,168,668353
3713,EV00641,169,2034476
3713,EV00258,292,20301516
3714,EV01101,76,11677215
3714,EV00684,142,381929
3714,EV01274,164,14732
3714,EV01760,176,34437
3715,EV01745,106,201764
3715,EV01458,135,3892466
3715,EV01536,136,68635
3715,EV00803,142,144195
3715,EV00851,159,43859
3716,EV01993,15,1606311
3716,EV01228,89,43350
3716,EV00986,160,332867
3716,EV01816,166,648648
3716,EV01734,199,837378
3717,EV01278,115,1874961
3717,EV01221,141,74889
3717,EV01500,181,58310
3718,EV01634,99,147322
3718,EV00539,102,681177
3718,EV00981,102,166458
3718,EV01238,129,308880
3718,EV01023,142,207312
3718,EV01048,146,1257510
3719,EV01116,60,14664
3719,EV01650,112,307249
3719,EV01487,146,43470
3719,EV01766,202,240329
3719,EV00161,235,8357199
3720,EV01883,6,1443542
3720,EV01158,87,125321
3720,EV01313,121,1938420
3720,EV00701,142,2511766
3720,EV01333,184,100931
3720,EV01296,204,324938
3721,EV00541,115,82504
3721,EV00657,143,267913
3721,EV01368,148,537412
3722,EV01846,37,691338
3722,EV00942,166,2450353
3722,EV01399,167,729176
3722,EV01134,175,207308
3723,EV01551,113,31577
3723,EV01758,145,23937
3723,EV00377,156,505860
3723,EV00030,242,8939620
3724,EV00603,136,121618
3724,EV01074,136,313651
3724,EV01158,240,349024
3724,EV00023,260,14548618
3725,EV00387,86,823265
3725,EV01519,121,301911
3726,EV01423,91,111331
3726,EV01250,115,16910
3726,EV01591,130,73619
3726,EV00558,141,1134365
3727,EV01921,38,250870
3727,EV00431,89,139925
3727,EV01165,151,699060
3728,EV01079,84,268592
3728,EV00692,102,478648
3728,EV00992,143,218645
3728,EV01760,158,19172
3728,EV00269,259,4029437
3729,EV00661,110,389178
3729,EV00731,123,1093591
3729,EV01319,153,74950
3730,EV00975,100,564559
3730,EV00850,114,76878
3730,EV00073,205,25866174
3730,EV00135,243,7020973
3731,EV00920,108,80792
3731,EV01599,115,76375
3731,EV01468,150,18545
3731,EV01188,151,508857
3731,EV00326,174,315209
3732,EV01281,72,567831
3732,EV00683,112,331194
3732,EV01290,129,58927
3732,EV01757,166,69230
3733,EV01427,164,118339
3733,EV00390,180,859707
3733,EV00566,183,153410
3734,EV01984,30,726372
3734,EV00766,113,92372
3734,EV01702,135,55419
3734,EV00522,149,371464
3734,EV00587,191,1512270
3735,EV00614,134,528871
3735,EV00008,244,10916748
3736,EV00560,115,598468
3736,EV00712,175,288401
3737,EV01760,108,24563
3737,EV00954,116,140932
3737,EV00896,139,182597
3737,EV01663,149,48493
3737,EV01541,196,1521800
3737,EV00124,248,44771148
3738,EV01965,20,1521472
3738,EV00703,108,114323
3738,EV00502,123,431049
3738,EV01544,142,613996
3738,EV00367,146,1601325
3738,EV01204,158,92451
3738,EV00607,229,84915
3738,EV00115,238,2389844
3739,EV00681,105,163366
3739,EV01838,355,2190855
3740,EV01251,98,104915
3740,EV01382,102,51570
3740,EV00792,113,129357
3740,EV01760,151,18988
3740,EV00838,163,310729
3740,EV01508,189,290549
3740,EV00032,217,11886590
3741,EV01214,92,1331532
3741,EV00475,97,1405963
3741,EV01297,154,78062
3741,EV01310,154,60159
3742,EV01487,116,83714
3744,EV00500,60,179079
3744,EV01006,143,121102
3744,EV01110,176,40039
3744,EV00405,233,108829
3745,EV01034,139,778258
3745,EV00786,192,140447
3747,EV00536,121,146279
3747,EV01804,129,75936
3747,EV00541,158,86025
3747,EV00186,208,54126932
3748,EV01228,110,39217
3748,EV00402,130,1871902
3749,EV00436,121,566023
3749,EV00225,265,740216
3750,EV00422,99,17171928
3750,EV01180,129,101449
3750,EV01138,148,85907
3750,EV01695,193,924696
3751,EV00703,63,107168
3751,EV01476,63,19179
3751,EV01946,65,333118
3751,EV00615,100,850254
3751,EV01026,125,285433
3751,EV01365,129,149507
3752,EV01276,141,225844
3752,EV00714,161,213752
3752,EV01502,178,160175
3753,EV00816,119,137007
3753,EV01431,137,4477256
3753,EV00792,183,38354
3753,EV00671,240,76232
3754,EV01949,65,295466
3754,EV00702,106,2181619
3754,EV00964,155,376964
3754,EV00807,211,87804
3754,EV00221,296,9262980
3755,EV00872,125,1159547
3755,EV01431,162,833792
3755,EV00428,169,239866
3755,EV01345,189,120113
3755,EV00445,196,229378
3755,EV01310,206,21757
3756,EV00722,110,375293
3756,EV00863,144,151713
3757,EV00990,100,499618
3757,EV00259,230,12498791
3758,EV01752,112,54448
3758,EV01783,122,310595
3758,EV00831,129,794531
3758,EV00709,130,33294
3758,EV00587,145,2372808
3758,EV00134,270,8128895
3759,EV01188,122,605292
3759,EV01033,158,896045
3759,EV00903,159,407677
3759,EV00249,250,3720922
3761,EV01518,97,414790
3761,EV01702,108,63119
3761,EV00531,113,2286057
3761,EV00510,118,453221
3761,EV01116,129,46506
3761,EV01671,151,323492
3761,EV00118,214,17612474
3761,EV00250,230,540947
3762,EV00043,216,27198314
3763,EV00566,117,145927
3764,EV01905,1,587623
3764,EV00773,87,216819
3764,EV00855,101,921376
3764,EV00645,104,1607062
3765,EV00715,76,208470
3765,EV01398,133,443121
3766,EV01518,93,391819
3766,EV01270,134,215699
3766,EV00569,155,20446
3766,EV00711,179,199945
3766,EV00092,250,64393069
3767,EV00361,99,142394
3767,EV00670,127,77882
3767,EV00991,161,329916
3767,EV00003,162,2151801
3767,EV01061,175,655281
3769,EV00946,111,37577
3769,EV00275,288,12049989
3769,EV00192,297,29604755
3770,EV01770,76,326492
3770,EV01131,160,25645
3770,EV01627,173,210769
3770,EV00026,245,3488025
3771,EV01823,47,339255
3771,EV01158,86,154286
3771,EV00679,109,408986
3771,EV00752,117,1775215
3771,EV00452,150,1443060
3771,EV00565,197,62732
3771,EV00198,317,33790475
3773,EV00491,93,211153
3773,EV00600,132,35415
3773,EV01450,158,684926
3773,EV01551,195,21752
3773,EV00140,254,773857
3774,EV00383,113,27284
3774,EV01272,227,63524
3775,EV01451,63,266817
3775,EV00760,90,64379
3775,EV01530,148,105758
3775,EV00093,245,1579931
3776,EV00375,103,232023
3776,EV00885,114,443273
3776,EV01289,131,7775
3776,EV00790,134,64833
3777,EV01427,60,302694
3777,EV01378,107,163004
3777,EV00664,114,350421
3777,EV01672,129,85516
3777,EV00035,271,2987582
3778,EV01696,127,907489
3778,EV00603,152,225975
3778,EV00627,162,142983
3779,EV01745,90,29338
3779,EV00773,146,207347
3779,EV00390,151,464379
3779,EV00767,166,39187
3780,EV00558,116,677556
3780,EV01594,118,17223
3780,EV00789,155,334137
3780,EV01715,159,402256
3781,EV01748,103,1236425
3781,EV01088,106,76033
3781,EV00686,107,1409658
3781,EV01634,146,479442
3781,EV01180,148,306892
3781,EV00167,226,6936814
3782,EV01101,102,5150797
3782,EV01798,104,717773
3782,EV00808,116,146402
3782,EV00690,123,50324
3782,EV00953,142,78139
3782,EV01502,156,117828
3782,EV00744,162,241839
3783,EV01498,90,83018
3783,EV00783,120,51877
3783,EV01013,132,27675
3783,EV01032,171,71283
3783,EV01703,186,57961
3783,EV00614,195,801991
3784,EV00843,116,24285
3784,EV01551,151,93255
3784,EV00967,168,92159
3784,EV01215,186,75787
3784,EV00153,239,11059887
3785,EV00418,119,185309
3785,EV01274,136,27000
3785,EV00363,141,88809
3785,EV00389,150,166367
3785,EV01453,152,898650
3785,EV01747,171,30138
3786,EV00599,60,1946669
3786,EV01779,156,199785
3786,EV00206,206,2448795
3786,EV00295,225,35506648
3786,EV01964,349,3623975
3787,EV00791,133,210310
3787,EV00742,136,1670298
3787,EV01616,177,18574
3788,EV01070,60,45271
3788,EV01404,98,862687
3788,EV01778,160,110785
3789,EV01379,111,25747
3790,EV01575,109,12795
3790,EV01651,132,340418
3790,EV01280,137,156501
3790,EV00321,162,329271
3791,EV01581,60,144652
3791,EV01623,137,179830
3791,EV01172,182,283026
3791,EV00592,187,110924
3791,EV01518,223,79146
3791,EV00099,269,11362227
3792,EV00068,211,4645878
3793,EV00321,74,383262
3793,EV01805,144,1533997
3793,EV01693,166,184967
3793,EV00443,169,39607
3793,EV00385,173,80005
3793,EV01116,218,64966
3794,EV00573,106,220052
3794,EV00432,144,704393
3794,EV00010,280,12142945
3795,EV00655,141,101106
3795,EV01475,159,3755233
3795,EV01414,167,15434
3795,EV00020,224,2583147
3795,EV00098,244,22974150
3796,EV01629,91,201236
3796,EV01379,145,69740
3796,EV00077,239,34868724
3796,EV00162,289,42393568
3797,EV01778,84,100611
3797,EV01379,110,28427
3797,EV00574,132,731097
3797,EV01555,133,1527348
3797,EV00039,260,2088613
3798,EV01950,40,1051694
3798,EV00883,121,106024
3798,EV00692,140,626863
3798,EV00735,152,392778
3798,EV00562,155,88662
3798,EV00140,264,858417
3798,EV01878,330,1986456
3799,EV01395,150,21149
3799,EV01198,171,308432
3800,EV01345,167,50104
3800,EV01297,176,33057
3800,EV00253,265,5468886
3801,EV00998,71,310306
3801,EV00764,131,380186
3801,EV00175,204,5724116
3801,EV01710,220,2098217
3802,EV01701,60,53236
3802,EV00615,129,585332
3802,EV00377,162,973829
3802,EV01414,163,29237
3802,EV00194,245,29829133
3803,EV01600,66,159333
3803,EV01127,108,85014
3803,EV00831,138,412628
3803,EV00326,139,62621
3803,EV00470,172,22517
3803,EV01733,184,278872
3803,EV00167,234,11346022
3804,EV00938,106,101741
3805,EV01890,19,1109200
3805,EV00186,268,37319516
3806,EV01485,105,26625
3806,EV01565,152,436579
3807,EV01180,92,115029
3807,EV01487,105,31039
3807,EV01759,107,24741
3807,EV00852,117,553465
3807,EV01682,164,2422402
3807,EV01211,195,128820
3807,EV00173,232,37982175
3808,EV01126,100,79650
3809,EV00595,60,169996
3809,EV00359,111,3258761
3809,EV00361,115,198865
3809,EV00535,119,82613
3810,EV00831,181,405523
3810,EV00020,240,1943356
3810,EV00002,254,18141514
3811,EV01199,116,653221
3811,EV01490,151,119649
3811,EV01175,160,37374
3812,EV00402,102,451539
3812,EV00391,162,85635
3812,EV00274,284,27757464
3813,EV01752,122,87672
3814,EV00650,112,815558
3814,EV00535,121,53002
3815,EV01319,111,52774
3815,EV01127,123,188011
3815,EV01421,182,105928
3815,EV00293,203,8255334
3815,EV00250,242,1210941
3816,EV00729,167,111131
3816,EV00571,168,2274246
3816,EV00056,234,11544827
3816,EV00164,249,20154833
3816,EV00153,290,14013912
3817,EV01997,6,1196336
3817,EV00962,123,5445773
3817,EV00998,136,196971
3817,EV01570,149,211552
3817,EV01918,339,539777
3818,EV00653,111,111812
3818,EV00555,117,298200
3818,EV00648,139,81292
3818,EV00799,155,148460
3818,EV00942,161,1367313
3819,EV00803,63,89190
3819,EV01424,108,2290507
3819,EV01498,114,130659
3819,EV01360,135,460231
3819,EV00191,261,780008
3820,EV00372,80,321722
3820,EV01294,95,6668810
3820,EV01131,108,55035
3820,EV01756,123,87796
3820,EV00765,152,621868
3820,EV01167,156,181125
3820,EV00282,224,9697202
3820,EV00299,246,6683408
3821,EV01508,139,492297
3821,EV01622,139,18786
3821,EV01817,162,367320
3821,EV00210,288,28387729
3822,EV00859,94,2862741
3822,EV01708,97,632420
3822,EV01734,101,418148
3823,EV01846,17,799442
3823,EV00682,62,13941
3823,EV01070,115,528750
3823,EV00805,162,23962
3823,EV01056,175,43600
3823,EV00216,265,1222998
3823,EV00039,282,1520344
3824,EV01655,89,2014075
3824,EV00381,115,363703
3824,EV01262,115,61474
3824,EV01337,119,192102
3824,EV00613,147,22959
3824,EV01625,148,452220
3825,EV00384,117,684635
3826,EV01552,128,230621
3826,EV01725,198,538188
3826,EV00120,250,15980806
3826,EV00140,258,1009856
3827,EV01578,61,61415
3827,EV00557,94,136726
3827,EV01450,123,3113609
3827,EV00896,144,142015
3827,EV01427,148,261226
3827,EV01248,149,223660
3827,EV00691,167,205526
3827,EV00045,233,12440506
3828,EV00502,123,1316380
3828,EV00382,126,2080
3828,EV00466,163,44157
3828,EV00363,184,82760
3828,EV00073,293,10153639
3829,EV01978,67,1593058
3829,EV01541,90,1136239
3829,EV01468,143,7932
3830,EV00928,117,16676
3830,EV00158,192,2749340
3830,EV00748,206,40721
3831,EV00938,123,17109
3831,EV00355,124,446127
3831,EV00831,130,281992
3831,EV01332,149,1629631
3831,EV01761,159,1424364
3831,EV01558,162,317878
3831,EV00249,262,1190817
3832,EV00959,60,475256
3832,EV00618,102,1220362
3832,EV01250,129,43039
3832,EV01100,149,35607
3832,EV01448,171,164086
3833,EV01029,100,149114
3833,EV01780,108,52105
3833,EV00792,114,114890
3833,EV00651,127,549639
3833,EV01563,142,40184
3833,EV01065,181,1321487
3833,EV00267,249,28558221
3834,EV00602,69,84768
3834,EV00397,101,389673
3834,EV00330,108,549439
3834,EV00833,111,297906
3834,EV01413,121,375717
3834,EV01143,130,210015
3834,EV01575,138,13057
3835,EV00837,85,45507
3835,EV01427,132,524726
3835,EV00651,195,234305
3836,EV01314,98,484560
3836,EV01413,122,195108
3836,EV00206,252,314708
3837,EV01558,95,386122
3837,EV00982,166,1780701
3837,EV01136,180,401381
3837,EV01747,182,116741
3837,EV00211,283,12535783
3838,EV00698,111,369263
3838,EV00476,116,169406
3838,EV01041,125,115945
3838,EV00887,130,134578
3838,EV00573,182,324111
3838,EV01369,183,1165534
3839,EV00765,84,370523
3839,EV01439,143,1846975
3839,EV00999,195,1708809
3839,EV00130,203,4969438
3839,EV00277,291,9147527
3840,EV00607,117,34718
3840,EV01552,131,308651
3840,EV00968,153,82105
3840,EV01064,160,1604664
3840,EV00574,161,222112
3840,EV00315,277,6316478
3840,EV00224,299,10243165
3841,EV00614,139,383529
3841,EV01558,164,226210
3841,EV00542,186,77291
3842,EV00515,136,690442
3842,EV01183,174,166732
3843,EV00569,94,64857
3843,EV01468,103,32793
3843,EV00567,154,310451
3843,EV00423,169,373380
3843,EV00843,181,138011
3843,EV01745,181,210795
3843,EV00221,192,12588973
3843,EV00165,202,14707715
3844,EV00793,115,177219
3845,EV00466,103,58801
3845,EV00721,120,248815
3845,EV00751,223,24590
3845,EV00288,226,1636018
3845,EV00009,263,37100372
3846,EV00408,77,125660
3846,EV00729,155,93223
3846,EV01811,170,55817
3846,EV00146,261,7559397
3846,EV00198,266,37720205
3847,EV01394,136,1278973
3847,EV00241,226,2582175
3847,EV00082,276,1531853
3848,EV01120,97,164539
3848,EV00712,120,615666
3848,EV00982,126,4180165
3848,EV00827,132,468268
3848,EV01182,176,612842
3849,EV01122,87,1218576
3849,EV01348,113,2379636
3849,EV01468,136,34751
3849,EV01172,143,92812
3849,EV00746,178,468842
3849,EV00754,208,176002
3850,EV01758,148,149535
3850,EV00281,197,8078880
3850,EV01072,215,1145052
3851,EV01656,103,334393
3851,EV01240,105,679423
3851,EV00515,154,240537
3851,EV00022,255,7526966
3851,EV00060,264,1156683
3852,EV00595,129,122030
3852,EV00928,165,38807
3853,EV00392,99,531048
3853,EV01228,114,34698
3853,EV01518,133,453440
3853,EV01786,148,2788654
3853,EV00754,152,133650
3854,EV01616,90,29626
3854,EV00954,192,47702
3854,EV00699,196,21009
3854,EV01935,362,2585650
3855,EV01533,111,80735
3855,EV00479,116,164991
3856,EV01039,100,31950
3856,EV00745,132,142475
3856,EV00253,270,5263464
3857,EV00549,126,410910
3858,EV00365,89,155899
3858,EV00395,130,191750
3858,EV01164,146,637773
3858,EV01387,166,120658
3858,EV00216,274,343360
3859,EV01137,60,81775
3859,EV00446,93,102129
3860,EV00482,141,1701701
3860,EV01551,147,96679
3860,EV00123,260,11960725
3861,EV01063,98,152809
3861,EV01410,165,80412
3861,EV00831,197,815361
3861,EV00140,201,446325
3862,EV00780,102,194061
3862,EV00717,151,39998
3862,EV01422,199,53112
3863,EV01814,216,64011
3863,EV00019,257,17874758
3864,EV01634,117,442918
3864,EV01216,137,357373
3864,EV00017,227,3779933
3865,EV01821,17,3284187
3865,EV01763,118,23679
3866,EV01806,83,47267
3866,EV01126,133,99877
3866,EV00541,168,116427
3866,EV00118,233,11445269
3867,EV01519,109,281265
3867,EV00809,116,118036
3867,EV00385,158,50290
3867,EV01573,180,222426
3867,EV01801,181,249827
3867,EV01235,213,291877
3867,EV00039,235,927182
3867,EV00052,272,9574932
3868,EV00350,162,124769
3868,EV01484,189,930071
3869,EV01694,167,95043
3869,EV01006,168,67351
3869,EV00381,192,357427
3870,EV01277,98,248520
3870,EV00827,107,3240210
3870,EV01566,192,165227
3870,EV00074,203,15398325
3871,EV01211,81,75140
3871,EV00918,117,1138109
3871,EV01067,126,104979
3871,EV01313,132,1487321
3871,EV01274,150,50521
3872,EV01221,123,66911
3872,EV00972,139,988199
3872,EV01206,155,1464961
3872,EV01382,159,256603
3872,EV01424,175,754133
3872,EV01273,211,109842
3873,EV01793,104,14869
3873,EV00365,186,880669
3874,EV01610,125,441805
3874,EV00805,138,366183
3874,EV00043,298,40075084
3875,EV01519,72,166529
3875,EV01246,82,562493
3875,EV00895,90,57874
3875,EV01277,120,101619
3875,EV01669,180,251683
3875,EV00030,216,4025975
3875,EV00115,251,1215222
3876,EV01913,38,333840
3876,EV00628,149,52320
3876,EV01143,149,273118
3876,EV01367,154,599520
3876,EV00879,157,278208
3876,EV01402,162,1008469
3876,EV01715,191,364375
3877,EV00592,175,209496
3877,EV00036,229,12269415
3878,EV01984,7,1729146
3878,EV01795,178,252034
3878,EV00178,245,374437
3878,EV00253,249,2637700
3879,EV01656,140,81585
3879,EV01793,141,29028
3879,EV01183,195,77725
3879,EV01565,221,228090
3879,EV00005,223,26806967
3880,EV00742,120,1040700
3880,EV01741,155,348229
3880,EV00355,168,197598
3880,EV00116,240,1740658
3881,EV01172,89,363475
3881,EV01276,143,49437
3881,EV01132,161,821206
3881,EV01627,164,141021
3882,EV00780,84,26860
3882,EV01532,88,483829
3882,EV01173,114,26881
3882,EV01133,158,109926
3883,EV01695,146,1557896
3883,EV01225,159,2838094
3883,EV01346,170,38657
3883,EV00176,224,21967214
3884,EV00979,147,227302
3885,EV01718,110,435139
3885,EV00864,183,54102
3886,EV00602,138,66856
3886,EV00855,183,764289
3886,EV00551,212,881825
3886,EV00224,271,7824134
3887,EV01215,97,178366
3887,EV00965,113,521999
3887,EV01112,132,300787
3887,EV00816,205,48577
3888,EV01217,78,262283
3888,EV01488,138,89248
3888,EV00803,139,285278
3888,EV01220,146,1498614
3888,EV00078,272,14872489
3889,EV01081,113,126626
3889,EV01444,182,589605
3890,EV00854,137,411296
3890,EV00600,195,27690
3890,EV00275,262,12569996
3891,EV01332,103,391413
3891,EV01306,153,60987
3891,EV00557,183,401506
3891,EV01359,202,548833
3892,EV01379,80,28405
3892,EV00518,110,362973
3892,EV00720,135,152345
3892,EV00509,161,47901
3892,EV00168,277,680276
3893,EV01045,100,2350223
3893,EV01025,116,3159966
3893,EV01453,122,3816625
3893,EV01175,134,42625
3893,EV01751,141,174804
3893,EV00057,210,12364576
3893,EV00062,227,23051788
3894,EV01702,97,60518
3894,EV00227,240,38210314
3895,EV00190,230,20972731
3896,EV01846,6,257993
3896,EV01938,54,985952
3896,EV01758,116,51897
3896,EV01570,161,164234
3896,EV00375,168,114009
3897,EV01930,17,268519
3897,EV01360,114,957036
3897,EV00772,122,130914
3897,EV01451,176,230775
3898,EV00213,227,24658567
3899,EV01958,15,3034683
3899,EV00665,116,60526
3899,EV01010,118,539413
3899,EV01793,165,33899
3900,EV00793,93,137126
3900,EV00783,122,44281
3900,EV01660,127,548641
3900,EV01672,206,194271
3901,EV00936,71,626616
3901,EV00548,87,87249
3901,EV01346,134,40620
3901,EV01769,134,399075
3901,EV00104,318,3028368
3902,EV01453,183,2008462
3902,EV00112,235,1740329
3902,EV00033,286,31785046
3902,EV00140,308,871539
3903,EV00992,157,284460
3903,EV00821,240,71000
3903,EV00187,248,55157737
3905,EV01107,110,121976
3905,EV01408,166,53729
3905,EV01668,185,614024
3906,EV00501,102,84511
3906,EV00583,104,45332
3906,EV01502,173,380430
3906,EV00571,190,754258
3906,EV00231,256,6930612
3906,EV00291,285,5514328
3907,EV01465,92,110140
3907,EV00431,134,101937
3907,EV01057,153,69448
3907,EV00423,158,342851
3907,EV00098,232,24375076
3908,EV01285,158,98801
3908,EV00368,192,19522
3909,EV01997,38,2078804
3909,EV00557,88,81055
3909,EV01001,96,50651
3909,EV01358,109,130610
3909,EV00555,144,257328
3910,EV00509,87,86594
3910,EV00964,142,186265
3910,EV00281,220,3685186
3911,EV01591,125,221787
3911,EV01289,136,59545
3911,EV01116,163,46947
3912,EV00667,142,394397
3912,EV01429,145,222800
3912,EV00508,159,849457
3912,EV01262,194,146103
3912,EV00998,195,209257
3912,EV00254,212,46973361
3913,EV00869,102,477298
3913,EV00373,118,48979
3913,EV01790,134,2565485
3913,EV01651,137,259928
3913,EV00513,144,79871
3913,EV01672,240,113905
3914,EV01165,111,457326
3914,EV00850,160,84940
3914,EV01134,174,107581
3914,EV00168,232,1938967
3915,EV01464,99,97914
3915,EV00411,114,337253
3915,EV01277,143,66512
3916,EV01664,101,3769407
3916,EV01136,116,919106
3916,EV01731,131,1814271
3916,EV01424,139,442826
3916,EV01273,151,181851
3916,EV01575,168,34512
3916,EV01126,194,157087
3916,EV00275,217,10334016
3917,EV00838,144,861652
3918,EV00516,60,492112
3918,EV00330,93,491632
3918,EV01277,108,76058
3918,EV00191,299,2544573
3919,EV01467,91,3309987
3919,EV00779,112,104051
3919,EV00460,144,737596
3919,EV01634,151,344812
3920,EV00592,86,148958
3920,EV00967,115,119250
3920,EV01121,134,48986
3920,EV01653,138,100461
3920,EV00651,147,275201
3920,EV01298,158,389314
3920,EV01634,166,160465
3921,EV01946,11,255041
3921,EV01155,121,1402189
3921,EV01040,166,59445
3921,EV01551,240,28258
3922,EV00762,99,331365
3922,EV01539,119,76694
3922,EV00098,221,36685029
3922,EV00017,271,1600755
3923,EV01356,108,65134
3923,EV00843,136,133678
3923,EV00873,139,863522
3923,EV01285,162,435428
3923,EV00206,242,1547163
3924,EV00791,153,450193
3924,EV01159,172,1144094
3924,EV01063,181,333558
3925,EV01784,127,73254
3925,EV00111,270,383419
3926,EV01846,71,341402
3926,EV00388,103,85484
3926,EV01625,113,519601
3926,EV01166,114,343090
3926,EV01168,131,104431
3926,EV00035,278,5072592
3927,EV01923,51,521920
3927,EV01424,112,1247968
3928,EV01389,131,28905
3928,EV01110,139,144378
3928,EV00790,158,94778
3928,EV01758,222,63500
3929,EV01560,60,546907
3929,EV00793,84,42151
3929,EV00917,113,413921
3929,EV01495,180,57519
3929,EV01135,187,1153345
3930,EV01716,178,5126994
3931,EV01052,60,56286
3931,EV01578,117,62818
3931,EV00383,122,49239
3931,EV01471,124,439353
3931,EV00787,143,57137
3931,EV01794,163,111192
3932,EV01204,60,39819
3932,EV01537,95,175898
3932,EV01162,114,105082
3932,EV01545,139,42936
3932,EV01634,151,197037
3932,EV01741,163,421025
3932,EV01534,173,2320348
3932,EV00026,227,1401828
3933,EV01687,90,789578
3933,EV00843,118,125537
3934,EV01306,126,65248
3934,EV00983,147,221957
3934,EV01177,161,53502
3934,EV00915,175,344585
3934,EV01872,352,8157645
3935,EV01815,142,314202
3935,EV00983,154,239098
3935,EV00594,177,45838
3936,EV00347,143,609679
3936,EV00039,250,2731399
3937,EV01708,139,1221236
3937,EV01134,159,155611
3937,EV00073,288,6281574
3938,EV01158,85,181462
3938,EV00565,128,37241
3938,EV01419,159,777737
3938,EV00051,291,10145401
3939,EV01261,113,28400
3939,EV00843,142,163947
3940,EV01177,162,63680
3940,EV00782,174,1917110
3941,EV01977,28,3556008
3941,EV01761,114,1173931
3941,EV00550,138,466636
3941,EV01117,162,59365
3941,EV00168,275,2437663
3942,EV00345,148,36097
3942,EV00651,197,514946
3942,EV00140,254,1285338
3942,EV00291,285,8372693
3943,EV00991,124,182772
3943,EV00079,202,2623406
3943,EV01834,356,3239934
3944,EV01049,94,832207
3944,EV01790,103,1467421
3944,EV00509,119,85502
3944,EV01251,140,86745
3944,EV00161,185,3735308
3945,EV00686,119,1674021
3945,EV01717,157,45557
3945,EV00309,237,14516085
3945,EV00017,280,1887789
3946,EV00428,89,344219
3946,EV00580,114,12768
3946,EV01770,118,222424
3946,EV01731,129,2455700
3946,EV00024,222,13555916
3947,EV01893,22,1254663
3947,EV01476,101,53833
3947,EV01274,125,36286
3947,EV00884,131,737621
3947,EV01429,134,114671
3948,EV01173,60,45072
3948,EV00661,64,568991
3948,EV00505,123,1628479
3948,EV00541,157,78560
3948,EV01389,174,29761
3949,EV01745,91,96465
3949,EV01273,143,36536
3950,EV01228,94,31025
3950,EV01764,132,219111
3950,EV00325,151,239308
3950,EV00045,199,6463252
3951,EV01804,68,77054
3951,EV01237,81,35360
3951,EV01235,119,192553
3951,EV00010,227,5524326
3952,EV01326,97,562265
3952,EV00588,104,1771132
3952,EV01288,110,223973
3952,EV00309,226,14263700
3952,EV00291,230,2331420
3953,EV00730,60,5240305
3953,EV00761,75,429214
3953,EV01575,105,70035
3953,EV01272,114,158430
3953,EV00915,120,202255
3953,EV01565,160,722473
3953,EV00731,161,992000
3953,EV01568,181,987134
3954,EV00960,126,457819
3954,EV00899,145,37510
3954,EV01540,151,1269745
3954,EV00674,158,32433
3954,EV01043,175,621433
3954,EV01009,179,327144
3954,EV01505,179,390993
3954,EV00258,229,12374021
3955,EV00351,88,284851
3955,EV00767,153,27388
3955,EV00792,169,80895
3955,EV00269,197,4597994
3955,EV01313,199,1156259
3956,EV01272,121,290025
3956,EV01487,121,22058
3956,EV00633,142,2014309
3956,EV00470,176,19719
3957,EV01638,106,1141119
3957,EV00613,118,18256
3957,EV01608,127,49936
3957,EV01617,140,108347
3957,EV00595,145,73874
3957,EV01329,174,48889
3957,EV01296,199,161063
3958,EV00682,80,40616
3958,EV00431,103,98382
3958,EV00564,122,984715
3958,EV01289,139,25095
3958,EV01215,176,10079
3959,EV01883,40,1517820
3959,EV00904,92,343334
3959,EV00712,126,223582
3959,EV00803,126,264766
3959,EV01802,129,263458
3960,EV01326,151,194450
3960,EV01687,155,700536
3960,EV00555,172,215972
3961,EV01634,102,332939
3961,EV01273,121,165845
3961,EV00030,212,9910890
3962,EV00788,81,49493
3962,EV01488,160,104100
3962,EV01143,169,146886
3962,EV01076,183,70778
3962,EV00032,293,12627935
3963,EV01005,151,750206
3964,EV00843,107,114971
3964,EV00423,137,223176
3965,EV00535,103,34589
3965,EV01333,139,84826
3965,EV00737,140,296964
3966,EV01883,30,2650291
3966,EV00803,121,41785
3966,EV01669,179,234385
3967,EV01254,89,367994
3967,EV00920,99,147619
3967,EV01787,109,200534
3967,EV00534,175,828807
3967,EV00884,179,458539
3967,EV01923,364,873877
3968,EV01575,60,59272
3968,EV01600,119,331177
3968,EV01280,166,239041
3968,EV01465,174,187035
3969,EV00760,92,113152
3969,EV01237,108,53610
3969,EV00418,113,201300
3969,EV00528,183,98250
3969,EV00065,188,34406965
3970,EV01327,98,79681
3971,EV01478,63,3434223
3971,EV01273,164,268858
3972,EV00831,116,536544
3972,EV00805,119,170266
3972,EV01289,163,22045
3972,EV01558,194,227156
3973,EV01113,110,438621
3973,EV01109,156,185946
3974,EV01480,126,2260288
3974,EV01765,157,1771960
3974,EV00143,308,52143116
3975,EV01177,71,39517
3975,EV01659,97,94220
3975,EV01526,108,173449
3975,EV01557,137,119078
3975,EV01040,143,171938
3975,EV01684,226,99494
3975,EV00076,238,5972756
3975,EV00225,265,3068630
3976,EV01240,107,457043
3976,EV00574,110,783249
3976,EV00809,166,102575
3976,EV01687,174,750268
3977,EV00571,186,1668117
3977,EV00230,245,3532099
3977,EV01984,354,1546024
3978,EV00895,136,93325
3978,EV01390,139,1655287
3978,EV00623,178,165517
3978,EV00690,188,63073
3978,EV01834,343,1227812
3979,EV00556,67,929273
3979,EV01760,128,33349
3979,EV00443,159,66138
3979,EV01779,187,356858
3980,EV00535,111,35490
3980,EV01545,124,14616
3980,EV00412,168,156178
3980,EV01415,198,817099
3981,EV01038,60,5142029
3981,EV01743,129,532432
3981,EV00833,133,206371
3981,EV01073,173,243191
3981,EV01158,215,685510
3982,EV00717,75,47252
3982,EV00709,189,166246
3982,EV00720,207,102215
3983,EV01274,105,21093
3983,EV01294,126,9089810
3983,EV01318,144,341771
3983,EV01408,205,103321
3984,EV00513,89,83365
3984,EV01342,101,18714
3984,EV01264,137,1930151
3984,EV01149,159,218317
3985,EV00858,149,245374
3985,EV00443,160,256084
3985,EV00729,160,65524
3985,EV01675,186,24976
3985,EV00275,265,12427359
3986,EV01444,70,322719
3986,EV00600,114,76779
3986,EV01600,145,65924
3986,EV01290,158,164944
3986,EV01766,160,491638
3986,EV00026,218,2744063
3987,EV01043,69,1181923
3987,EV00405,101,90092
3987,EV00752,133,1169020
3987,EV01722,193,39393
3988,EV01220,129,2000886
3988,EV01438,149,135574
3988,EV01724,176,386572
3988,EV01905,363,720499
3989,EV00753,125,524601
3990,EV00363,83,76292
3990,EV00412,163,801460
3990,EV01326,176,265902
3990,EV00161,260,3474422
3991,EV01581,87,492537
3991,EV01330,140,38286
3991,EV00372,149,815034
3991,EV00512,176,515732
3991,EV00120,300,14339523
3992,EV01706,115,328308
3992,EV01024,139,3280565
3992,EV01116,144,42765
3992,EV00729,163,291964
3992,EV01441,195,1290091
3993,EV00707,151,481552
3994,EV01029,102,62130
3994,EV01570,160,332935
3994,EV01148,162,2052309
3994,EV00202,293,422939
3995,EV00592,85,60808
3995,EV01043,162,111277
3996,EV00895,135,168491
3996,EV00908,142,210081
3996,EV00140,259,1003652
3997,EV00326,102,96380
3997,EV01534,136,4440742
3997,EV01671,139,136851
3997,EV00568,152,711943
3998,EV01790,67,1177468
3998,EV01044,121,160263
3998,EV01346,121,36378
3998,EV01766,182,451901
3998,EV00187,208,59424474
3998,EV00112,240,2812816
3999,EV00941,110,47035
3999,EV00499,122,48359
3999,EV00431,147,162899
3999,EV01629,150,413781
3999,EV00575,158,3899034
4000,EV01276,61,161086
4000,EV01766,165,166696
4000,EV00043,232,48543335
4001,EV01485,134,86418
4001,EV00764,165,585978
4001,EV01326,205,378633
4002,EV01266,125,555147
4002,EV00950,137,299868
4002,EV01326,200,202369
4002,EV00115,255,1099648
4002,EV00087,257,72150652
4002,EV00206,273,3544350
4003,EV00940,79,866541
4003,EV01277,123,303734
4003,EV00349,134,646292
4003,EV00390,143,514197
4003,EV00326,154,29480
4003,EV01333,166,39369
4004,EV01805,60,605169
4004,EV01557,72,75574
4004,EV00443,175,50455
4004,EV00258,248,8839882
4004,EV00059,257,1567118
4005,EV00508,118,949908
4005,EV01044,142,103330
4005,EV01059,188,108597
4006,EV01633,156,40658
4006,EV00121,250,5265963
4007,EV01221,124,24388
4007,EV00714,140,106689
4007,EV00043,223,11869004
4008,EV00543,150,265064
4008,EV01487,150,93288
4008,EV00275,197,11370013
4008,EV00191,267,1532964
4009,EV00572,132,304844
4009,EV00423,135,270864
4009,EV01190,146,82836
4009,EV01289,168,27664
4009,EV00780,173,153708
4009,EV00001,304,2959728
4010,EV01138,83,112616
4010,EV00868,140,231250
4010,EV01398,147,352893
4011,EV01795,107,120610
4011,EV01543,162,1123018
4012,EV01526,108,75993
4012,EV00796,135,94546
4012,EV00191,207,2583254
4012,EV00093,215,2963584
4013,EV01937,14,539491
4013,EV01795,144,115455
4013,EV01297,168,23302
4013,EV00325,181,445623
4014,EV01503,103,1890328
4014,EV01156,118,634905
4014,EV01180,130,231234
4014,EV00350,145,59347
4014,EV01806,149,53846
4014,EV00845,175,984483
4014,EV00365,188,196032
4014,EV00615,193,529114
4015,EV01395,126,51743
4015,EV01734,184,586457
4016,EV01673,98,274052
4016,EV01732,107,25699
4016,EV00723,122,6464
4017,EV01277,98,79148
4017,EV01342,111,21017
4017,EV01382,141,179738
4017,EV01103,148,116465
4017,EV01012,155,90513
4017,EV00380,176,230811
4017,EV01167,213,48516
4017,EV00827,216,1636899
4017,EV00255,223,5529571
4017,EV00404,224,241836
4018,EV00570,130,367894
4018,EV01111,152,43716
4019,EV01094,101,125227
4020,EV01408,126,28341
4020,EV01346,149,78863
4020,EV01079,157,215376
4020,EV00509,158,51297
4020,EV01326,159,214016
4021,EV01795,93,62875
4021,EV00895,115,221711
4021,EV01125,149,904741
4021,EV01100,188,83360
4022,EV00299,232,2463207
4022,EV00198,291,8860207
4023,EV01326,180,157550
4024,EV00416,60,1131623
4024,EV00231,230,4421475
4025,EV01345,164,47279
4026,EV01290,114,147200
4026,EV00623,119,247466
4026,EV01346,124,130620
4026,EV01363,131,312932
4026,EV01441,211,676413
4026,EV00255,216,6419099
4026,EV00030,295,7265908
4027,EV01734,113,864386
4027,EV00555,115,182078
4027,EV01625,160,851301
4028,EV01154,176,2163362
4029,EV01923,12,775515
4029,EV01322,90,49267
4030,EV00404,114,450777
4030,EV01360,117,618950
4030,EV00881,118,765358
4030,EV01365,175,96345
4031,EV01165,117,557095
4032,EV00436,92,555754
4032,EV01694,135,151567
4032,EV00376,148,69898
4032,EV00862,155,430287
4032,EV01450,159,712790
4032,EV00191,219,2890337
4033,EV01893,4,1917294
4033,EV01449,112,114199
4033,EV01808,116,398569
4033,EV01292,120,563931
4033,EV01238,136,123605
4033,EV00023,222,5649545
4033,EV00062,228,16419796
4034,EV01600,235,236667
4034,EV00164,236,7576556
4035,EV00534,135,566986
4035,EV00271,270,8142721
4036,EV00854,98,211531
4036,EV01120,128,117816
4036,EV00887,131,198289
4037,EV01846,29,1871866
4037,EV00451,99,286752
4037,EV01113,113,535071
4037,EV01202,134,40032
4037,EV00877,145,1885174
4037,EV00008,244,20563163
4037,EV00039,277,1051785
4038,EV01694,60,108420
4038,EV01475,96,1927369
4038,EV01023,110,112750
4038,EV00550,116,955373
4038,EV01221,143,38589
4038,EV01349,198,107078
4038,EV00259,233,21441692
4038,EV00219,260,26134194
4039,EV00587,102,1639630
4039,EV01491,114,254506
4039,EV01809,137,1695639
4039,EV00655,206,105404
4040,EV00841,107,39504
4040,EV00717,119,56833
4040,EV00470,182,39142
4040,EV01609,183,40049
4041,EV01435,89,48273
4041,EV01137,152,58009
4041,EV00222,247,1554414
4041,EV00123,260,23976624
4042,EV01708,100,1908252
4042,EV00387,161,517542
4042,EV00281,225,1748502
4043,EV01725,149,278040
4044,EV01927,19,480995
4044,EV01883,56,2416425
4044,EV01639,78,100499
4044,EV00815,118,568887
4044,EV00499,132,29607
4044,EV00624,141,201177
4045,EV01078,117,373315
4045,EV00731,167,1929648
4045,EV01680,192,642016
4045,EV00539,218,791182
4046,EV00473,176,1062313
4047,EV01470,134,79316
4048,EV00489,182,242557
4049,EV01341,155,146217
4049,EV01616,155,18517
4049,EV00043,251,28774313
4050,EV00896,112,105236
4050,EV01176,146,1680703
4050,EV01386,162,113849
4051,EV01801,97,173451
4051,EV00994,106,160898
4051,EV00914,152,584418
4051,EV01262,154,207877
4051,EV00566,167,155586
4051,EV00310,246,87149228
4052,EV00375,81,130140
4052,EV00493,88,126898
4052,EV00326,143,54270
4052,EV01122,144,2051930
4052,EV01794,160,154995
4052,EV00370,180,766915
4052,EV00139,218,92003221
4053,EV01281,188,579672
4053,EV00168,250,1580267
4054,EV00941,154,11597
4054,EV00607,170,88895
4054,EV00318,267,4185265
4055,EV01825,21,1196258
4055,EV00748,127,30803
4056,EV01464,142,72910
4056,EV00583,148,66540
4056,EV00060,256,1287356
4057,EV00166,189,4001728
4057,EV00010,282,12719416
4058,EV01519,79,89736
4059,EV00942,108,1039465
4059,EV01485,119,28739
4059,EV01625,121,316237
4059,EV01398,150,630453
4059,EV01385,152,51031
4059,EV01428,202,98121
4060,EV01508,101,829812
4060,EV00915,168,128278
4060,EV00869,179,424610
4060,EV01158,179,165825
4060,EV00753,182,349474
4060,EV00954,203,50490
4060,EV00355,209,142123
4060,EV01487,212,20567
4061,EV01083,123,1701325
4061,EV01231,132,77697
4061,EV01804,160,99484
4061,EV01020,175,182641
4061,EV01000,176,30194
4061,EV00960,202,912460
4062,EV01367,162,1537350
4062,EV00150,262,10978226
4063,EV00453,111,684453
4063,EV01741,121,254799
4063,EV00711,139,477044
4063,EV00312,294,11247201
4064,EV00953,129,100966
4064,EV01119,147,948763
4064,EV01806,159,64611
4064,EV01408,168,19241
4064,EV00017,250,878627
4065,EV01296,110,151295
4065,EV00936,116,523426
4065,EV00780,193,55998
4065,EV01792,204,790521
4066,EV00574,103,534350
4066,EV01428,130,148159
4066,EV01310,139,25066
4066,EV00158,260,2057272
4068,EV01422,135,45945
4068,EV00711,144,527514
4068,EV00552,156,228781
4069,EV01273,116,144895
4069,EV01059,141,77753
4069,EV01531,148,13349
4070,EV01808,131,174602
4070,EV00738,156,128575
4070,EV00140,256,587907
4071,EV01470,125,144494
4071,EV01251,144,184637
4071,EV01549,181,119072
4071,EV00291,226,3757114
4072,EV00938,107,71101
4072,EV01681,114,89132
4072,EV01007,126,7405846
4072,EV00941,138,41355
4072,EV01578,185,72548
4072,EV00966,218,5640576
4074,EV01451,90,387738
4074,EV00096,253,238967
4075,EV01693,113,267477
4075,EV01703,126,164485
4075,EV00337,131,149622
4075,EV00898,134,123774
4075,EV01778,151,59983
4076,EV01886,26,730724
4076,EV01485,78,78195
4076,EV01318,92,228964
4076,EV00626,104,117408
4076,EV01422,144,44436
4076,EV01404,153,419573
4076,EV00185,222,15991551
4077,EV00429,111,411523
4077,EV01259,118,469358
4077,EV00951,124,165748
4077,EV01778,143,39670
4077,EV01345,150,104044
4077,EV01132,154,757899
4077,EV00013,177,8866014
4078,EV01979,3,378245
4078,EV00565,137,49340
4079,EV00438,92,652268
4079,EV01259,124,194681
4079,EV01742,125,559238
4079,EV01379,148,48079
4079,EV01221,165,91378
4079,EV00554,167,720159
4079,EV00140,240,1795081
4080,EV01693,127,220729
4080,EV01787,129,215754
4080,EV00376,159,30115
4080,EV00790,161,78165
4080,EV00113,207,609544
4081,EV00479,96,18607
4081,EV00875,102,2947337
4081,EV01634,183,310022
4081,EV00062,298,20448463
4081,EV01997,365,2361131
4082,EV01043,66,785298
4082,EV00620,100,1201994
4082,EV00697,114,1148096
4082,EV00583,126,104154
4082,EV00883,130,146107
4082,EV01012,144,83798
4082,EV01604,189,694182
4082,EV00255,206,1950499
4083,EV01748,83,380437
4083,EV00583,129,36185
4083,EV00500,144,254874
4083,EV00489,180,280611
4084,EV00975,146,209975
4085,EV00520,119,1839807
4085,EV00720,120,32857
4085,EV00813,139,881403
4086,EV01068,106,377275
4086,EV00536,145,28744
4086,EV00455,171,686097
4086,EV01806,192,30323
4087,EV01025,84,10596907
4087,EV01665,103,1157184
4087,EV01094,165,187908
4087,EV00158,236,5528024
4088,EV01168,122,69149
4088,EV00946,142,132477
4088,EV01076,185,89548
4089,EV01072,95,1310813
4089,EV00848,98,29712
4089,EV01579,127,1657730
4089,EV01238,142,211013
4089,EV00751,172,6221
4090,EV00961,89,103758
4090,EV01163,148,2025623
4090,EV00489,168,231964
4091,EV00871,92,1329132
4091,EV00793,163,260629
4091,EV00289,213,1596536
4092,EV01924,9,7028236
4092,EV01065,99,1344501
4092,EV00711,105,458384
4092,EV01448,141,426557
4092,EV01052,145,43646
4092,EV00727,161,403042
4093,EV00699,148,24354
4093,EV01537,212,651059
4094,EV01558,60,208919
4094,EV01702,114,30142
4094,EV00764,138,1968951
4094,EV00587,157,595615
4094,EV01051,195,148745
4094,EV00234,238,117847545
4095,EV00799,123,126016
4095,EV00884,181,261812
4095,EV00161,282,3172478
4096,EV01093,111,1319839
4096,EV00972,119,6590715
4096,EV00355,135,146012
4096,EV01288,156,274284
4096,EV01576,167,1948830
4096,EV00754,177,248983
4096,EV00167,251,19612228
4097,EV01006,60,151027
4097,EV01578,117,38302
4097,EV01789,130,39178
4097,EV00847,168,9800
4097,EV00206,234,1132276
4098,EV01076,84,56434
4098,EV01386,155,117009
4098,EV01651,164,200449
4098,EV00198,240,15385478
4099,EV01291,111,189628
4099,EV00489,146,178889
4100,EV00988,123,55089
4100,EV00510,159,509457
4100,EV01794,162,58892
4101,EV01742,137,188201
4101,EV00545,181,370800
4101,EV00269,302,1534980
4102,EV01277,106,290038
4102,EV01387,118,123286
4102,EV00427,164,22458
4102,EV01274,168,17650
4102,EV01043,171,301830
4103,EV01272,89,254922
4103,EV01079,132,171212
4103,EV01140,144,78259
4104,EV01404,118,185259
4104,EV01385,132,35046
4104,EV00909,137,325375
4104,EV00568,146,708918
4104,EV00752,160,1245197
4105,EV00513,105,52021
4105,EV00618,108,203731
4105,EV00300,239,5948619
4106,EV00412,100,136213
4106,EV01770,103,429595
4106,EV01608,144,45177
4106,EV00017,261,2074218
4107,EV00448,98,730531
4107,EV01548,129,39318
4107,EV00655,147,93332
4107,EV01390,158,617724
4107,EV00402,164,3248294
4108,EV01644,99,1898563
4108,EV00448,119,700622
4108,EV00869,152,382234
4108,EV01766,154,345950
4108,EV00255,222,5699076
4109,EV01329,75,20063
4109,EV01690,111,152320
4110,EV00361,115,197405
4110,EV01412,127,448887
4110,EV00662,138,82713
4110,EV00431,143,145753
4110,EV00699,195,92334
4110,EV01449,197,257199
4111,EV00694,94,957289
4112,EV01770,146,197659
4112,EV00773,153,347453
4112,EV01059,157,113340
4114,EV01083,129,3370240
4114,EV00923,152,35748
4114,EV01575,179,32438
4114,EV00013,234,13847754
4115,EV01422,60,34504
4115,EV01234,125,1005249
4115,EV00524,158,992627
4116,EV01143,87,408902
4116,EV00879,100,650943
4116,EV00910,127,176992
4116,EV01210,155,253694
4117,EV00439,151,260266
4117,EV00937,160,751988
4118,EV00946,113,254784
4118,EV00707,131,592590
4120,EV01394,88,1885725
4120,EV00855,123,1741062
4120,EV01427,165,351126
4120,EV01442,165,334248
4120,EV01076,198,140232
4121,EV00850,104,205363
4121,EV01566,142,96419
4121,EV01659,146,139397
4122,EV00783,113,39138
4122,EV01003,159,7566387
4123,EV01322,95,83597
4123,EV00754,150,454763
4123,EV01734,164,998763
4123,EV00634,222,112305
4124,EV01421,103,106283
4124,EV01508,135,416115
4124,EV01292,238,1073871
4124,EV00270,267,2991668
4124,EV01847,362,1920384
4125,EV01183,149,70218
4126,EV01772,118,30283
4126,EV01543,148,2282948
4126,EV00866,187,228953
4127,EV01519,96,242672
4127,EV00773,141,251846
4127,EV01211,148,43244
4127,EV01442,153,1166709
4127,EV01617,182,75156
4127,EV00027,221,39990522
4128,EV00184,221,4474089
4128,EV00184,243,7419449
4129,EV01459,101,1265622
4129,EV01131,147,11702
4129,EV00419,170,75579
4130,EV01672,104,131919
4130,EV00898,122,29650
4130,EV00541,146,123471
4130,EV00847,161,54138
4130,EV00850,161,60608
4132,EV01355,133,416842
4132,EV01165,140,230051
4132,EV00915,163,266759
4132,EV01165,167,399551
4132,EV01164,184,1425988
4133,EV01426,70,4850494
4133,EV00563,109,73857
4133,EV01741,160,597080
4133,EV00655,164,207976
4133,EV00060,242,1404736
4133,EV00299,273,13542915
4133,EV00199,299,29804474
4134,EV00783,97,138649
4134,EV00842,147,10526
4134,EV00555,189,240012
4135,EV00435,175,843325
4136,EV01244,74,182708
4136,EV01408,121,68634
4136,EV01562,129,1128530
4136,EV00879,136,534795
4136,EV00431,169,82006
4136,EV01714,171,330264
4137,EV01365,117,42332
4137,EV00957,136,77965
4137,EV00631,147,147493
4138,EV01846,70,532962
4138,EV00930,106,2072673
4138,EV01478,108,2433005
4138,EV00602,120,37487
4138,EV00706,121,2749124
4138,EV01235,140,246617
4138,EV01406,164,1951226
4138,EV00316,277,40425338
4139,EV00372,108,275055
4139,EV00298,252,11448757
4140,EV01653,122,202649
4140,EV01102,126,277829
4140,EV00300,275,3336510
4141,EV01745,131,56670
4141,EV00631,135,68604
4142,EV00342,120,1034633
4142,EV01145,145,3425194
4142,EV01044,155,80533
4142,EV01767,160,3327395
4142,EV01702,206,66062
4142,EV00407,219,164304
4143,EV00026,284,1494926
4144,EV01543,86,3029070
4144,EV00837,104,72494
4144,EV01540,111,955438
4144,EV00328,145,935349
4144,EV00158,223,2469607
4145,EV01740,132,1197190
4145,EV01065,149,906182
4145,EV01230,172,25450
4145,EV00077,277,5424023
4146,EV01578,101,119218
4146,EV01463,123,6613311
4146,EV00814,138,274900
4146,EV01105,146,151270
4146,EV01794,160,152995
4146,EV01660,172,937483
4146,EV01548,202,73596
4146,EV00183,235,14892441
4147,EV01874,13,709843
4147,EV00385,105,33835
4147,EV01326,157,177581
4147,EV00783,160,94730
4148,EV01585,131,384208
4148,EV00675,167,2270822
4148,EV00215,268,128373990
4149,EV01162,173,104621
4149,EV01503,176,955456
4150,EV00707,97,238594
4150,EV00919,105,1732362
4150,EV01799,118,2634514
4150,EV01428,123,219491
4150,EV01313,133,1482435
4150,EV01178,178,1276035
4150,EV00175,275,3059289
4151,EV01103,73,136810
4151,EV01793,132,7263
4152,EV01551,119,39455
4152,EV01467,155,2802450
4152,EV00382,158,23240
4152,EV01484,180,492511
4152,EV00255,245,11302341
4153,EV00764,96,465531
4153,EV01642,107,2571474
4153,EV01067,113,109694
4153,EV00288,223,581994
4154,EV00580,145,86512
4154,EV01725,173,396831
4154,EV01413,193,179130
4154,EV01680,216,521801
4154,EV00116,267,4229996
4155,EV00923,129,12627
4156,EV01345,154,43341
4157,EV01903,36,3299361
4157,EV00621,182,55087
4158,EV00599,221,3605214
4159,EV00769,158,841735
4159,EV00101,220,36324431
4159,EV00130,238,1514787
4160,EV01333,160,100202
4161,EV00520,107,1449217
4161,EV00709,170,153748
4161,EV00250,273,1779363
4162,EV00857,101,680620
4162,EV00540,140,35637
4162,EV00382,149,128490
4162,EV00142,271,20247267
4163,EV00780,60,191355
4163,EV01633,168,23527
4163,EV00872,174,1221795
4163,EV01277,191,144041
4164,EV01239,118,450009
4164,EV01748,147,1753100
4165,EV01050,144,86993
4165,EV01546,145,222906
4166,EV00097,241,55934488
4167,EV01760,132,13600
4167,EV01302,135,1455073
4167,EV00509,158,29605
4167,EV00259,261,14188429
4168,EV01413,99,159430
4168,EV00641,151,1731933
4168,EV01549,175,119622
4169,EV00614,129,341180
4169,EV01373,134,114513
4169,EV01200,140,636463
4170,EV01183,152,120710
4170,EV01001,159,21621
4170,EV01475,184,1251052
4170,EV00565,202,24762
4170,EV00078,308,5608421
4171,EV00358,148,37604
4171,EV00106,271,6881698
4172,EV00566,62,259923
4172,EV00459,109,110236
4173,EV00532,132,518779
4173,EV01079,140,190163
4173,EV01124,144,651998
4173,EV01215,155,123833
4173,EV00607,197,77023
4174,EV01799,131,1207564
4174,EV00377,155,605402
4174,EV01627,158,78561
4174,EV01336,175,474258
4175,EV01191,172,2082458
4175,EV01677,180,357248
4175,EV00168,272,1844392
4175,EV00312,281,6690369
4175,EV00061,283,7105149
4176,EV01444,141,257446
4176,EV01333,142,71606
4176,EV01462,166,1165930
4177,EV01413,115,253133
4177,EV00552,118,676756
4177,EV01622,134,47589
4177,EV01498,137,100815
4177,EV00812,189,1149725
4177,EV00225,251,3542534
4177,EV00050,262,12572278
4178,EV00607,169,80848
4178,EV00336,214,51141
4179,EV01625,112,269263
4179,EV01444,130,440004
4179,EV01600,145,123941
4179,EV00981,170,91544
4179,EV00211,206,34925453
4179,EV00164,219,15345588
4180,EV00492,113,468605
4180,EV01721,191,67601
4181,EV00039,224,1761323
4181,EV00112,280,2198095
4182,EV00628,92,63558
4182,EV00509,117,140224
4182,EV00754,125,371942
4182,EV00709,159,125128
4182,EV01485,160,53930
4182,EV01518,196,415069
4183,EV00451,127,78155
4183,EV00447,137,314318
4183,EV00794,143,575352
4183,EV00392,151,306490
4184,EV01775,94,412428
4184,EV00533,185,1293810
4185,EV01226,79,23190
4185,EV01392,104,385399
4185,EV00388,127,131336
4185,EV01784,144,14648
4185,EV01693,161,325580
4186,EV01345,89,68655
4186,EV01667,105,556542
4186,EV00385,128,84666
4187,EV01599,122,157898
4187,EV01803,136,18605
4187,EV00512,141,122877
4187,EV01768,173,360515
4188,EV00651,145,403916
4188,EV00803,146,329790
4189,EV00412,85,147474
4189,EV00443,175,317821
4189,EV00051,249,36069845
4190,EV01529,174,43624
4191,EV01111,103,30573
4191,EV00752,171,1292917
4192,EV00973,100,20058
4192,EV01268,141,159438
4193,EV01835,44,1999602
4193,EV00722,161,134275
4193,EV00869,171,653747
4193,EV00535,180,63192
4193,EV01414,188,26966
4194,EV01844,13,486594
4194,EV00620,103,549768
4194,EV00331,110,2089109
4194,EV01633,179,67653
4194,EV00140,223,822741
4196,EV00917,119,285356
4196,EV01110,187,125529
4196,EV01998,362,929744
4197,EV00758,125,655068
4197,EV01780,135,40644
4197,EV00457,168,168521
4197,EV00140,197,293303
4197,EV00226,237,972496
4198,EV01590,60,33980
4198,EV00500,102,297453
4198,EV01560,121,265959
4198,EV01214,137,2550723
4198,EV01220,157,1506605
4198,EV01362,161,106189
4198,EV01755,197,132534
4199,EV01348,125,1080519
4199,EV01659,131,76046
4200,EV01264,104,1375371
4200,EV00729,127,66696
4200,EV01039,148,42823
4200,EV00470,163,49564
4200,EV00237,243,99577218
4200,EV00093,255,636819
4200,EV00203,269,638285
4201,EV00605,100,149951
4201,EV01098,114,1446447
4201,EV01385,120,86379
4201,EV00436,146,471922
4202,EV00619,87,36543
4202,EV00552,123,518672
4202,EV00115,251,1576686
4203,EV01819,60,106814
4203,EV01103,132,91206
4203,EV00883,146,54436
4203,EV00803,147,183597
4203,EV00189,244,6317487
4203,EV00120,274,10373151
4204,EV01616,60,70742
4204,EV01864,75,2384556
4204,EV00790,93,103766
4204,EV00370,110,853303
4204,EV01658,186,3694191
4204,EV00168,270,2624841
4205,EV01823,63,2440812
4205,EV00312,263,10954317
4206,EV00848,93,17906
4206,EV01589,110,1350624
4206,EV01142,138,123095
4206,EV01532,143,1046138
4206,EV00470,151,21984
4207,EV01484,88,494958
4207,EV01441,116,418133
4207,EV01438,123,81279
4207,EV00555,132,250463
4207,EV01327,151,99332
4207,EV00225,281,2110694
4208,EV01021,60,761542
4209,EV01742,99,590863
4209,EV01033,123,443693
4209,EV01633,124,94417
4209,EV01566,157,270597
4210,EV00682,74,44906
4210,EV00419,108,334601
4210,EV00383,112,16045
4210,EV01741,121,579613
4210,EV00831,123,507562
4210,EV01732,188,51424
4210,EV01623,196,50154
4210,EV00096,272,434045
4211,EV00485,130,1268476
4211,EV00225,242,2337790
4212,EV01240,169,522674
4213,EV01388,114,157582
4213,EV01289,117,30857
4213,EV00544,139,38835
4213,EV01421,166,85282
4213,EV00383,199,44376
4214,EV01893,27,3181225
4214,EV00443,112,131390
4214,EV01661,114,1220781
4214,EV01444,125,504149
4214,EV00368,141,30260
4214,EV00253,284,3195814
4215,EV01427,64,110427
4215,EV01265,74,25668
4215,EV01618,82,57694
4215,EV01143,118,143290
4215,EV01817,138,498744
4215,EV00917,143,340027
4216,EV00811,119,3061488
4216,EV01599,121,56482
4216,EV00600,131,41091
4216,EV00486,168,209309
4216,EV01359,181,421702
4216,EV00287,235,12823555
4217,EV00837,69,39596
4217,EV00045,283,8756633
4218,EV00751,153,15347
4219,EV00491,82,425126
4219,EV01552,143,102751
4219,EV00644,171,10741274
4219,EV00253,183,4015850
4219,EV01132,196,1890924
4219,EV00194,202,22283808
4219,EV00078,237,5986741
4220,EV00660,111,565389
4220,EV01656,119,102257
4220,EV01154,120,1454746
4220,EV00003,226,4221784
4221,EV01138,69,115670
4221,EV01503,71,955762
4221,EV01778,79,70194
4221,EV01090,88,146347
4221,EV00387,108,543674
4221,EV00543,145,135681
4221,EV01304,162,100404
4221,EV00451,217,330947
4221,EV00281,241,3757009
4221,EV00065,267,18363167
4221,EV00128,304,21811247
4222,EV01823,16,1721859
4222,EV01180,89,72280
4222,EV00039,268,1576958
4223,EV01558,177,577780
4223,EV00007,274,8270284
4224,EV01188,117,976018
4224,EV01297,124,45236
4224,EV00579,125,22081
4224,EV00958,187,898052
4224,EV01649,197,378639
4225,EV01956,354,4924207
4226,EV01373,132,230574
4226,EV00277,249,5042543
4227,EV00587,113,1134581
4227,EV01173,126,30927
4227,EV01111,185,68015
4227,EV00757,235,164081
4228,EV01339,64,469527
4228,EV01170,92,734136
4228,EV01029,141,63899
4228,EV01250,184,37472
4228,EV01485,189,96399
4228,EV00328,195,1005490
4229,EV00010,265,19087776
4230,EV01634,80,477338
4230,EV00412,156,370682
4230,EV00854,158,153846
4230,EV00503,163,331349
4230,EV00640,168,1175599
4230,EV00592,211,136517
4230,EV00184,222,7881271
4231,EV00735,113,177565
4231,EV01213,134,965363
4231,EV00515,172,255514
4231,EV00465,223,180114
4232,EV01099,93,1386049
4232,EV01185,97,1478597
4233,EV00600,75,43138
4233,EV00259,237,24180401
4234,EV01890,84,1249390
4234,EV00717,200,43191
4235,EV00909,136,172911
4236,EV01687,138,446313
4236,EV01760,144,18618
4236,EV00604,155,144899
4236,EV01394,182,1516110
4236,EV01288,206,267877
4236,EV00222,233,2694835
4236,EV00216,272,516367
4237,EV01546,107,486923
4237,EV01711,108,847540
4237,EV01559,112,387579
4237,EV00567,121,132500
4237,EV00765,160,532196
4237,EV00760,184,78480
4238,EV01761,85,2186311
4238,EV01131,93,17087
4238,EV01283,106,86568
4239,EV00600,109,42950
4239,EV01205,151,624217
4239,EV00037,327,1827113
4240,EV01545,100,52895
4240,EV00475,120,1185156
4240,EV01808,127,439508
4240,EV00848,136,21818
4240,EV00754,141,527669
4240,EV00457,150,157593
4240,EV01204,175,124519
4240,EV00246,260,4846823
4240,EV00194,307,14878840
4241,EV00837,99,195298
4241,EV00510,116,522668
4241,EV00941,175,7012
4241,EV01354,187,3807353
4241,EV00146,270,16508092
4242,EV01136,153,1335726
4242,EV00387,171,378290
4243,EV00898,79,177501
4243,EV01808,91,159804
4243,EV00960,118,603345
4243,EV01279,132,672326
4243,EV00126,218,4085363
4243,EV00140,237,876393
4243,EV00306,311,99013297
4244,EV00546,60,150620
4245,EV00427,85,55883
4245,EV01766,97,333951
4245,EV00714,148,115237
4245,EV00918,151,1585561
4245,EV00889,175,1034973
4246,EV00824,85,394679
4247,EV00591,112,2316140
4247,EV01385,144,130240
4247,EV01289,158,22993
4248,EV00457,112,103962
4248,EV01672,157,96248
4248,EV01451,168,176201
4248,EV00222,294,1107172
4249,EV00528,96,90137
4249,EV01700,108,1197925
4249,EV00451,128,163838
4249,EV00472,130,107092
4249,EV01734,159,950223
4249,EV00712,181,217179
4249,EV00676,183,490703
4250,EV01465,135,183049
4250,EV00463,143,44043
4250,EV01038,176,4576408
4250,EV00198,226,13794715
4251,EV01489,98,1478380
4252,EV01360,94,340368
4252,EV00599,175,1689590
4253,EV01840,28,1342738
4253,EV01703,123,85362
4253,EV00407,127,437441
4253,EV00583,171,68739
4253,EV01558,171,143841
4254,EV01638,71,313477
4254,EV00953,127,60064
4254,EV01498,131,55920
4254,EV00365,180,510247
4254,EV00281,263,4985002
4255,EV01862,41,2976246
4255,EV01313,110,1840898
4255,EV00954,124,63134
4255,EV01012,144,309618
4255,EV00884,162,548435
4256,EV00328,109,669319
4256,EV01201,114,36000
4256,EV00553,151,1323585
4256,EV00712,177,257406
4256,EV01029,240,78306
4257,EV00358,125,257873
4257,EV00790,159,109233
4257,EV00837,216,48567
4258,EV01991,38,5367081
4258,EV01104,116,1265180
4258,EV01698,131,195461
4258,EV01164,218,658246
4258,EV00060,260,1535906
4259,EV01305,93,1354536
4259,EV00512,128,361231
4260,EV01451,111,193116
4260,EV01310,121,46382
4260,EV01349,133,114860
4260,EV00176,258,28747286
4261,EV01197,96,212892
4261,EV01133,115,143768
4261,EV01157,140,311616
4262,EV00657,60,299177
4262,EV01155,132,1549439
4263,EV00684,68,196057
4263,EV00665,78,12004
4263,EV01808,123,371227
4263,EV01667,151,355038
4264,EV00719,60,117129
4264,EV01763,105,32600
4264,EV00594,141,23301
4264,EV00767,162,44175
4264,EV01801,175,184277
4264,EV01111,201,96743
4265,EV01289,107,21412
4265,EV01205,131,893824
4266,EV01006,62,57377
4266,EV01505,96,530447
4266,EV01008,123,2491350
4266,EV01766,189,505051
4267,EV01566,103,332169
4267,EV00722,135,86654
4267,EV00744,151,139509
4267,EV01496,170,920361
4267,EV01324,175,1780930
4267,EV00204,270,14275335
4268,EV01947,61,640034
4268,EV01379,100,35902
4268,EV01754,124,2171386
4268,EV01913,365,730295
4269,EV01266,145,339908
4269,EV00216,188,241517
4269,EV00024,213,11367263
4270,EV01930,37,291699
4270,EV01686,105,78501
4270,EV01369,126,365539
4270,EV01415,127,950493
4270,EV00287,230,21738072
4270,EV00220,250,40991566
4271,EV01078,113,534737
4271,EV00734,125,14304
4271,EV00387,127,1414047
4271,EV00730,130,1288403
4271,EV00560,131,327009
4271,EV01332,149,648439
4271,EV00451,154,294481
4271,EV00017,247,755784
4272,EV01382,115,56809
4272,EV00819,140,42935
4272,EV00017,281,2062735
4273,EV01441,87,888394
4273,EV00884,137,275092
4273,EV01168,140,64064
4273,EV01552,163,377745
4273,EV01398,198,643958
4273,EV01257,206,1621080
4273,EV00028,240,26758571
4274,EV00350,113,94477
4274,EV01073,117,294158
4274,EV01769,165,191886
4274,EV00717,183,99171
4275,EV01691,117,561494
4275,EV00939,119,757567
4275,EV01076,164,115793
4275,EV01127,180,113034
4276,EV00898,123,109753
4276,EV01238,143,101376
4276,EV01178,174,812783
4277,EV00890,116,61691
4277,EV01518,128,175569
4277,EV01794,134,79816
4277,EV01415,156,920626
4277,EV00895,176,170037
4277,EV01849,365,1263905
4278,EV01435,110,52081
4278,EV00684,114,334486
4279,EV01276,115,69460
4279,EV00370,159,1294978
4279,EV00882,171,1189168
4279,EV00184,211,15483054
4280,EV00712,145,192371
4281,EV01255,157,364748
4282,EV01581,106,200781
4282,EV00418,123,231816
4282,EV01213,123,2187885
4282,EV01404,149,321771
4282,EV00779,175,62148
4283,EV01575,163,42450
4283,EV00568,172,570014
4283,EV01254,176,1579368
4283,EV01625,192,439741
4284,EV00358,227,99643
4284,EV00222,288,1882379
4285,EV00928,99,39500
4285,EV00914,164,87525
4285,EV00935,168,2608443
4285,EV01214,174,3128036
4285,EV00200,260,74128328
4286,EV00765,110,749125
4286,EV01577,112,4004306
4286,EV01329,155,25119
4286,EV01663,167,193507
4286,EV00275,215,17545947
4286,EV00043,252,10423626
4287,EV01408,156,70031
4287,EV00582,202,903400
4288,EV01734,93,276486
4288,EV01018,108,570294
4288,EV01077,117,1164890
4288,EV00711,131,135708
4288,EV00637,169,396324
4288,EV00017,276,2146829
4289,EV01968,6,3050223
4289,EV01778,143,28771
4289,EV01166,159,101319
4289,EV00060,293,1463126
4290,EV01225,113,2112187
4290,EV01326,135,584752
4290,EV00382,166,16077
4290,EV00908,184,544702
4291,EV01465,118,217226
4291,EV01304,123,126328
4291,EV00334,180,46082
4291,EV00009,271,27274782
4293,EV00328,153,635871
4293,EV01752,178,133362
4293,EV01629,182,657719
4294,EV01136,108,510538
4294,EV00765,126,828281
4294,EV00839,150,99850
4295,EV01772,102,22212
4295,EV00869,127,741210
4295,EV00370,158,662531
4296,EV01579,78,1680200
4296,EV01560,96,205221
4296,EV01235,102,175066
4296,EV01158,194,199144
4297,EV01767,89,1958898
4297,EV00387,112,1112833
4297,EV01074,126,430123
4297,EV01330,137,40643
4297,EV01634,140,276235
4298,EV01958,26,1446170
4298,EV00384,152,480131
4299,EV01258,124,122202
4299,EV00046,251,5411589
4300,EV01693,106,135801
4301,EV01183,73,57295
4301,EV00915,91,153249
4301,EV00500,118,54381
4301,EV01034,134,2354946
4301,EV00598,146,3499247
4301,EV00429,165,378235
4301,EV01603,167,41352
4302,EV00582,97,258690
4302,EV01629,112,358077
4302,EV00368,154,21941
4302,EV01332,165,757701
4302,EV00663,172,743281
4302,EV00073,223,1472658
4303,EV00751,94,64847
4303,EV01626,110,24836
4303,EV00548,150,161614
4304,EV01801,69,296541
4304,EV00499,80,23743
4304,EV01394,108,775929
4304,EV00943,129,321177
4304,EV00898,138,177487
4304,EV00819,168,66999
4304,EV00468,170,3583113
4304,EV00540,193,37027
4304,EV01408,213,32411
4305,EV01672,139,104507
4305,EV00086,268,17645770
4305,EV00243,272,2596010
4305,EV01991,359,7347405
4306,EV01570,147,127282
4306,EV01752,154,99263
4306,EV00686,188,952996
4307,EV00975,105,412011
4307,EV01211,123,25938
4307,EV01575,127,24666
4307,EV01694,172,111798
4307,EV00288,262,863315
4308,EV00631,71,203387
4308,EV00600,103,41334
4309,EV00723,132,27266
4309,EV00854,220,421513
4310,EV01858,8,3987781
4310,EV00558,102,2381383
4310,EV01614,156,1205650
4310,EV00225,216,2014462
4311,EV01197,109,250678
4311,EV01651,131,150001
4311,EV01473,144,308335
4312,EV00956,123,123784
4312,EV01437,138,93666
4312,EV00493,174,166476
4312,EV00250,216,2243301
4313,EV01521,140,1077859
4313,EV00775,186,463625
4313,EV00210,245,15606298
4314,EV01552,77,146412
4314,EV00571,152,1690385
4314,EV01110,182,104286
4315,EV01656,92,88228
4315,EV01726,115,1462217
4315,EV00981,117,134425
4315,EV00735,120,202132
4315,EV01791,167,60798
4315,EV01768,182,409072
4315,EV01618,184,52899
4315,EV00227,262,17616545
4316,EV01345,101,23648
4316,EV00803,127,76174
4316,EV00682,141,47950
4317,EV01533,60,137933
4317,EV01143,111,307709
4317,EV01723,138,1415615
4317,EV00438,144,67120
4317,EV00512,177,491203
4317,EV00255,242,3181762
4318,EV01768,125,938783
4318,EV00623,153,185840
4318,EV01274,160,57832
4319,EV00599,137,3142584
4319,EV00541,140,111239
4319,EV00346,143,385969
4319,EV00412,200,405073
4319,EV00114,209,82196929
4320,EV01040,105,70915
4321,EV00765,146,523061
4321,EV01605,160,70361
4321,EV00107,228,19646741
4322,EV01846,31,755763
4322,EV01579,121,2293958
4322,EV00960,128,579279
4322,EV00512,130,232733
4322,EV01608,146,77887
4322,EV01715,219,296327
4323,EV00819,98,40300
4323,EV01413,118,92446
4323,EV00675,136,843403
4323,EV00780,155,87926
4323,EV01136,165,898052
4324,EV01600,80,195229
4324,EV01050,141,20942
4325,EV00703,105,132282
4325,EV00291,197,8230622
4325,EV00300,216,6245441
4325,EV00089,238,934452
4326,EV01414,105,35337
4326,EV00827,124,3198344
4326,EV00711,126,256270
4326,EV01154,136,1828429
4326,EV00269,256,8404496
4327,EV01857,5,947952
4327,EV01505,96,274005
4327,EV01235,151,132316
4327,EV00670,160,492115
4327,EV01297,177,37187
4328,EV01543,137,2400865
4328,EV01752,141,70604
4328,EV01613,145,24142
4328,EV00888,147,1792681
4328,EV01735,154,26374
4328,EV01330,170,31748
4328,EV00640,182,1561211
4328,EV00146,262,3511839
4329,EV01183,144,65816
4329,EV00555,145,236303
4329,EV00716,168,1080535
4330,EV00519,121,31526
4331,EV00729,82,112882
4331,EV01199,149,824404
4332,EV00022,268,63066924
4333,EV01346,73,38501
4333,EV01761,107,692848
4333,EV01516,110,1221411
4333,EV01687,113,1343487
4333,EV01692,125,411084
4333,EV01137,181,83804
4333,EV00399,185,32303
4333,EV01817,197,199161
4334,EV01752,128,51998
4334,EV01490,204,290653
4335,EV00560,146,362510
4335,EV00868,157,80546
4335,EV00509,174,92569
4336,EV01634,161,630055
4337,EV00549,98,233754
4338,EV00816,78,284481
4338,EV00848,159,14651
4338,EV01526,182,117940
4338,EV00593,187,680663
4338,EV00026,288,2080446
4339,EV00767,74,31576
4339,EV01346,142,34890
4339,EV01519,171,428510
4339,EV01166,187,344598
4340,EV00628,68,170454
4340,EV01048,74,557057
4340,EV00949,150,1011539
4340,EV01504,154,2089088
4340,EV01091,178,41212
4341,EV01664,104,3348368
4341,EV00682,107,71598
4341,EV01693,128,156086
4341,EV01330,148,86234
4341,EV00562,179,69915
4341,EV00013,303,8391877
4342,EV01551,98,17980
4342,EV01737,140,2189985
4342,EV01295,142,932412
4342,EV01517,181,9123560
4342,EV00001,261,2596593
4343,EV01968,22,3868181
4343,EV01111,92,36250
4343,EV00435,161,885257
4344,EV00093,258,4464663
4345,EV00699,104,257417
4345,EV00545,112,636520
4345,EV01459,127,1467239
4345,EV01512,140,1031177
4345,EV00985,141,61981
4345,EV00451,152,181583
4345,EV00258,223,18887878
4346,EV01435,92,39713
4346,EV01559,149,679049
4346,EV00555,153,403246
4346,EV00309,235,1865794
4347,EV01275,103,381252
4347,EV01752,141,53785
4347,EV00380,143,386107
4347,EV01345,176,69304
4348,EV01468,68,46244
4348,EV01036,128,4163550
4348,EV01078,165,239662
4348,EV00059,261,14816809
4349,EV01501,96,447233
4349,EV00843,129,145143
4349,EV01760,129,34620
4349,EV00595,185,184890
4349,EV00305,259,13405475
4349,EV00043,262,18206116
4350,EV00443,116,154652
4350,EV01578,172,18835
4350,EV00303,226,1643788
4351,EV00767,108,14396
4351,EV01481,129,472934
4351,EV00855,151,1873002
4351,EV01195,151,2123316
4351,EV00461,176,320333
4351,EV00073,215,18243427
4352,EV00703,60,70248
4352,EV01509,102,26859
4352,EV01642,149,1121501
4352,EV01235,166,224458
4352,EV00238,204,41299667
4353,EV01077,124,1068374
4353,EV00062,240,22626991
4354,EV00682,110,47954
4354,EV00910,134,1310657
4354,EV01158,143,286043
4354,EV00883,195,122492
4355,EV00519,65,79648
4355,EV00983,106,131743
4355,EV00564,117,2110756
4355,EV00901,145,141896
4355,EV00446,166,44712
4355,EV01388,186,95245
4355,EV00773,202,325571
4355,EV00225,247,2114261
4355,EV00036,304,59742659
4356,EV01419,145,629459
4356,EV00489,199,256504
4356,EV00017,314,1436945
4357,EV01824,33,236624
4357,EV00563,107,98499
4357,EV00595,131,171226
4357,EV01519,135,181873
4357,EV00571,157,780365
4357,EV00191,253,511720
4357,EV00068,276,3398477
4358,EV00845,135,2336566
4359,EV00661,139,306542
4359,EV01498,139,204620
4359,EV01661,143,328198
4359,EV00941,152,5965
4359,EV00923,181,75045
4360,EV01011,121,494916
4361,EV01292,116,939551
4361,EV01791,140,17831
4362,EV00541,89,161231
4362,EV01223,104,829811
4362,EV01780,135,69229
4362,EV01318,159,77239
4363,EV01732,133,88993
4363,EV01273,138,96175
4363,EV00082,272,2069641
4364,EV00909,110,417072
4364,EV00597,160,24802
4364,EV00592,185,174656
4365,EV00472,105,4523
4365,EV01475,125,1653005
4365,EV01137,127,28539
4365,EV00896,165,43342
4365,EV00651,170,394275
4365,EV00102,259,19834444
4366,EV00512,60,388408
4366,EV00318,265,8576103
4367,EV01158,60,202579
4367,EV00569,134,88973
4367,EV00365,142,322646
4367,EV01033,147,268715
4367,EV01289,191,34123
4368,EV00489,91,141937
4368,EV00408,121,56098
4368,EV00175,185,982946
4368,EV00123,204,17055981
4368,EV00147,279,73683631
4369,EV00432,100,1268851
4369,EV00309,225,5176114
4369,EV00120,263,6186563
4369,EV00226,265,1080734
4369,EV01846,341,761459
4370,EV00699,94,33644
4370,EV00990,121,1087724
4370,EV00538,154,87846
4370,EV00913,158,7521654
4371,EV01242,60,49073
4371,EV00720,99,89634
4371,EV01672,109,131915
4371,EV00493,123,125821
4371,EV00447,197,339523
4371,EV00161,269,2455853
4372,EV01910,30,2683992
4372,EV01534,105,3968022
4372,EV00489,109,281693
4372,EV00752,121,1045878
4372,EV00165,265,12074679
4373,EV01095,109,150610
4373,EV00250,265,1246110
4374,EV01414,125,20056
4374,EV01091,188,17887
4375,EV01404,96,568049
4375,EV01751,131,139154
4375,EV01073,155,148381
4375,EV00887,232,158757
4376,EV00520,60,4864805
4376,EV00407,73,347127
4376,EV01222,124,1311444
4376,EV00515,127,311462
4376,EV00351,133,592967
4376,EV01563,157,78059
4376,EV01316,166,340955
4376,EV00512,179,277331
4377,EV01635,126,4088479
4377,EV00814,142,559182
4377,EV01651,150,114463
4377,EV01545,161,10857
4378,EV01313,60,803696
4378,EV01343,95,144263
4378,EV00563,100,8725
4378,EV00717,109,23190
4378,EV00387,124,382759
4378,EV00850,124,141561
4378,EV00608,144,1941052
4378,EV01059,195,67976
4379,EV00453,158,1041713
4379,EV00979,167,224892
4379,EV00700,169,487972
4379,EV00373,177,20829
4380,EV00475,60,2105549
4380,EV00908,149,246396
4380,EV00223,246,13561032
4381,EV00976,87,1928278
4381,EV01429,135,103757
4381,EV00250,212,1472796
4381,EV00198,253,29674207
4383,EV01020,102,563455
4383,EV01117,120,164162
4383,EV00545,129,250050
4383,EV00599,154,3331342
4383,EV00313,245,32211692
4383,EV00203,255,1888033
4384,EV01415,72,1493162
4384,EV00545,106,190924
4384,EV00321,112,152770
4384,EV00465,124,115097
4384,EV00475,147,1786186
4384,EV00140,288,661720
4385,EV00938,126,82195
4385,EV00035,210,4685417
4385,EV00159,217,5336110
4386,EV00445,97,79256
4386,EV00821,134,130346
4387,EV00751,80,13432
4387,EV00719,118,70510
4387,EV01143,141,223413
4387,EV01551,176,23422
4387,EV00600,184,40985
4388,EV00419,95,180204
4388,EV01106,139,1526863
4388,EV01638,151,293361
4388,EV01009,157,424403
4388,EV00354,161,364994
4388,EV00191,237,1961530
4389,EV01044,128,147600
4389,EV00152,247,12252452
4389,EV01962,357,2928851
4390,EV01535,60,837892
4390,EV00532,91,453313
4390,EV00807,132,374147
4390,EV01138,139,98002
4390,EV01594,159,138675
4390,EV00975,186,361719
4390,EV01867,358,9951717
4391,EV00476,79,99304
4391,EV01526,142,97761
4391,EV00363,154,42406
4392,EV00915,109,90375
4392,EV00940,146,577482
4392,EV00799,152,84867
4392,EV01041,163,430498
4393,EV01305,80,621148
4393,EV00491,117,109561
4393,EV01313,167,2289056
4395,EV00512,125,312046
4396,EV00039,223,3187870
4397,EV01757,94,86350
4397,EV01326,158,318741
4397,EV00714,159,123966
4398,EV00555,165,279137
4398,EV01050,211,58014
4399,EV00792,113,86224
4399,EV00738,130,361319
4399,EV01340,135,119030
4399,EV00738,145,93997
4399,EV01764,187,1839576
4400,EV00751,97,14466
4400,EV01014,157,34771
4401,EV01144,104,267419
4401,EV00246,246,10247429
4402,EV01473,98,334230
4402,EV01764,120,156296
4402,EV01414,145,16037
4402,EV00381,153,356993
4402,EV00476,166,150285
4402,EV00211,291,8705665
4403,EV00938,136,71839
4403,EV00883,147,131858
4403,EV01319,186,162366
4403,EV00863,200,298693
4404,EV01025,123,10053263
4404,EV00526,125,789516
4404,EV00651,141,390897
4405,EV01119,150,142909
4405,EV01277,177,60151
4405,EV00116,236,6705680
4406,EV01351,159,30853
4406,EV01701,173,36762
4407,EV01519,153,97066
4407,EV01401,169,1312187
4407,EV01524,178,92629
4407,EV01448,183,327607
4407,EV00154,215,34623346
4407,EV00222,220,1067783
4408,EV01932,31,107237
4408,EV01644,93,2556143
4408,EV00465,139,209346
4408,EV01505,140,276778
4408,EV01115,162,1309222
4408,EV01568,175,1619384
4408,EV00259,214,15959867
4409,EV00534,106,292875
4409,EV01120,130,215295
4409,EV00384,151,240781
4409,EV01424,168,1010882
4409,EV00858,188,369746
4410,EV00863,100,359175
4411,EV01218,84,851815
4411,EV01503,138,592448
4411,EV00216,220,952479
4411,EV00130,298,4047219
4412,EV00716,131,645006
4412,EV01548,148,81796
4413,EV01760,109,22961
4413,EV00983,120,184518
4413,EV01109,121,255367
4413,EV01263,125,330360
4413,EV00498,135,205352
4413,EV01141,199,234170
4414,EV01613,108,51284
4414,EV01791,108,26188
4414,EV00373,129,20159
4414,EV01008,161,1916318
4414,EV00966,173,2798272
4414,EV00842,202,102601
4414,EV00226,285,1046877
4415,EV01633,196,34260
4416,EV00435,100,201142
4416,EV01274,108,17586
4416,EV01568,133,1320689
4416,EV01103,145,64630
4416,EV00184,250,9757617
4417,EV00943,128,576908
4417,EV01742,176,516335
4417,EV00779,179,152072
4417,EV00258,231,16853417
4418,EV00712,80,47755
4418,EV01747,126,184781
4418,EV01327,142,107088
4418,EV01129,189,864111
4418,EV00676,193,2261982
4418,EV00288,248,1107662
4418,EV00043,272,27713385
4418,EV00202,281,780153
4419,EV00641,148,1471825
4419,EV00385,181,77305
4419,EV01757,195,52981
4420,EV01419,127,1197631
4420,EV01030,146,466786
4420,EV00225,263,808337
4421,EV00867,90,377119
4421,EV01799,121,708868
4421,EV00175,250,5919265
4422,EV00616,98,140389
4422,EV00647,116,1863906
4422,EV01747,143,130066
4422,EV00449,148,343389
4422,EV00242,257,114351091
4423,EV01917,23,4411826
4423,EV01492,162,707191
4424,EV01375,96,170821
4424,EV00326,139,85575
4424,EV01199,140,603025
4424,EV00982,157,2151040
4424,EV01134,158,91872
4424,EV01453,164,1376841
4424,EV01566,169,93098
4424,EV00158,264,1237179
4425,EV01451,118,228263
4425,EV00815,193,1093331
4426,EV01760,108,12243
4426,EV01846,365,360119
4427,EV01589,122,609803
4427,EV01485,141,60618
4427,EV01505,212,333067
4428,EV01164,101,518343
4428,EV01130,104,87438
4428,EV01345,138,78109
4428,EV01792,143,1095124
4428,EV00081,210,2293007
4429,EV00748,131,46993
4429,EV01333,136,49413
4429,EV01786,152,1628680
4429,EV01298,218,419774
4430,EV00922,117,1056540
4430,EV01249,135,1772422
4431,EV01088,131,122885
4431,EV00082,252,1744334
4432,EV00699,87,96571
4432,EV00420,140,504389
4432,EV00691,153,94721
4432,EV01618,189,12651
4433,EV00759,91,304169
4433,EV01421,197,72420
4434,EV00560,80,371174
4434,EV01014,124,12149
4434,EV00116,259,2958896
4435,EV01327,136,129396
4435,EV01341,136,75269
4435,EV00326,199,118114
4435,EV00130,271,2610579
4436,EV01499,101,706385
4436,EV00599,175,1060475
4437,EV00438,73,183478
4437,EV01766,104,469309
4437,EV00821,144,140491
4437,EV00472,158,77355
4438,EV00358,133,505222
4438,EV00336,137,53663
4438,EV00562,139,67450
4438,EV00344,150,1171964
4438,EV00405,159,117998
4438,EV00021,266,854895
4439,EV00738,100,124956
4439,EV00535,136,48584
4439,EV01994,340,1918035
4440,EV01258,60,22978
4440,EV00082,272,4411406
4441,EV01429,106,221673
4441,EV01485,138,91115
4441,EV00185,247,13918346
4442,EV01529,63,122884
4442,EV01085,118,775508
4442,EV01180,154,124756
4442,EV01764,154,544019
4442,EV01444,161,274825
4442,EV00188,221,4437821
4443,EV00939,82,2060557
4443,EV00665,155,34383
4443,EV00715,159,240140
4443,EV01485,178,89352
4444,EV01604,150,1018407
4444,EV00267,230,32838290
4444,EV00274,253,51778674
4445,EV00596,76,863131
4445,EV01624,120,1440853
4445,EV01625,138,551001
4445,EV00703,175,87638
4445,EV00151,239,10489997
4446,EV01630,136,3812135
4446,EV00768,147,232824
4446,EV01693,154,105261
4447,EV01846,16,889927
4449,EV00890,116,33782
4449,EV01444,184,329207
4449,EV00443,197,36855
4450,EV00604,89,596716
4450,EV01590,105,19074
4450,EV01367,131,1596117
4450,EV01422,150,58296
4450,EV01641,161,220573
4450,EV01256,164,2666703
4450,EV01201,170,57280
4451,EV01913,28,924139
4451,EV00515,157,605362
4451,EV00288,197,624736
4451,EV00316,267,8622612
4452,EV00807,82,183916
4452,EV01769,134,262521
4452,EV01049,147,499585
4453,EV01752,209,45661
4454,EV01149,134,379242
4455,EV01410,72,371055
4455,EV00627,114,158820
4455,EV01784,127,67142
4455,EV00692,131,422081
4455,EV01439,188,153806
4455,EV00112,274,1038528
4456,EV01693,145,67724
4456,EV01594,155,55042
4456,EV00959,158,1328301
4456,EV01316,213,640688
4457,EV01578,155,60016
4457,EV00503,177,50822
4457,EV01535,180,129012
4458,EV00435,99,233640
4458,EV01752,112,14928
4458,EV01223,142,577495
4459,EV00566,89,78270
4459,EV01751,89,285644
4459,EV00519,101,25293
4459,EV01445,109,4709637
4459,EV01235,112,141091
4459,EV01326,133,166277
4459,EV01167,142,74271
4459,EV01778,156,168458
4459,EV00093,271,536093
4459,EV00175,275,5658770
4460,EV01357,116,778114
4460,EV00731,122,1509118
4461,EV00700,133,263848
4461,EV01009,175,324767
4461,EV00010,295,10944248
4462,EV00515,153,690206
4462,EV01164,188,1203360
4463,EV00897,97,1582120
4463,EV01468,130,55822
4463,EV01751,142,329615
4463,EV00631,166,91368
4464,EV01242,100,37780
4464,EV00751,134,30383
4464,EV00831,141,311895
4464,EV00476,150,241524
4465,EV01693,60,191174
4465,EV00960,133,255200
4465,EV00796,216,31971
4465,EV00255,245,3120554
4465,EV00037,286,4681471
4466,EV01621,106,300372
4467,EV01530,107,205565
4467,EV00776,127,963749
4467,EV01634,144,271228
4467,EV01076,152,15594
4467,EV00264,196,2095678
4467,EV00940,197,222536
4468,EV00580,94,56133
4468,EV00463,99,71833
4468,EV01033,121,446123
4468,EV01229,155,828874
4468,EV01589,188,559786
4468,EV00682,209,51412
4468,EV01910,357,2452890
4469,EV01796,157,441085
4469,EV00867,163,380731
4470,EV00489,93,198494
4471,EV01158,114,116577
4471,EV01448,150,160596
4471,EV00544,173,37327
4471,EV00403,197,400771
4472,EV01672,140,136889
4472,EV00831,162,662317
4472,EV01345,176,76367
4472,EV00001,243,1561717
4473,EV01873,42,882452
4473,EV01141,151,44741
4473,EV00731,159,1129980
4474,EV00928,110,103305
4474,EV00928,111,38452
4474,EV00896,134,239902
4474,EV00584,214,183152
4475,EV00970,129,243665
4475,EV01516,156,1426535
4475,EV00941,180,38408
4475,EV01001,193,26339
4476,EV00628,136,104326
4477,EV00815,138,1299654
4477,EV00649,151,8291012
4477,EV01526,156,154558
4477,EV00512,164,245397
4478,EV01116,60,33644
4478,EV01718,181,532343
4479,EV01492,124,337697
4479,EV01842,351,265534
4480,EV01766,101,358073
4480,EV01004,103,124322
4480,EV00857,111,945442
4480,EV01496,120,720734
4480,EV00661,150,302774
4480,EV01657,150,659846
4480,EV00329,153,231288
4480,EV01487,182,64695
4480,EV00504,184,260737
4480,EV00428,196,718236
4480,EV01216,200,361139
4480,EV00030,266,11658055
4480,EV01952,351,620039
4481,EV01887,41,5873502
4481,EV00935,98,3064217
4481,EV00376,103,39871
4481,EV00595,125,48924
4481,EV00714,144,107116
4481,EV00975,176,244530
4481,EV01044,185,181075
4482,EV01373,94,115208
4482,EV01449,137,68946
4482,EV00742,145,309606
4482,EV01545,164,32539
4483,EV01029,80,90574
4483,EV01044,129,32162
4483,EV00565,147,37709
4483,EV01747,161,327126
4483,EV00306,193,39115508
4484,EV01304,101,102797
4484,EV00734,115,45444
4484,EV01162,130,108912
4484,EV01251,141,74416
4484,EV01570,151,130346
4484,EV00451,152,112328
4484,EV00815,154,2020738
4485,EV00393,130,408443
4485,EV00535,134,66933
4485,EV00908,153,316078
4486,EV00358,93,119944
4486,EV01237,104,33125
4486,EV00827,125,4702122
4487,EV00566,128,132237
4487,EV01618,133,16754
4488,EV01414,154,41678
4488,EV00628,165,124592
4489,EV00914,71,61528
4489,EV00396,144,242431
4489,EV01076,179,110988
4489,EV00030,219,4556356
4490,EV01570,185,142001
4490,EV00712,187,68059
4491,EV00682,70,39031
4491,EV01795,100,89888
4491,EV00819,111,80172
4491,EV01609,159,56190
4491,EV00732,168,2101188
4491,EV01198,179,129687
4491,EV00068,213,7461204
4491,EV00027,277,15744605
4492,EV00720,126,59223
4492,EV00964,189,285254
4492,EV00003,259,1350229
4493,EV01453,97,1279874
4493,EV01663,121,274392
4493,EV01170,122,1403523
4493,EV01533,128,95405
4493,EV01006,154,165283
4493,EV00631,240,166928
4494,EV00754,90,174223
4495,EV00485,128,1261758
4495,EV01131,181,33098
4495,EV01471,190,138407
4496,EV01858,8,1118869
4496,EV01638,150,416500
4496,EV00809,178,262094
4496,EV00007,230,16640866
4497,EV01693,103,197718
4497,EV00971,149,1205906
4497,EV00431,180,97563
4497,EV00447,183,383832
4498,EV01707,119,721004
4498,EV01641,125,243313
4498,EV01465,138,117276
4498,EV01641,151,103852
4498,EV01518,154,160359
4498,EV00194,220,43410275
4499,EV01701,84,55758
4499,EV01180,128,71561
4499,EV00393,185,243111
4499,EV01717,208,65030
4499,EV01886,337,701932
4501,EV01836,29,474199
4502,EV00507,105,1028907
4502,EV00361,124,110523
4503,EV01757,88,40887
4503,EV00370,89,1440957
4503,EV00559,161,17322
4503,EV00092,278,97995940
4504,EV01350,145,182734
4504,EV01613,151,11985
4504,EV01201,178,45548
4504,EV01360,182,502913
4505,EV01405,78,967281
4505,EV01559,136,272607
4505,EV01131,148,6297
4505,EV01104,149,732158
4505,EV01499,166,474025
4505,EV00896,208,77309
4505,EV00032,217,12956180
4505,EV00111,238,601111
4506,EV01345,90,78449
4506,EV00803,143,210635
4506,EV01181,143,67785
4506,EV01717,180,32557
4507,EV01693,146,239487
4507,EV01100,158,80576
4507,EV01346,178,52360
4508,EV00712,104,79707
4508,EV01526,125,50390
4508,EV00754,138,646176
4508,EV01228,167,29471
4509,EV00614,161,580943
4510,EV01170,142,2636787
4511,EV01385,60,43354
4511,EV01051,101,1578152
4511,EV01267,123,598979
4511,EV01811,212,35481
4512,EV01701,109,22107
4512,EV00592,125,231679
4512,EV01319,143,138542
4512,EV00397,150,269484
4512,EV00648,156,17744
4512,EV00450,208,1042803
4513,EV00679,114,274726
4513,EV01385,149,38707
4513,EV01088,152,56311
4514,EV01343,122,292314
4514,EV01177,157,200045
4514,EV00174,287,3498820
4515,EV01734,86,880103
4515,EV01310,122,36171
4515,EV00631,159,144219
4515,EV00120,244,8830801
4515,EV00253,244,5192455
4516,EV00672,95,119452
4516,EV00658,110,845125
4516,EV01211,152,122456
4516,EV01770,165,173500
4517,EV00882,112,1439900
4517,EV00711,132,298574
4517,EV01067,133,151567
4517,EV01650,138,516987
4517,EV01527,163,5324253
4517,EV00595,171,290736
4518,EV01404,140,251448
4518,EV01673,146,419634
4518,EV01222,149,2373832
4518,EV00672,183,69470
4519,EV01715,134,521984
4519,EV00626,162,120588
4519,EV00079,250,1629707
4520,EV00731,159,1525426
4520,EV01365,169,250223
4521,EV01135,203,1585684
4522,EV00871,91,265917
4522,EV00303,213,1853231
4523,EV00574,96,647922
4523,EV01017,106,519320
4523,EV01743,143,397637
4523,EV00699,144,118166
4523,EV00754,152,442769
4523,EV00790,153,121487
4523,EV01001,170,40895
4524,EV01399,160,471224
4524,EV01465,206,116850
4525,EV00383,126,46538
4525,EV01202,137,87569
4525,EV01608,147,181751
4525,EV00862,159,131157
4525,EV01520,174,904325
4525,EV01180,180,153236
4525,EV00574,192,629005
4525,EV00249,282,1481643
4526,EV01504,162,2066848
4526,EV00259,236,22194911
4526,EV00020,247,856348
4527,EV01128,68,5983
4527,EV00711,161,137759
4528,EV00717,92,30449
4528,EV00479,110,169350
4528,EV01249,133,657410
4528,EV00538,172,200879
4529,EV01435,107,56576
4529,EV01500,108,77357
4529,EV01274,165,31747
4530,EV00840,139,167476
4530,EV00946,140,94362
4530,EV01424,142,1336086
4530,EV00549,169,471626
4530,EV00326,179,60889
4530,EV00300,215,8471315
4530,EV00122,216,39072736
4531,EV00682,96,94131
4531,EV01467,101,3198004
4531,EV01126,147,59194
4531,EV01385,159,24331
4531,EV01518,183,431465
4533,EV01965,39,2095337
4533,EV01427,93,333632
4533,EV01465,104,196875
4533,EV00896,121,163479
4533,EV01228,159,41773
4534,EV01548,135,79275
4534,EV00879,188,308386
4534,EV01310,202,31863
4534,EV00277,281,8839852
4535,EV00879,68,460423
4535,EV01088,95,64515
4535,EV00499,120,32250
4536,EV01778,115,67463
4536,EV01744,129,55136
4536,EV00790,157,82659
4537,EV01254,149,1261752
4537,EV01180,166,97094
4538,EV00060,222,370489
4539,EV01068,102,300020
4539,EV00827,114,2871790
4539,EV01701,145,19568
4539,EV00045,231,8804911
4540,EV01164,122,1552051
4540,EV01384,125,50698
4540,EV01427,177,214549
4540,EV01636,181,440575
4540,EV01006,219,107640
4541,EV01778,142,84432
4542,EV01205,133,466927
4542,EV00370,147,1015602
4542,EV01545,153,36965
4542,EV00476,207,92840
4543,EV01408,90,100440
4543,EV01595,97,369338
4543,EV00981,117,45701
4543,EV01615,121,385392
4543,EV00981,143,108348
4544,EV01793,106,17520
4544,EV01274,109,35426
4544,EV01048,149,957338
4544,EV00997,151,16303
4544,EV01274,154,35966
4545,EV00786,203,119472
4546,EV01288,148,256202
4546,EV01141,166,114904
4546,EV01394,173,2789875
4547,EV00056,249,8235542
4547,EV00026,260,1955828
4548,EV00554,69,1640266
4548,EV01750,86,15648121
4548,EV01469,102,1605367
4548,EV00367,110,3383505
4548,EV01591,141,190534
4549,EV00793,91,156869
4549,EV01375,139,92914
4549,EV00709,141,70755
4550,EV01062,65,178288
4550,EV00725,129,1461117
4550,EV00164,230,20280611
4551,EV01729,124,1079477
4551,EV01591,145,375035
4551,EV00956,156,76544
4551,EV01067,174,122735
4551,EV00783,179,84516
4551,EV01391,195,2034087
4551,EV00089,255,1153528
4552,EV01230,94,120992
4552,EV01436,126,5659321
4552,EV00704,166,10583221
4553,EV00574,68,1124596
4553,EV01767,118,3306178
4553,EV00714,165,251852
4553,EV00636,177,138533
4554,EV01044,97,41468
4554,EV01621,139,367359
4554,EV00074,233,16163754
4554,EV00140,258,914578
4555,EV00791,84,396874
4555,EV01206,107,2661558
4555,EV00657,129,75442
4555,EV01368,161,286408
4556,EV01009,82,433216
4556,EV00424,143,451920
4556,EV01990,355,821162
4557,EV00604,127,116612
4557,EV00124,297,22711506
4558,EV01012,164,184354
4558,EV01365,164,145437
4559,EV01468,88,23364
4559,EV01659,131,239566
4559,EV01808,179,216739
4559,EV00135,240,6550307
4560,EV01571,99,272169
4561,EV00412,60,63642
4561,EV00879,125,518208
4561,EV00212,290,20652578
4563,EV01613,106,9999
4563,EV00595,123,75626
4563,EV00989,152,153876
4563,EV00214,282,19854974
4564,EV01574,136,1022269
4564,EV01634,206,58973
4565,EV01292,60,1380793
4565,EV01545,125,27998
4565,EV00479,149,67058
4565,EV00547,173,248401
4565,EV00275,242,5620437
4566,EV00709,60,80660
4566,EV01764,75,805459
4566,EV01734,99,697734
4566,EV01067,134,60306
4566,EV01272,159,386975
4566,EV00123,230,10935131
4567,EV01126,120,50744
4567,EV01136,162,1206850
4567,EV01524,163,185945
4568,EV00988,89,64913
4568,EV00443,116,181061
4568,EV01408,158,42303
4568,EV00875,165,2303221
4568,EV00845,181,226827
4568,EV00951,184,1243437
4568,EV01189,196,301198
4568,EV00533,226,1149810
4569,EV01398,91,219322
4569,EV01259,151,500988
4569,EV01230,161,82049
4569,EV00026,222,2340821
4569,EV00074,295,18096488
4570,EV00712,130,117886
4571,EV01454,122,650634
4571,EV00848,123,11883
4571,EV00696,212,551145
4571,EV00002,252,9061927
4572,EV01658,114,379465
4572,EV01012,148,312087
4572,EV01076,168,87838
4573,EV01895,40,1683101
4573,EV00597,98,20398
4573,EV00742,122,852205
4573,EV00615,219,1247507
4574,EV01778,61,71033
4574,EV01365,73,234567
4574,EV00337,115,358896
4574,EV01100,127,34304
4574,EV01659,136,190125
4574,EV00560,190,225303
4574,EV00288,265,2605393
4575,EV00641,84,2129056
4575,EV00863,107,158722
4575,EV01244,123,250737
4576,EV00850,85,141492
4576,EV01505,114,396609
4576,EV01475,162,2217098
4576,EV01127,165,308048
4577,EV01063,77,660863
4577,EV01143,116,319617
4577,EV00704,151,7416398
4577,EV01040,180,75501
4577,EV02000,362,2359305
4578,EV01180,79,61112
4578,EV00761,139,830772
4578,EV01158,152,115768
4578,EV01211,153,125440
4578,EV00908,179,482401
4579,EV01970,21,3665499
4579,EV00634,71,277077
4579,EV01041,128,257424
4579,EV01143,139,136309
4579,EV01600,148,232490
4579,EV01447,163,172486
4579,EV01692,171,331383
4579,EV00044,262,21278547
4579,EV00093,268,1807604
4580,EV00999,172,2626144
4580,EV01464,173,13584
4581,EV01503,70,598398
4581,EV01471,128,325949
4581,EV00950,154,150588
4581,EV00534,163,132975
4581,EV01049,169,236968
4581,EV00489,189,223357
4581,EV01459,198,2157417
4582,EV00871,153,511962
4582,EV00184,256,29658398
4583,EV01580,100,144561
4583,EV00887,135,64433
4583,EV00327,185,237426
4584,EV00548,72,60393
4584,EV00711,80,340021
4584,EV00960,127,512070
4584,EV01519,132,230057
4584,EV00039,250,2208977
4585,EV00670,107,304352
4585,EV01473,117,175691
4585,EV01033,148,669300
4585,EV00612,175,12684
4586,EV00751,128,18093
4586,EV00152,235,36940042
4587,EV01310,111,51579
4587,EV01576,123,1658347
4587,EV01207,127,938860
4587,EV00565,142,31093
4587,EV01533,169,209983
4587,EV00271,268,8615774
4588,EV00983,116,396297
4589,EV01273,130,237200
4589,EV01551,140,31269
4589,EV01814,201,126013
4589,EV00140,233,964429
4590,EV00347,161,239625
4591,EV01356,141,336549
4591,EV00820,153,1297209
4591,EV01600,154,155618
4591,EV01368,200,557435
4591,EV00140,297,569706
4592,EV00901,173,314136
4592,EV00110,277,20940782
4593,EV00399,134,249823
4593,EV00391,168,80327
4594,EV01102,149,1385885
4594,EV00824,175,311952
4594,EV00097,214,27071790
4594,EV00222,253,3123139
4595,EV01243,111,24776
4595,EV01385,128,142861
4595,EV01554,130,22403041
4595,EV01565,148,595336
4595,EV00039,217,2710692
4596,EV01346,109,50211
4596,EV00370,158,2691963
4596,EV00462,161,2431218
4596,EV00026,241,1864204
4597,EV00385,164,75309
4597,EV01659,178,183280
4598,EV00990,185,2288602
4599,EV00612,125,55455
4599,EV01814,134,186047
4599,EV00712,152,344843
4599,EV01551,158,21863
4599,EV00412,159,310289
4599,EV00793,160,85510
4600,EV01299,76,5121069
4600,EV00603,109,209676
4600,EV01277,161,140627
4600,EV01673,169,316721
4600,EV00288,254,624932
4601,EV00691,83,430340
4601,EV00607,91,89538
4601,EV00990,127,617804
4601,EV00246,229,9297643
4601,EV00026,256,1910645
4602,EV01790,97,3289152
4602,EV00328,102,154553
4602,EV00707,111,1046563
4602,EV01038,153,1721174
4602,EV00206,274,669586
4602,EV00112,278,3908253
4603,EV01187,112,96834
4603,EV00773,162,620567
4603,EV01075,164,27589
4603,EV00344,173,1287519
4604,EV00561,156,148597
4604,EV01520,174,1004731
4605,EV01019,125,532563
4605,EV00941,129,30461
4605,EV00458,157,7715039
4605,EV00368,164,28974
4606,EV00831,119,294552
4606,EV01025,159,11503850
4606,EV00002,241,15186222
4607,EV00698,60,219317
4607,EV00381,74,349511
4607,EV00361,104,157079
4607,EV00773,111,764258
4607,EV01600,142,185177
4607,EV01012,193,89666
4607,EV00162,263,44430269
4608,EV01975,23,597056
4608,EV00670,60,221209
4608,EV00628,113,74579
4608,EV01088,114,168444
4608,EV00816,127,121280
4608,EV01054,129,223184
4608,EV01487,161,26092
4608,EV00202,262,3396549
4609,EV01464,99,31190
4609,EV00370,103,1541486
4609,EV00950,141,937002
4609,EV01121,147,494713
4609,EV01673,151,278659
4609,EV01427,224,131941
4610,EV01591,65,165939
4610,EV01238,100,136116
4610,EV00788,110,91407
4610,EV00574,141,559434
4610,EV01014,155,39961
4610,EV00225,246,2558064
4611,EV01548,110,112745
4611,EV01029,118,56045
4611,EV01792,137,584608
4611,EV01072,138,601164
4611,EV00365,150,161350
4611,EV01408,183,44191
4612,EV00363,98,51611
4612,EV00404,131,52837
4612,EV00512,144,441409
4612,EV00711,165,452858
4612,EV00405,168,25071
4613,EV01398,108,599738
4613,EV01675,129,18455
4613,EV01700,136,6013385
4613,EV01487,174,45507
4613,EV01292,177,929622
4613,EV00037,215,4947217
4613,EV00128,334,32485396
4613,EV01846,347,639799
4614,EV01211,89,29851
4614,EV00528,92,162536
4614,EV01154,128,1401061
4614,EV00566,130,107837
4614,EV01138,137,51502
4614,EV00779,143,171937
4615,EV01550,109,911768
4615,EV01296,126,157908
4615,EV01656,135,125053
4615,EV01789,143,13939
4615,EV00602,194,95211
4616,EV01784,104,25295
4616,EV01555,108,1859665
4616,EV01787,121,177930
4616,EV00866,146,433507
4617,EV01472,114,390881
4617,EV01449,133,61140
4617,EV01240,161,670245
4617,EV01808,178,209893
4617,EV00026,259,1180509
4618,EV00679,144,254288
4618,EV01283,153,122614
4619,EV01226,60,32726
4619,EV00560,84,221292
4619,EV01621,106,365446
4619,EV00868,167,324989
4620,EV00781,90,704990
4620,EV01385,128,47689
4620,EV01033,130,991142
4620,EV00786,176,134613
4620,EV01772,191,9909
4621,EV00620,130,826753
4621,EV00938,131,35627
4621,EV01062,174,272257
4622,EV00579,96,353478
4622,EV00712,131,97427
4622,EV01321,204,73165
4622,EV01726,206,873332
4623,EV01195,118,2107261
4623,EV01434,126,149346
4623,EV01230,136,146919
4623,EV00404,153,190599
4623,EV01382,167,68753
4623,EV00206,192,621865
4624,EV01326,105,501270
4624,EV00960,109,437822
4624,EV01473,152,248399
4624,EV01012,162,386958
4625,EV00973,90,285056
4625,EV01534,128,2439949
4625,EV01770,128,169098
4625,EV00786,131,25966
4625,EV01349,133,39488
4626,EV00938,87,75688
4626,EV01238,123,350033
4626,EV01158,164,199990
4626,EV01537,185,601686
4626,EV00262,253,12998783
4626,EV00028,287,16351333
4627,EV01743,128,927747
4627,EV01210,148,146589
4627,EV00391,162,25572
4627,EV01133,175,31973
4627,EV00267,230,20735868
4628,EV01346,166,40891
4628,EV00665,168,66078
4628,EV00520,194,1624233
4628,EV01808,202,205908
4628,EV00021,236,715442
4629,EV01558,83,349807
4629,EV00590,129,21931
4629,EV00801,143,2730378
4629,EV01117,163,289765
4629,EV01694,187,22941
4630,EV00810,84,283547
4630,EV01619,124,828665
4630,EV01351,173,13868
4630,EV00225,228,1164401
4630,EV00149,264,2263036
4631,EV01614,78,1213496
4631,EV01346,134,35935
4631,EV01134,141,172177
4631,EV00237,237,59676885
4632,EV01575,89,28626
4632,EV00509,193,172279
4632,EV00748,200,72837
4632,EV00096,252,363450
4632,EV01878,357,2728166
4633,EV00997,94,18075
4633,EV00539,108,784046
4633,EV01100,180,17604
4633,EV01052,181,41097
4633,EV01778,211,113276
4633,EV00247,237,1619177
4634,EV01100,145,55214
4634,EV00557,147,170201
4634,EV00703,183,90918
4634,EV00074,202,55099759
4634,EV00076,226,3659609
4635,EV01591,147,198206
4635,EV00882,151,977399
4635,EV01590,170,114600
4635,EV00651,174,260618
4635,EV00149,272,3095242
4636,EV01848,11,3215614
4636,EV01875,41,3570071
4636,EV01158,102,298828
4636,EV00351,160,395529
4636,EV01251,170,122691
4636,EV00356,175,436445
4637,EV00499,94,36432
4637,EV00356,144,255481
4637,EV00681,162,61228
4638,EV01627,116,68163
4638,EV00693,166,465825
4638,EV00099,292,6706092
4639,EV01760,101,45216
4639,EV01414,117,10175
4640,EV01291,72,274531
4640,EV00416,81,2009780
4640,EV01208,81,68460
4640,EV01000,106,12160
4640,EV00556,117,1477782
4640,EV00680,147,1214576
4641,EV01131,81,51373
4641,EV00472,108,41431
4641,EV01543,139,4037442
4641,EV00510,141,255246
4641,EV00717,146,31828
4641,EV00859,154,3021099
4641,EV01699,161,189106
4641,EV01717,173,64618
4641,EV00184,211,11407098
4641,EV00092,291,68220362
4642,EV01255,194,329547
4643,EV00941,97,18496
4644,EV01390,143,1327810
4644,EV01781,158,420131
4644,EV01365,166,126248
4644,EV00655,168,183988
4644,EV01345,172,57682
4644,EV01719,224,3034595
4645,EV01565,144,1305789
4646,EV01806,154,89379
4646,EV01605,158,98865
4648,EV01427,67,128223
4648,EV01708,144,687186
4648,EV01510,151,2018335
4648,EV01459,158,1000229
4650,EV01695,84,1193149
4650,EV01417,133,624745
4650,EV00641,172,2651088
4650,EV00096,258,647598
4651,EV01691,122,2383952
4651,EV00591,123,963654
4651,EV01329,162,98687
4652,EV01967,30,783225
4652,EV01837,45,1185716
4652,EV00503,165,65576
4653,EV00651,149,242974
4654,EV00368,63,55163
4654,EV01017,147,97020
4654,EV00420,158,472816
4654,EV01747,167,293457
4654,EV01761,190,852148
4655,EV01746,106,837223
4655,EV01141,166,50749
4655,EV00720,167,50257
4655,EV01526,217,58150
4656,EV00897,121,650567
4656,EV00819,166,72708
4657,EV01810,113,41084
4657,EV00112,262,2922673
4658,EV00809,105,185991
4658,EV00714,140,202461
4658,EV01248,157,74425
4658,EV01787,172,259720
4658,EV00476,178,76775
4658,EV01961,357,2243576
4659,EV00329,163,93510
4659,EV00432,175,233227
4659,EV00093,252,1132642
4660,EV00959,131,359162
4660,EV00001,231,2493940
4660,EV00281,243,1340330
4661,EV01551,89,155114
4661,EV01451,155,131308
4662,EV01281,130,463703
4662,EV01450,131,2524121
4662,EV00595,132,133022
4662,EV01634,190,299365
4662,EV00099,286,14822875
4663,EV01997,40,3551246
4663,EV01474,132,2231317
4663,EV01570,139,27517
4663,EV01813,176,2453150
4663,EV01017,224,263015
4663,EV00045,260,4616268
4665,EV01075,87,24610
4665,EV00837,107,25624
4665,EV01180,108,85193
4665,EV01382,151,107146
4665,EV00255,250,3956889
4666,EV00595,147,134125
4667,EV01379,116,41565
4667,EV00161,272,2411192
4668,EV01847,44,1349171
4668,EV00857,92,1069828
4668,EV01633,118,97175
4668,EV00969,159,44093
4668,EV00316,221,23098665
4668,EV00078,320,5818426
4668,EV00078,334,8144577
4669,EV00432,83,473099
4669,EV00909,108,205793
4669,EV01506,132,7827969
4669,EV00768,173,238042
4670,EV00954,181,196769
4670,EV01757,205,44608
4670,EV01571,212,854074
4671,EV01379,113,15215
4671,EV01593,136,1474846
4671,EV00422,141,3860259
4671,EV01532,164,699264
4671,EV00385,166,75872
4671,EV00122,213,66535033
4672,EV00860,112,565839
4672,EV00597,159,16768
4673,EV00623,80,304295
4673,EV00647,149,406241
4673,EV00954,165,87944
4674,EV01903,13,4050018
4674,EV00422,108,4080900
4674,EV00382,131,35970
4674,EV00483,135,1639854
4674,EV01671,135,219184
4674,EV01311,203,710005
4674,EV00231,223,10945257
4674,EV00253,298,4753026
4675,EV01806,141,134331
4675,EV01590,164,54138
4675,EV01413,168,604297
4675,EV00129,256,80044509
4676,EV01172,118,269200
4676,EV00009,266,29553940
4677,EV00896,182,60596
4677,EV00124,303,28237261
4678,EV01358,88,316540
4678,EV01275,125,414119
4678,EV01076,138,75046
4678,EV00485,153,484439
4678,EV00642,154,439035
4678,EV00703,154,106828
4678,EV00743,186,39498
4678,EV01255,191,1363105
4678,EV00099,217,15758797
4679,EV00677,106,973826
4679,EV01176,107,1094553
4680,EV00686,139,803066
4680,EV01043,141,282905
4680,EV00821,159,78154
4680,EV00028,226,15466080
4681,EV01551,81,25591
4681,EV00693,102,1557552
4682,EV01408,100,38740
4682,EV00821,111,206827
4682,EV01747,124,180850
4682,EV01591,143,375076
4682,EV00648,211,59731
4682,EV01075,222,21924
4683,EV01167,64,205308
4683,EV01417,83,769391
4683,EV00940,105,761266
4683,EV01262,116,63415
4683,EV01354,126,1783216
4683,EV00387,174,823472
4683,EV01780,187,40131
4683,EV00074,224,37275312
4684,EV01836,17,364536
4684,EV00744,139,351264
4684,EV00917,197,562037
4684,EV00254,242,50112728
4684,EV01823,362,904058
4685,EV00862,139,538373
4685,EV00651,150,443216
4685,EV00638,161,58676
4685,EV01552,169,288289
4685,EV00056,267,26785334
4686,EV01206,84,2013947
4686,EV01164,114,2212233
4686,EV00655,120,233434
4686,EV00847,154,57211
4687,EV01274,144,17992
4687,EV00191,240,1506989
4688,EV01709,146,413357
4688,EV00981,158,79326
4689,EV01085,102,724628
4689,EV00393,108,316051
4689,EV00592,111,67525
4689,EV01130,126,65443
4689,EV00940,130,838893
4689,EV01073,222,154607
4690,EV00714,113,89108
4690,EV01051,117,111175
4690,EV01065,122,649489
4690,EV01518,122,574417
4690,EV00674,145,77756
4690,EV01746,146,2378507
4690,EV00419,150,265628
4690,EV00116,255,6908467
4691,EV00543,90,261922
4691,EV01345,95,61855
4691,EV00413,129,112260
4691,EV01414,173,25868
4691,EV00760,191,83809
4691,EV00246,289,12856433
4692,EV01180,141,92478
4692,EV01486,172,780197
4693,EV01599,119,74448
4693,EV01421,127,36709
4693,EV00288,262,478102
4694,EV00997,93,6991
4694,EV00946,118,113787
4694,EV00786,149,56007
4694,EV01580,171,48495
4694,EV01537,175,481502
4694,EV00717,182,58090
4694,EV00225,243,2852223
4694,EV00222,263,952979
4695,EV00227,280,38269998
4696,EV01905,37,1462660
4696,EV01158,124,174748
4696,EV00565,126,59553
4696,EV00767,128,19738
4696,EV01147,133,141065
4696,EV01675,162,52976
4696,EV01285,176,427067
4696,EV01360,219,476966
4696,EV00180,334,2419492
4697,EV00749,114,234993
4697,EV00904,149,501150
4697,EV00600,158,36111
4697,EV00751,165,23259
4697,EV00535,175,49428
4697,EV00168,279,1802489
4698,EV00729,60,133405
4698,EV01327,124,115592
4698,EV00540,153,84250
4698,EV00878,160,947084
4698,EV00112,222,4511780
4699,EV00431,136,98006
4699,EV00395,138,145189
4699,EV01238,147,229109
4700,EV01580,88,29707
4700,EV00460,124,912697
4700,EV01225,135,498370
4700,EV01451,138,104355
4700,EV00594,143,55561
4701,EV00799,80,188880
4701,EV01495,128,139516
4701,EV00831,136,349723
4701,EV01103,179,65016
4701,EV00225,234,2242683
4701,EV00079,241,1972681
4702,EV01346,71,21169
4702,EV01039,118,32336
4702,EV00648,155,42761
4702,EV01669,166,297771
4703,EV00691,96,303586
4703,EV01122,124,1163624
4703,EV01766,177,321373
4704,EV01634,120,197496
4704,EV01578,144,63544
4704,EV00990,145,871201
4704,EV00940,203,804732
4705,EV01700,63,3118838
4705,EV01383,85,338727
4705,EV01815,111,296446
4705,EV00594,152,70231
4705,EV01190,155,977254
4706,EV01345,134,93711
4706,EV01580,167,74409
4706,EV00141,244,27632047
4707,EV01442,128,870720
4707,EV00714,185,101163
4707,EV00799,187,93529
4708,EV01303,136,195820
4709,EV00761,164,540304
4709,EV00049,269,59417184
4710,EV00385,60,89649
4710,EV01464,116,54249
4710,EV01744,152,56162
4710,EV01180,161,69974
4711,EV00826,117,2413478
4711,EV01514,130,760571
4711,EV01130,146,67251
4711,EV00915,156,185799
4711,EV01734,169,933238
4711,EV00151,262,33816454
4712,EV01653,121,59366
4712,EV01237,134,17870
4712,EV00779,138,138971
4712,EV00879,185,288568
4712,EV00883,191,72504
4713,EV00749,60,269042
4713,EV01063,153,309497
4713,EV00720,168,56885
4714,EV00537,135,11712
4714,EV00898,143,136192
4715,EV00558,75,548730
4715,EV01688,147,45397
4715,EV01032,203,191006
4715,EV00209,232,103803036
4716,EV01270,174,270989
4717,EV01333,121,111470
4717,EV00416,134,977510
4717,EV01306,138,43871
4717,EV01141,181,51255
4717,EV01513,221,602308
4718,EV00637,91,201135
4718,EV00457,96,168905
4718,EV00560,129,577599
4718,EV00489,149,77751
4718,EV00011,248,26006225
4719,EV01936,12,1960073
4719,EV00604,173,610981
4719,EV00200,276,83329517
4720,EV00395,86,47908
4721,EV00476,88,212774
4721,EV01213,91,1707389
4721,EV00820,124,2825681
4721,EV00130,274,3269442
4722,EV01040,123,97073
4722,EV00960,131,356507
4722,EV00017,225,945860
4723,EV00843,152,98133
4723,EV01154,153,2318793
4723,EV00140,278,486444
4724,EV01809,90,970629
4724,EV00939,140,429465
4724,EV01154,161,1592672
4725,EV00955,132,4745640
4725,EV00213,272,32862324
4726,EV00694,131,876640
4726,EV01073,139,538218
4726,EV01815,162,218193
4727,EV00328,137,1832695
4727,EV00003,243,2297819
4728,EV01799,102,3368237
4728,EV01346,116,108021
4728,EV01778,126,39490
4728,EV00799,131,41186
4728,EV01431,131,969159
4728,EV01758,173,77147
4728,EV00869,176,286889
4729,EV01317,70,71245
4729,EV00662,129,150938
4729,EV01534,173,4650895
4730,EV01211,95,49269
4730,EV01416,140,984997
4730,EV00997,152,35035
4731,EV01772,78,29512
4731,EV00882,100,1493483
4731,EV00699,117,79436
4731,EV01285,133,397844
4731,EV00049,261,44728660
4732,EV00877,63,1320506
4732,EV00805,88,194893
4732,EV00856,129,2489819
4732,EV01181,184,45884
4733,EV00336,124,31985
4733,EV01138,131,103866
4733,EV00516,161,665255
4734,EV01649,152,289068
4734,EV01698,152,313541
4734,EV01598,172,432017
4734,EV00638,180,516543
4735,EV00366,134,683390
4735,EV00093,269,2310305
4736,EV00812,117,707967
4736,EV00655,138,252794
4736,EV01137,171,36841
4737,EV01008,145,1094296
4737,EV01756,178,99832
4737,EV00203,291,2923794
4737,EV00030,294,9390456
4738,EV00703,118,18773
4738,EV01065,121,989243
4738,EV00939,122,1657966
4738,EV00496,145,85592
4738,EV00414,146,193472
4738,EV01131,161,15577
4739,EV01533,137,104833
4739,EV00039,248,1071813
4740,EV00384,109,498937
4740,EV01230,113,89201
4740,EV00717,122,22817
4740,EV00816,131,109945
4740,EV01251,136,203968
4740,EV01045,206,3478394
4740,EV00115,271,794436
4741,EV00376,106,48312
4741,EV01081,119,98592
4741,EV01141,173,65303
4742,EV01060,127,44947
4742,EV01578,160,93857
4742,EV01725,162,947220
4742,EV00718,188,18542
4742,EV01158,196,113546
4742,EV00187,254,118597769
4743,EV01134,60,116510
4743,EV01351,133,13570
4743,EV00574,135,682811
4743,EV00593,153,809351
4743,EV01444,163,495680
4743,EV00500,181,102661
4743,EV01558,188,242202
4744,EV00709,141,137755
4745,EV01575,85,16216
4745,EV00278,253,20171520
4746,EV00543,136,153683
4747,EV00823,99,2107192
4747,EV01274,169,29176
4748,EV01691,102,646873
4748,EV00718,105,32330
4748,EV00665,145,48422
4748,EV00111,235,386325
4749,EV01550,217,881864
4749,EV00009,297,23041867
4750,EV01693,230,111999
4750,EV00078,236,6139456
4751,EV00936,134,1169007
4751,EV00884,149,202990
4751,EV00547,165,60227
4751,EV00039,255,868141
4752,EV01064,131,2312552
4752,EV00718,194,64719
4753,EV01220,60,1098437
4753,EV00866,93,207521
4753,EV01551,117,11086
4753,EV01136,130,1183334
4754,EV01685,108,41113
4754,EV00714,132,193510
4754,EV01469,153,1382629
4754,EV01788,160,99789
4754,EV00435,162,293670
4754,EV01423,167,40704
4755,EV00725,138,1510250
4755,EV00191,227,2818334
4755,EV00194,246,13619345
4755,EV00073,283,16006401
4756,EV00709,163,99614
4756,EV00723,172,22646
4757,EV00206,213,1189781
4757,EV00115,251,1215051
4757,EV00001,272,167955
4758,EV00789,112,708295
4758,EV00351,148,287772
4758,EV01484,156,1168324
4758,EV00289,250,6444098
4759,EV01452,80,456162
4759,EV01373,97,254051
4759,EV00836,117,993331
4759,EV01135,124,1139195
4760,EV00383,60,44541
4760,EV01365,98,202563
4760,EV01641,116,175896
4760,EV01537,125,350980
4760,EV01633,126,105002
4760,EV00223,268,19693943
4761,EV00346,65,317984
4761,EV01703,139,67436
4761,EV01221,150,50048
4761,EV01213,165,1266312
4761,EV01272,207,67849
4761,EV00301,281,780742
4762,EV00715,140,278637
4762,EV01109,157,239573
4762,EV01487,197,53593
4764,EV00769,70,653972
4764,EV00479,174,72015
4764,EV00126,211,5142334
4765,EV01784,164,56512
4765,EV01134,192,99630
4766,EV01141,95,109543
4766,EV01469,113,1133447
4766,EV00792,117,58095
4766,EV00386,121,115798
4766,EV01321,128,175313
4766,EV00871,135,953216
4766,EV00251,246,15884613
4767,EV00961,146,123097
4767,EV00848,158,13537
4767,EV01752,166,33842
4767,EV01202,205,88219
4768,EV00640,76,1168774
4768,EV00385,111,64541
4768,EV00623,144,154788
4768,EV00161,275,2904459
4769,EV01637,103,1879268
4769,EV00564,128,1255649
4769,EV00950,130,270243
4769,EV00641,133,1618418
4769,EV00409,205,10775694
4769,EV00270,268,4709101
4770,EV01513,116,660865
4770,EV00499,120,16738
4770,EV01435,122,34320
4770,EV01234,154,381174
4770,EV00168,290,1314364
4771,EV01389,149,29775
4772,EV01365,97,100958
4772,EV00350,131,69717
4772,EV00457,137,97856
4772,EV01017,150,507588
4772,EV00476,166,164950
4772,EV01527,188,2045546
4772,EV01108,219,110942
4773,EV01974,18,604071
4773,EV00621,124,56931
4773,EV00967,172,83256
4773,EV01085,192,1051271
4774,EV01768,99,701512
4774,EV01046,104,145393
4774,EV00699,144,79872
4774,EV00541,158,89960
4775,EV00233,208,16731309
4775,EV00047,248,39370368
4776,EV00961,75,53033
4776,EV01564,116,2137302
4776,EV01608,118,65463
4776,EV00703,135,62361
4776,EV00664,141,817432
4776,EV00887,143,80165
4776,EV01770,195,174060
4776,EV01165,206,524444
4777,EV00790,93,84698
4777,EV01509,106,72675
4777,EV01484,119,469512
4777,EV00806,149,757325
4777,EV01769,179,103675
4777,EV00271,269,2414456
4778,EV00869,74,481368
4778,EV01579,146,3076701
4778,EV01012,147,237169
4778,EV00897,156,490081
4778,EV00561,175,273057
4778,EV01533,177,213721
4778,EV00895,209,188526
4778,EV00225,253,1154717
4779,EV00539,121,1321462
4779,EV00557,130,137808
4779,EV00126,281,1192928
4780,EV01923,39,435224
4780,EV00435,70,594813
4780,EV01677,146,203710
4780,EV00841,147,43785
4780,EV01221,185,73495
4780,EV00017,224,2156709
4781,EV00631,123,72283
4781,EV01396,140,553930
4781,EV00479,180,114895
4781,EV01009,185,363341
4781,EV00055,273,25897062
4782,EV01041,118,228014
4782,EV01242,132,120929
4782,EV00953,152,71888
4782,EV00312,278,4956453
4783,EV00570,97,1118069
4783,EV01628,99,32786
4783,EV00390,123,2182901
4784,EV01215,74,48292
4784,EV01534,96,1087010
4784,EV01665,113,442361
4784,EV01575,114,35748
4784,EV01657,168,606115
4785,EV01740,116,932858
4785,EV00466,123,58512
4785,EV01274,138,22886
4785,EV01427,156,173911
4785,EV01475,161,1271327
4785,EV01770,166,215944
4785,EV01142,183,87738
4786,EV01392,60,312334
4786,EV00873,96,705656
4786,EV01324,140,2207814
4786,EV01551,146,22941
4786,EV01116,166,19140
4787,EV00676,80,1414468
4787,EV01375,102,84579
4787,EV01551,106,45908
4787,EV00460,139,1190971
4788,EV01199,114,1104181
4788,EV00392,135,718085
4788,EV00355,139,238238
4788,EV00509,148,113247
4789,EV01484,156,742541
4789,EV00790,157,34804
4790,EV01414,99,11498
4790,EV00457,124,62762
4790,EV01246,144,711750
4790,EV01752,181,79985
4790,EV00293,289,13844653
4791,EV00812,95,1966058
4791,EV00336,161,54777
4791,EV00420,186,452378
4791,EV01221,209,76272
4792,EV01743,84,1569267
4792,EV01474,153,980748
4792,EV00046,243,6215319
4793,EV01154,165,1290559
4794,EV01835,37,1493112
4794,EV00051,298,5847257
4795,EV00896,160,142786
4795,EV00496,172,102378
4795,EV00017,264,857230
4795,EV00260,281,14906887
4796,EV01063,118,687555
4796,EV01533,134,107644
4796,EV00555,150,154318
4796,EV00833,174,237330
4796,EV00001,283,1584081
4797,EV01595,77,134501
4797,EV00510,112,572256
4797,EV00636,127,142896
4797,EV00326,145,108454
4798,EV01231,80,96250
4798,EV00416,97,1015818
4798,EV01629,101,465605
4798,EV00803,136,234145
4798,EV00584,140,66622
4799,EV00870,96,3167760
4799,EV00278,261,26644972
4800,EV01684,113,27217
4800,EV00761,138,846173
4800,EV00348,143,416684
4800,EV01511,189,123589
4800,EV00850,195,111085
4800,EV01613,213,9333
4801,EV01395,87,15713
4801,EV01378,91,183445
4801,EV01429,134,157640
4801,EV01036,171,978251
4801,EV00914,185,258597
4802,EV00522,142,216536
4802,EV00366,194,843439
4803,EV00854,127,196814
4803,EV01745,136,57785
4803,EV01416,154,1701949
4803,EV00236,237,19133333
4804,EV00499,60,30166
4804,EV01346,136,32189
4804,EV00559,145,45975
4804,EV00937,171,108301
4804,EV00312,210,4410575
4805,EV01027,134,166698
4805,EV01641,142,165019
4805,EV01590,177,109560
4805,EV00078,283,5740815
4806,EV00380,103,432922
4806,EV01183,126,147367
4806,EV01591,129,97701
4806,EV00744,154,566316
4806,EV00316,221,30490262
4806,EV00251,284,21678470
4806,EV00225,293,5152673
4807,EV01895,44,6661024
4807,EV01120,122,83081
4807,EV01781,138,431472
4808,EV01947,42,680929
4808,EV01330,105,64929
4808,EV00445,117,105662
4808,EV00211,275,30284755
4809,EV01270,95,345508
4809,EV01795,112,176005
4809,EV00835,120,999455
4810,EV01719,99,828022
4810,EV01073,148,420673
4810,EV00373,181,19433
4810,EV00191,223,1590900
4811,EV00326,147,221777
4811,EV00387,150,1309466
4811,EV00698,169,104693
4812,EV00826,99,2503347
4812,EV00510,188,797725
4812,EV00288,228,850535
4813,EV01584,141,8117633
4813,EV01645,165,170575
4814,EV00457,143,167491
4814,EV00712,171,341152
4814,EV00101,244,18306917
4815,EV00791,88,664916
4815,EV00339,103,299731
4815,EV01403,119,639328
4815,EV00648,123,64930
4815,EV01205,133,716641
4815,EV01058,174,49564
4815,EV00238,290,39082766
4816,EV00657,136,367985
4816,EV01303,136,228304
4816,EV01567,186,3674390
4817,EV01545,75,11780
4817,EV00579,128,92098
4817,EV01273,132,121323
4817,EV00809,169,80972
4818,EV01101,110,2527214
4818,EV01023,121,213418
4819,EV00773,71,346340
4819,EV01727,111,27070
4819,EV01778,132,66261
4819,EV00509,147,170068
4819,EV01438,151,148131
4819,EV01803,160,37999
4819,EV01518,184,493685
4820,EV01590,62,102593
4820,EV00534,135,447008
4820,EV01138,144,134022
4820,EV01103,171,99842
4820,EV01351,175,67663
4820,EV01374,187,314925
4820,EV00158,260,2703742
4821,EV01798,121,232106
4821,EV01381,158,167351
4821,EV00900,159,2140790
4821,EV00231,241,3954155
4822,EV00848,117,22131
4822,EV00075,221,67538986
4822,EV00272,267,27266820
4823,EV01761,93,1582065
4823,EV01076,155,89185
4823,EV01610,168,182262
4824,EV00936,139,379672
4824,EV01512,139,2154614
4824,EV00895,155,219389
4824,EV01675,189,7950
4824,EV00146,219,19628918
4825,EV01701,120,36012
4825,EV01054,142,230310
4825,EV01596,174,1565800
4825,EV00168,232,2022047
4826,EV01524,77,70005
4826,EV01180,111,151798
4826,EV01074,128,366412
4826,EV00483,182,687847
4826,EV01164,185,1098481
4826,EV00089,254,1196955
4827,EV01808,107,58520
4827,EV00843,112,22204
4827,EV00512,133,367886
4827,EV00530,141,135525
4827,EV00288,275,1227657
4828,EV01059,108,52120
4828,EV01760,131,23869
4828,EV01180,139,143539
4828,EV00548,144,78013
4828,EV01545,157,17434
4828,EV01090,177,99494
4828,EV01753,181,91909
4828,EV01537,214,106703
4828,EV00216,238,1016048
4829,EV01844,39,3853670
4829,EV01141,91,41633
4829,EV00944,128,612174
4830,EV01297,102,41245
4830,EV00747,120,148078
4830,EV00412,139,385736
4830,EV00712,156,265535
4830,EV00569,200,252138
4830,EV00225,221,1105754
4831,EV00831,92,198167
4831,EV01294,102,7030303
4831,EV00896,151,267406
4831,EV00118,269,7711622
4832,EV01693,131,194264
4832,EV01703,146,67520
4832,EV00917,172,456241
4833,EV00427,83,44704
4833,EV00406,116,179383
4833,EV01124,122,976614
4833,EV01761,148,1851561
4833,EV01641,162,192966
4833,EV00873,173,674256
4834,EV01718,113,712992
4834,EV00767,141,33783
4834,EV01453,182,1799107
4834,EV00060,230,1814730
4834,EV00115,265,733649
4835,EV01018,172,1283233
4835,EV01148,205,525678
4835,EV00151,235,33851704
4836,EV00427,135,80210
4836,EV01126,135,77703
4837,EV01778,82,48758
4837,EV01667,150,1016139
4837,EV00754,166,236102
4837,EV00707,218,303814
4837,EV00302,226,84610078
4838,EV01548,60,136572
4838,EV01435,89,18647
4838,EV01649,144,308153
4838,EV01088,154,114518
4838,EV00288,244,514226
4839,EV00419,99,135423
4839,EV00651,102,316830
4840,EV00716,122,990629
4840,EV01039,130,56828
4840,EV00715,154,193179
4840,EV01116,162,23732
4840,EV01746,165,3530878
4840,EV00128,229,55976628
4840,EV00074,251,21465497
4841,EV00989,195,103086
4842,EV00749,75,722482
4842,EV00939,172,2022213
4842,EV01316,178,235266
4843,EV00451,99,229953
4843,EV01817,136,318454
4843,EV01422,183,34502
4843,EV00120,205,10246509
4843,EV00385,219,112403
4844,EV00358,185,141728
4844,EV01202,188,116876
4845,EV01346,138,60770
4846,EV00767,98,51957
4846,EV01051,154,549955
4846,EV01634,155,276978
4847,EV00559,69,24062
4847,EV01414,111,19556
4847,EV01518,118,696129
4847,EV01718,183,270312
4847,EV00221,229,24197928
4847,EV00225,272,6075562
4848,EV00453,60,1136614
4848,EV00365,114,506083
4848,EV00913,139,11012302
4848,EV00954,172,77080
4849,EV00964,80,157506
4849,EV00566,139,175302
4849,EV01679,142,313907
4849,EV01649,164,320361
4849,EV00026,259,3598797
4850,EV01575,87,24013
4850,EV01718,134,982179
4850,EV00413,143,159488
4850,EV01813,143,1448709
4850,EV01670,168,397464
4851,EV01510,111,2372421
4851,EV01385,164,38154
4852,EV00611,102,160780
4852,EV00427,155,48503
4853,EV01901,43,199747
4853,EV01078,117,761675
4853,EV01142,164,93438
4853,EV00079,261,354859
4853,EV00046,269,3109195
4854,EV00954,85,65649
4855,EV00831,147,447004
4855,EV01404,149,355655
4856,EV01996,25,4489264
4856,EV01414,132,9046
4856,EV01590,164,48854
4858,EV01110,71,118321
4858,EV01328,107,113349
4858,EV01662,190,121950
4859,EV00325,85,189590
4859,EV00896,109,233240
4860,EV00938,102,20278
4860,EV01676,151,1695271
4861,EV01166,108,203981
4861,EV01544,222,581901
4861,EV01274,232,24756
4861,EV01727,240,49254
4861,EV00039,264,2131758
4862,EV01170,175,799537
4863,EV01262,132,63802
4863,EV01228,141,99462
4864,EV01627,98,64705
4864,EV01093,141,1822610
4864,EV01693,160,85842
4865,EV01580,106,94803
4865,EV01216,131,818138
4865,EV01760,132,12331
4865,EV00146,227,8401593
4865,EV00249,234,1909387
4866,EV01085,177,759506
4866,EV00503,183,222353
4866,EV00057,243,10396489
4866,EV00186,246,51355846
4866,EV00112,247,2757052
4867,EV01600,181,147568
4868,EV01591,75,259300
4868,EV01499,181,898854
4869,EV00970,122,164977
4869,EV00767,132,5139
4869,EV00547,153,209575
4869,EV01505,179,195437
4869,EV00326,196,120360
4869,EV00250,259,1542086
4870,EV00623,62,172869
4870,EV01427,95,68403
4871,EV00522,85,661032
4871,EV01072,165,894060
4871,EV00372,186,190030
4872,EV00358,163,458737
4873,EV01591,122,126028
4873,EV01266,147,390670
4873,EV00039,282,3086793
4874,EV01274,162,40580
4874,EV00249,263,770057
4874,EV01978,331,4121149
4875,EV01148,128,356925
4875,EV01806,131,90188
4875,EV01701,135,7572
4875,EV00129,251,43796342
4876,EV00884,127,595603
4876,EV00328,141,514673
4876,EV00967,149,45804
4876,EV01322,152,67170
4876,EV00207,241,8652676
4877,EV01729,62,1437260
4877,EV00806,150,2333986
4877,EV00478,163,40862
4877,EV01288,185,233454
4878,EV00441,132,20570
4878,EV01217,165,304168
4878,EV00281,234,5383808
4879,EV00432,134,737164
4879,EV01447,156,91417
4879,EV00473,193,1197436
4880,EV01693,149,107690
4880,EV00792,193,89567
4881,EV00614,111,658904
4881,EV00803,114,68117
4881,EV01033,126,526196
4881,EV01230,126,131027
4881,EV00565,145,124900
4881,EV00515,175,193089
4882,EV01962,28,1228769
4882,EV01416,105,515760
4882,EV00839,158,66628
4882,EV01804,160,67179
4882,EV00225,299,2749643
4883,EV00810,109,589933
4883,EV00761,123,962274
4883,EV01177,132,242224
4883,EV01580,165,57797
4885,EV00541,118,91440
4885,EV00952,135,402687
4885,EV01492,140,612635
4885,EV00382,181,16084
4885,EV00083,286,6075862
4886,EV01780,161,48907
4886,EV00947,175,38056
4888,EV01619,117,1970501
4888,EV01787,124,111361
4888,EV00075,239,10876321
4889,EV00939,140,512791
4889,EV01650,152,149829
4889,EV00987,218,2593221
4890,EV01551,136,46361
4890,EV00206,236,778203
4890,EV00125,263,23285803
4890,EV00022,279,47517834
4891,EV01233,65,1109438
4891,EV01930,92,300437
4891,EV01467,145,1566337
4891,EV01028,150,884209
4892,EV01433,83,5833
4892,EV01085,101,1074559
4892,EV00720,166,135652
4892,EV00044,250,2742223
4893,EV01244,78,238475
4893,EV01813,114,1801933
4893,EV01758,178,29665
4894,EV00440,87,1473567
4894,EV01550,148,728156
4894,EV01360,154,319287
4894,EV01243,156,21614
4894,EV00382,163,13007
4894,EV01261,187,43489
4895,EV00638,179,148631
4896,EV01758,76,34348
4896,EV00816,119,149824
4896,EV00773,153,467339
4896,EV01081,161,174493
4896,EV01891,342,1620166
4897,EV01022,87,644339
4897,EV01233,160,1519176
4897,EV00941,192,18703
4898,EV00595,131,110747
4898,EV00712,164,212692
4898,EV00992,198,148329
4898,EV00030,243,8861852
4898,EV00201,251,35357177
4899,EV00013,268,6085147
4900,EV00918,79,1501130
4900,EV01158,126,387351
4900,EV01653,130,90076
4900,EV00726,136,471014
4900,EV01197,151,140377
4900,EV00691,169,252716
4900,EV00781,211,1125161
4900,EV00130,251,3390185
4901,EV00972,76,2785333
4901,EV00747,88,130995
4901,EV01104,118,598876
4901,EV01784,118,23285
4901,EV01087,160,21870
4901,EV01492,189,890926
4901,EV00185,268,13204945
4902,EV00848,130,32893
4902,EV01343,134,128890
4902,EV00881,165,304397
4902,EV01159,193,763788
4902,EV01395,240,18723
4902,EV00008,265,22276204
4903,EV00618,142,337722
4903,EV00115,281,3083406
4904,EV01310,115,15460
4904,EV01133,127,88098
4904,EV00838,141,976112
4904,EV00953,182,56362
4904,EV01704,210,9320788
4904,EV00191,218,50545
4905,EV01997,1,1048284
4905,EV00861,118,112017
4905,EV01221,171,77416
4905,EV01408,191,41690
4906,EV00412,90,354930
4906,EV01814,127,111147
4906,EV00579,154,314013
4906,EV01248,191,164269
4906,EV01609,194,41720
4906,EV00177,300,9039767
4907,EV01310,110,77426
4907,EV01348,149,702879
4907,EV01792,171,1356045
4907,EV00126,233,2817605
4908,EV01707,107,488964
4908,EV01158,156,131041
4908,EV01720,158,997835
4908,EV00067,310,106643879
4909,EV01694,85,173643
4909,EV01100,95,43947
4909,EV01647,168,939626
4909,EV00275,238,2430598
4910,EV01581,185,347890
4910,EV00701,200,2368127
4910,EV00222,228,2341239
4910,EV00213,238,15806498
4911,EV01473,131,132261
4911,EV00655,176,277425
4911,EV00684,213,230303
4911,EV00037,252,1972754
4912,EV00350,164,94021
4913,EV01339,112,935489
4913,EV00361,129,261045
4913,EV01199,139,917082
4913,EV01362,158,57226
4913,EV00722,179,18458
4913,EV01346,180,95668
4914,EV00435,71,393335
4914,EV01778,144,36454
4914,EV01426,168,3540824
4915,EV01815,96,158446
4915,EV00416,168,1601504
4916,EV00472,119,66694
4916,EV01202,157,56551
4916,EV01099,164,568819
4916,EV01473,191,335635
4917,EV00684,116,221610
4918,EV01841,32,361654
4918,EV00712,71,279188
4918,EV01404,167,323599
4919,EV01610,146,260164
4919,EV01700,158,2470998
4920,EV00587,128,573142
4920,EV01141,130,84868
4920,EV01020,131,951036
4920,EV01158,138,246219
4920,EV01651,216,158704
4920,EV00146,237,11281027
4921,EV00651,103,276368
4921,EV00709,129,63270
4922,EV00711,88,607130
4922,EV00888,192,1884887
4922,EV00113,211,1918753
4922,EV00261,271,14983338
4923,EV00536,107,111235
4923,EV00725,135,1170131
4923,EV01566,156,92464
4923,EV00868,161,137030
4923,EV01404,182,894381
4924,EV01839,53,1549719
4924,EV01631,141,129932
4924,EV01634,159,41810
4924,EV00050,245,32019528
4925,EV01368,129,429068
4926,EV01044,100,82633
4926,EV01183,118,84223
4926,EV01622,139,40742
4927,EV01634,79,414034
4927,EV00666,152,130666
4928,EV00946,107,176173
4929,EV01462,126,7836656
4929,EV00253,232,2810929
4930,EV00164,250,4247404
4930,EV00303,257,2298674
4931,EV01693,121,102343
4931,EV00334,122,157916
4931,EV00819,125,161568
4931,EV01432,214,448719
4932,EV00579,97,110579
4932,EV00814,120,790099
4932,EV01202,130,49467
4932,EV00325,159,37043
4932,EV00510,160,664243
4932,EV01158,163,249918
4932,EV00944,183,1823915
4933,EV00372,188,280855
4933,EV00076,221,7825971
4933,EV00126,249,1387012
4934,EV00862,79,191492
4934,EV01632,88,1713511
4934,EV00595,100,139775
4934,EV00789,116,117299
4934,EV01289,119,12880
4934,EV00877,156,676697
4934,EV00325,188,325905
4935,EV01432,100,1035387
4935,EV00805,153,185800
4935,EV00797,177,290972
4936,EV01642,132,1082010
4936,EV00039,215,838338
4936,EV00264,228,842820
4937,EV01083,76,3778318
4937,EV00577,101,11925
4937,EV00780,128,50676
4937,EV01571,138,781250
4937,EV01792,149,2254577
4937,EV01706,153,529526
4938,EV00399,114,102383
4938,EV01742,162,176821
4939,EV01173,141,63792
4939,EV00869,145,227749
4939,EV01383,155,601423
4939,EV00773,157,300313
4940,EV01292,91,2116743
4940,EV01025,129,4524072
4940,EV01120,153,141578
4940,EV00565,163,33552
4940,EV00385,176,49297
4940,EV01436,228,2984471
4941,EV01717,153,141654
4942,EV01744,78,173768
4942,EV01137,113,55991
4942,EV01016,192,1404939
4942,EV01414,206,14892
4943,EV00544,117,62959
4943,EV00788,118,50803
4943,EV00528,186,141477
4943,EV00439,191,246951
4943,EV00334,203,271606
4944,EV01609,90,95845
4944,EV00358,102,273868
4944,EV01415,126,1117878
4944,EV00489,160,211528
4944,EV00348,196,795450
4944,EV00113,229,1046975
4944,EV01980,337,363549
4945,EV00363,128,40157
4945,EV00532,148,392141
4946,EV01249,72,617995
4946,EV01017,112,356085
4946,EV00720,150,43555
4947,EV01414,103,3538
4947,EV01044,124,77490
4947,EV00544,133,122679
4947,EV01623,152,55373
4947,EV01464,153,2814
4947,EV00198,297,22362310
4948,EV01758,102,30872
4948,EV00336,117,37513
4948,EV01650,143,547941
4948,EV01355,148,80981
4948,EV01782,148,3502484
4948,EV00964,161,252389
4949,EV01808,133,451854
4949,EV01492,138,729061
4949,EV01677,156,287493
4949,EV01650,159,450050
4949,EV00154,237,44041199
4949,EV00142,245,16155598
4950,EV01513,144,1248896
4950,EV01707,154,445227
4950,EV00586,175,47505
4951,EV01925,11,1691850
4951,EV01693,106,186812
4951,EV00359,128,1287697
4951,EV01720,173,507197
4951,EV00946,189,124253
4951,EV00003,224,2323739
4952,EV01273,101,190899
4952,EV00693,116,374407
4952,EV00547,146,101178
4953,EV01581,152,272287
4953,EV01635,170,2735251
4954,EV01702,214,57041
4955,EV00790,112,169772
4955,EV01383,181,1291061
4955,EV00767,210,11944
4955,EV00255,238,5562215
4956,EV01780,111,105048
4956,EV01693,112,139305
4956,EV00247,266,11917705
4956,EV00146,267,8100880
4957,EV01893,23,2833732
4957,EV01052,115,122100
4957,EV00884,175,403533
4959,EV00556,159,1622550
4960,EV00528,116,163923
4960,EV00571,144,1886059
4960,EV00862,156,200860
4960,EV01313,216,2314060
4960,EV00216,278,769366
4961,EV01391,90,1125611
4961,EV01276,103,78767
4962,EV01551,76,32354
4962,EV01175,126,29146
4962,EV01575,141,11553
4962,EV00776,183,827597
4963,EV01747,121,327122
4963,EV01093,133,2139821
4963,EV01961,352,2981825
4964,EV00465,129,222961
4964,EV00908,134,674304
4964,EV01341,143,135935
4964,EV00616,155,18622
4964,EV01461,172,1051028
4965,EV01687,151,1788944
4965,EV01651,238,375028
4966,EV01251,84,49689
4966,EV01124,127,432529
4967,EV00407,140,219528
4967,EV01413,153,188400
4967,EV01552,165,416787
4967,EV01617,173,23625
4968,EV00205,297,156471629
4969,EV01721,105,167371
4969,EV01244,134,184323
4970,EV01618,125,13949
4970,EV00013,274,6479239
4971,EV01039,116,29098
4971,EV01751,145,388789
4971,EV01605,152,249549
4971,EV01815,155,99443
4971,EV01183,159,148006
4972,EV01658,111,2674649
4972,EV00612,126,11367
4972,EV00589,132,1223541
4972,EV00225,261,2695294
4973,EV01783,133,213734
4973,EV00949,161,892171
4973,EV00383,163,50782
4973,EV00664,181,748139
4974,EV01250,140,44115
4974,EV01671,168,69978
4975,EV01435,175,37487
4975,EV00315,217,3684348
4976,EV00419,77,81903
4976,EV00631,101,205379
4976,EV00348,182,812624
4976,EV01634,184,189688
4976,EV00288,260,1023027
4977,EV01226,111,48295
4977,EV01810,151,70361
4977,EV00804,153,2104456
4977,EV00635,211,726223
4977,EV00104,299,5824982
4978,EV01933,41,668256
4978,EV01490,115,334796
4978,EV00847,123,18376
4978,EV01281,127,219886
4978,EV01605,146,349445
4978,EV00504,181,431684
4978,EV01505,207,262606
4978,EV00258,247,26537858
4978,EV00112,269,3253851
4978,EV00089,291,581856
4979,EV01874,17,504713
4979,EV01154,128,779546
4979,EV01634,172,401619
4979,EV00225,178,2115600
4979,EV00281,241,7338392
4980,EV01261,194,107166
4980,EV00207,215,12713644
4981,EV01435,128,38484
4981,EV00960,210,668365
4982,EV01938,39,724675
4982,EV00940,115,908412
4982,EV01498,129,99528
4982,EV01475,147,5084776
4982,EV00086,284,10627680
4983,EV00329,112,16401
4983,EV00989,159,268553
4983,EV00336,190,125414
4984,EV01051,109,629101
4984,EV00786,128,65240
4984,EV01289,190,29739
4984,EV00096,221,204423
4984,EV00001,237,2250024
4984,EV00093,264,1416962
4985,EV00967,99,65574
4985,EV01804,142,24585
4985,EV01284,150,542786
4985,EV00563,156,13119
4985,EV00191,242,936286
4985,EV00115,260,2832038
4986,EV00734,133,19654
4986,EV00496,142,111772
4986,EV00479,162,20537
4987,EV01903,39,3311785
4987,EV01731,115,1969304
4987,EV01578,154,70212
4987,EV00394,159,239522
4988,EV01173,90,16434
4988,EV00696,137,1423160
4988,EV00450,162,1394188
4988,EV00060,274,1146556
4989,EV00973,101,123134
4989,EV00890,145,41826
4989,EV01322,171,36435
4989,EV01273,179,93387
4990,EV00970,60,152026
4990,EV01717,60,37299
4990,EV01568,115,1678588
4990,EV00363,140,65717
4990,EV00369,159,201762
4990,EV00575,171,3891105
4990,EV00145,199,86617937
4991,EV00942,105,654190
4991,EV00413,163,159242
4991,EV01555,169,331319
4991,EV00329,180,381129
4992,EV01467,87,1046681
4992,EV00938,107,68214
4992,EV01292,111,1545749
4992,EV01111,119,115467
4992,EV01260,121,1494406
4992,EV00446,153,200726
4992,EV00725,187,1148647
4992,EV00027,237,36074097
4993,EV01423,123,87047
4993,EV01133,128,70299
4993,EV01814,153,83400
4993,EV01314,155,937416
4993,EV00992,162,228272
4993,EV00140,249,778928
4994,EV01129,121,175957
4995,EV01980,12,528681
4995,EV00786,75,167242
4995,EV00681,157,90624
4995,EV01067,180,38672
4995,EV00682,188,40435
4997,EV00918,64,1067759
4997,EV01562,113,1894297
4997,EV01039,119,150353
4997,EV00322,149,10310
4997,EV00153,288,14336407
4998,EV00709,121,87240
4998,EV01493,135,4450356
4998,EV00780,137,221372
4998,EV01760,157,21426
4999,EV00758,87,842999
4999,EV01693,117,146949
4999,EV01097,121,20729
4999,EV01464,122,35970
4999,EV01487,124,53792
4999,EV00975,134,233163
4999,EV01123,141,10888766
4999,EV00559,145,6063
4999,EV00443,174,58235
4999,EV01286,176,2215883
4999,EV00108,208,34836147
4999,EV00191,234,1434659
4999,EV00035,249,3400615
5000,EV00970,126,213262
5001,EV01050,101,56948
5001,EV01009,119,250712
5001,EV00496,154,105069
5001,EV01599,161,133981
5001,EV00536,186,32275
5001,EV00094,255,76584668
5002,EV01842,19,123270
5002,EV01572,89,40724
5002,EV00419,138,240304
5002,EV01575,220,35459
5003,EV01404,60,799722
5003,EV00586,123,325603
5003,EV00216,260,717386
5004,EV01367,108,423965
5004,EV00879,131,187214
5004,EV00976,148,3401425
5004,EV00516,198,1461921
5004,EV00008,271,1730275
5005,EV00827,77,2354958
5005,EV00574,134,647559
5005,EV01075,139,8590
5005,EV00272,201,54449703
5006,EV00957,170,349101
5006,EV01322,173,58467
5007,EV00982,119,1481810
5007,EV00372,129,336679
5007,EV00566,134,133529
5007,EV01111,136,50007
5007,EV01276,162,76980
5007,EV00984,163,526441
5007,EV01656,192,181391
5008,EV01752,112,45164
5008,EV00754,118,374255
5008,EV00255,223,2884218
5008,EV00039,254,1970541
5008,EV01846,348,624864
5009,EV00559,60,9377
5010,EV01060,134,30351
5010,EV01273,156,131846
5010,EV01378,190,200110
5010,EV01768,197,457129
5011,EV00769,85,627837
5011,EV01615,101,239573
5011,EV01571,127,770122
5011,EV00841,128,50349
5012,EV01798,132,390039
5012,EV01508,161,272986
5012,EV01443,187,3606784
5013,EV00471,76,2715739
5013,EV00982,127,4756687
5014,EV01343,64,261749
5014,EV00500,98,74129
5014,EV01235,134,180033
5014,EV00375,142,161134
5014,EV00727,142,113271
5014,EV01051,186,399541
5014,EV00076,273,5333236
5015,EV00386,60,258510
5015,EV01186,107,4472388
5015,EV01385,129,76207
5015,EV00354,148,354074
5016,EV00324,122,1586809
5016,EV00431,124,60468
5016,EV01273,135,196077
5016,EV00843,167,94665
5016,EV00026,178,2411606
5017,EV01131,152,59338
5017,EV01274,165,32860
5017,EV01759,165,39208
5017,EV00652,194,3748456
5017,EV01575,196,34678
5018,EV01250,90,18616
5018,EV01076,132,69473
5018,EV01238,149,106026
5018,EV01373,151,116500
5019,EV00655,115,166588
5019,EV01483,133,1194190
5019,EV00358,149,166426
5019,EV00403,205,399917
5021,EV00863,176,303484
5022,EV01457,143,161001
5022,EV00026,243,3346749
5023,EV00714,109,136320
5023,EV01796,152,264367
5023,EV00427,171,41054
5024,EV01090,150,128411
5024,EV01342,159,22584
5024,EV01310,171,33413
5024,EV01747,173,239313
5024,EV01764,182,941090
5025,EV01766,113,130574
5025,EV00897,135,702383
5026,EV01888,41,2391003
5026,EV01885,67,2548896
5026,EV01537,118,187460
5026,EV01578,126,45434
5026,EV00890,206,29017
5026,EV00221,225,10351046
5026,EV01895,365,5739700
5027,EV00412,101,493094
5027,EV01092,124,1194885
5027,EV01462,135,2543073
5027,EV00760,148,71827
5027,EV01682,186,1026494
5028,EV01962,3,1481462
5028,EV01373,118,198242
5028,EV01613,136,42185
5028,EV00786,147,38904
5028,EV00814,149,92630
5028,EV00368,224,42307
5029,EV01073,81,567347
5029,EV01485,131,48192
5029,EV01337,139,42356
5029,EV00710,163,1724307
5030,EV01930,4,473788
5030,EV00391,128,87089
5030,EV01303,161,375914
5030,EV00669,174,402377
5030,EV00064,197,32539315
5031,EV01780,140,60457
5031,EV01424,142,1090237
5031,EV01177,152,218495
5031,EV00881,167,1486558
5031,EV00989,175,290764
5031,EV01158,182,291280
5031,EV00233,237,25752836
5031,EV00179,280,45108309
5032,EV00682,90,43880
5032,EV01216,130,1155382
5032,EV01806,162,92151
5032,EV01052,180,25999
5033,EV01324,120,2216908
5033,EV00947,125,39511
5033,EV00620,148,1294214
5034,EV01932,40,704323
5034,EV00651,125,165205
5034,EV00002,261,11609228
5035,EV00073,300,14016633
5036,EV00684,144,228393
5036,EV01794,146,88726
5037,EV01158,93,72349
5037,EV01361,97,208572
5037,EV01162,125,107082
5037,EV01520,160,927756
5037,EV00545,163,984891
5038,EV01946,4,570975
5038,EV00685,114,686007
5038,EV01310,149,31234
5038,EV01204,170,180023
5038,EV00022,211,22296990
5038,EV00294,225,9857599
5039,EV01703,81,61829
5039,EV00799,102,61192
5039,EV00941,123,25489
5039,EV01487,133,30305
5039,EV00358,175,253512
5040,EV00614,84,728171
5040,EV01766,107,420999
5040,EV01485,135,50764
5040,EV00438,136,74649
5040,EV00043,271,28125333
5041,EV00717,118,70789
5041,EV00358,141,251018
5041,EV00399,142,188242
5041,EV00959,196,632097
5041,EV00216,286,429888
5042,EV01546,95,712404
5042,EV01052,136,25147
5043,EV01960,32,1284824
5043,EV00732,76,6605675
5044,EV00655,122,268113
5044,EV00395,127,485951
5044,EV01202,132,18680
5045,EV01039,102,28319
5045,EV00512,133,303338
5045,EV01079,134,125738
5045,EV00593,142,314689
5045,EV01464,163,45697
5045,EV01803,186,33571
5046,EV01672,103,16383
5046,EV01578,110,43275
5046,EV01778,114,86233
5046,EV01379,124,20403
5046,EV00841,151,69923
5046,EV00392,174,1275843
5046,EV00260,252,25915688
5047,EV01839,84,709990
5047,EV00571,199,386810
5047,EV00041,253,73854161
5048,EV01869,78,1898363
5049,EV01591,100,388200
5049,EV00564,121,1233219
5049,EV01186,121,2871310
5049,EV00867,130,368483
5049,EV00115,233,562768
5050,EV01673,102,804786
5050,EV01190,117,657452
5050,EV01809,145,1002988
5050,EV01250,149,4537
5050,EV01233,161,1565251
5050,EV01743,170,624060
5050,EV00093,182,1397076
5050,EV00562,183,157919
5051,EV01014,110,48937
5051,EV00396,202,155348
5052,EV01288,100,182106
5052,EV01605,138,362723
5052,EV00222,260,732693
5053,EV01681,123,97457
5053,EV00969,191,43992
5053,EV00903,202,396704
5053,EV00051,239,30957227
5054,EV00942,116,1610305
5054,EV01289,133,23132
5054,EV00246,198,6383455
5055,EV01273,161,183818
5055,EV01742,164,318735
5055,EV00032,241,17182478
5056,EV01928,35,8646933
5056,EV01424,96,2205110
5056,EV00424,142,664643
5056,EV00288,233,549081
5057,EV01464,70,35073
5057,EV00624,123,284652
5057,EV01091,157,10959
5057,EV01549,182,61865
5058,EV01216,72,467532
5058,EV01105,96,128491
5058,EV01661,119,390814
5058,EV01074,144,321954
5058,EV01526,144,68178
5058,EV00809,147,133406
5058,EV01806,168,55089
5058,EV00225,248,2227725
5059,EV00657,142,210091
5059,EV00837,151,42870
5059,EV01543,158,1715618
5059,EV01659,158,143789
5059,EV00751,186,22758
5059,EV01566,192,118081
5059,EV00073,222,9383834
5060,EV00376,112,13824
5060,EV01715,137,616148
5060,EV01779,152,148935
5060,EV01327,170,84528
5060,EV01068,172,465053
5061,EV00500,107,221585
5061,EV01379,150,50699
5061,EV00373,161,61604
5061,EV00890,165,34463
5061,EV00918,183,412873
5061,EV01818,183,298180
5061,EV00078,298,10562555
5062,EV00732,69,1672923
5062,EV00789,114,107229
5062,EV01734,126,349311
5062,EV00358,159,242526
5062,EV00401,214,1225072
5063,EV01733,118,797583
5063,EV00553,133,1952573
5063,EV00548,136,26897
5063,EV01158,165,291819
5063,EV00603,189,422360
5063,EV01620,201,62761
5064,EV01534,60,2361640
5064,EV01068,108,661620
5064,EV01274,154,17290
5065,EV01748,118,576743
5065,EV00895,186,201662
5065,EV01689,189,137555
5065,EV01695,193,719604
5066,EV00729,128,81412
5067,EV00972,95,3686218
5067,EV01758,129,46814
5067,EV00428,171,368018
5067,EV00078,239,12455704
5068,EV00483,105,830831
5068,EV01217,130,515831
5068,EV00560,156,344221
5068,EV00372,193,347540
5068,EV00731,201,802552
5068,EV00185,301,9693594
5069,EV01305,130,659000
5069,EV01520,136,858283
5069,EV01542,157,638969
5069,EV01605,166,135574
5069,EV00191,275,2501553
5070,EV00939,134,1150710
5070,EV01812,140,413122
5070,EV01518,171,670059
5071,EV01095,101,1441636
5071,EV01727,137,69167
5071,EV01292,160,409438
5072,EV00438,108,140808
5072,EV01591,145,327044
5072,EV00671,183,57652
5072,EV01444,190,205663
5073,EV01804,104,86957
5073,EV01042,108,1250304
5073,EV00541,136,114652
5073,EV01575,155,13070
5073,EV00760,165,97833
5073,EV00288,225,369444
5074,EV01115,112,1001550
5074,EV01748,122,488660
5074,EV00416,128,1074025
5074,EV01029,133,69405
5074,EV01422,175,43379
5074,EV01240,203,774973
5075,EV01238,148,222712
5076,EV00570,192,342480
5076,EV00271,259,9203202
5077,EV01747,99,76539
5077,EV01113,134,464883
5077,EV00981,174,189544
5078,EV00954,91,131183
5078,EV01745,110,46962
5078,EV01551,115,27654
5078,EV00030,247,6009202
5079,EV01105,83,113218
5079,EV00423,124,269131
5079,EV00498,136,226316
5079,EV01079,143,195697
5080,EV01768,172,529089
5080,EV00821,189,76862
5080,EV00449,194,394893
5081,EV01879,51,1180715
5081,EV01721,133,106704
5081,EV01464,160,54002
5081,EV00540,208,67260
5082,EV01869,45,1555291
5082,EV01158,76,91395
5082,EV01672,89,43530
5082,EV01621,113,240283
5082,EV01406,121,422310
5082,EV01702,145,42635
5082,EV01802,195,179758
5082,EV01524,200,461663
5082,EV00742,220,685874
5083,EV01599,126,21591
5083,EV00631,166,85066
5083,EV00159,267,10031365
5085,EV00575,148,4214908
5085,EV01355,152,212101
5085,EV01782,190,755996
5086,EV00742,149,994183
5086,EV01345,153,37903
5086,EV01045,154,3341346
5086,EV01079,195,208518
5086,EV00470,201,7189
5087,EV00703,109,105202
5088,EV01777,148,71573
5088,EV01165,210,187012
5089,EV00478,99,4857
5089,EV00377,135,727581
5089,EV00888,157,1678743
5089,EV01273,161,133907
5089,EV00128,251,46115864
5089,EV01979,361,657667
5090,EV01986,47,12495706
5090,EV01043,141,191084
5090,EV01060,175,22895
5090,EV01450,180,868473
5090,EV00253,206,4185673
5091,EV01208,87,12753
5091,EV00507,118,1098666
5091,EV00472,124,94319
5091,EV01531,144,17382
5091,EV00130,276,3327389
5092,EV01901,20,378897
5092,EV00719,121,58289
5093,EV01580,60,28207
5093,EV00448,105,494976
5093,EV01634,116,276909
5093,EV01105,126,80750
5093,EV01551,150,86728
5093,EV00720,152,115999
5093,EV01742,214,413077
5093,EV00260,313,20005868
5094,EV00735,155,404940
5094,EV01437,188,70649
5095,EV00783,138,32294
5095,EV01117,172,69917
5095,EV01451,211,247824
5095,EV00245,275,3829208
5096,EV00383,122,18797
5096,EV01115,124,459271
5096,EV01103,130,192203
5096,EV00938,135,42209
5096,EV01385,138,18591
5096,EV00803,146,340575
5096,EV00871,164,263462
5096,EV00361,186,65487
5096,EV00203,251,1443287
5097,EV01350,114,242724
5097,EV01487,164,46148
5097,EV01491,168,319196
5097,EV01761,202,1281370
5097,EV00226,217,1843436
5097,EV00062,271,12654116
5098,EV01273,134,118753
5098,EV01447,135,164383
5098,EV00750,144,302570
5098,EV01475,162,3583762
5098,EV01495,169,97031
5098,EV01228,186,34613
5098,EV00216,216,1045095
5098,EV00028,241,30530434
5098,EV00199,252,102367977
5098,EV00019,273,8884172
5099,EV01087,113,42549
5099,EV01165,122,555592
5099,EV00657,131,140522
5099,EV01326,152,252373
5100,EV00831,149,917601
5100,EV01803,158,62041
5100,EV00361,165,321299
5100,EV00740,175,4066771
5100,EV01432,183,456434
5100,EV00043,248,18131164
5101,EV01566,74,217719
5101,EV00486,92,106691
5101,EV01155,156,1893617
5101,EV01453,174,1078884
5102,EV00732,108,2770857
5102,EV01721,130,179355
5102,EV00565,140,80679
5102,EV01283,163,195669
5102,EV01216,165,575502
5103,EV01120,83,706490
5103,EV01777,136,103002
5103,EV01367,157,3135567
5103,EV01750,172,7268802
5103,EV01285,179,238963
5103,EV01408,220,64846
5104,EV01316,108,115774
5104,EV01100,172,52897
5104,EV01377,172,3516173
5104,EV01427,202,37265
5105,EV00857,106,1111628
5105,EV01605,134,64493
5105,EV00797,178,181711
5105,EV00377,186,625828
5106,EV01330,66,35469
5106,EV01343,168,145419
5106,EV00172,279,12928776
5106,EV01842,351,254284
5107,EV01235,107,205294
5107,EV01817,109,294179
5107,EV00613,141,34763
5107,EV01756,218,131597
5108,EV01105,99,89988
5108,EV01634,112,236655
5109,EV01700,63,979005
5109,EV00386,107,250137
5109,EV00788,127,46977
5109,EV01313,149,1832033
5109,EV00858,164,614681
5109,EV00382,209,51371
5109,EV00182,322,58526657
5110,EV00321,145,306721
5110,EV01591,162,232495
5110,EV01641,171,89601
5110,EV01034,179,401271
5110,EV00032,229,19813357
5111,EV01165,90,278282
5111,EV01637,114,2099318
5111,EV01441,140,919073
5111,EV00635,235,544301
5112,EV00548,124,51968
5112,EV00939,130,2354178
5112,EV00788,136,132415
5112,EV01181,177,96439
5113,EV00345,71,30636
5113,EV01288,126,232622
5113,EV00336,154,49410
5113,EV00130,253,2572306
5114,EV01526,121,125190
5114,EV00400,148,1255402
5114,EV01529,153,80043
5115,EV01627,186,39190
5115,EV00271,243,1670962
5116,EV00722,71,106663
5116,EV01246,114,600990
5116,EV01772,134,34825
5116,EV01491,156,290426
5116,EV01741,212,177262
5117,EV01878,25,2445827
5117,EV01408,133,54721
5118,EV00466,88,66143
5118,EV00778,101,253603
5118,EV00585,113,77281
5118,EV01027,134,601970
5118,EV01700,165,2435696
5118,EV00651,166,629590
5118,EV01172,182,286358
5118,EV00191,229,833579
5118,EV00073,236,7128429
5119,EV00877,140,2069529
5119,EV00509,147,158560
5119,EV00336,166,81003
5119,EV01123,205,10177618
5120,EV00446,112,46489
5120,EV00577,114,32642
5120,EV01230,139,94143
5121,EV01452,60,391900
5121,EV00579,96,284027
5121,EV00650,110,1038535
5121,EV00594,147,25098
5121,EV01084,168,463536
5121,EV01427,171,336814
5122,EV00783,147,142911
5122,EV01502,203,81816
5122,EV01641,210,161130
5123,EV00401,91,2371482
5123,EV00476,156,73595
5123,EV00213,242,22225882
5124,EV01488,90,56598
5124,EV00920,133,153783
5124,EV01348,157,1499668
5124,EV00030,212,11597799
5125,EV00866,159,60668
5125,EV00362,165,2341455
5126,EV01961,5,1949253
5126,EV01599,109,138430
5126,EV01571,135,1160454
5126,EV00491,142,432341
5126,EV00790,161,63042
5126,EV01404,177,412309
5127,EV00548,178,72032
5128,EV01985,64,610694
5128,EV01634,86,754191
5128,EV01049,119,381194
5128,EV00365,129,799503
5128,EV00427,131,14626
5128,EV00937,182,188492
5129,EV01987,19,535160
5129,EV01120,115,102064
5129,EV01112,167,309861
5130,EV01175,89,9921
5130,EV01527,118,4258403
5130,EV00894,138,2429215
5130,EV01049,173,781910
5130,EV00001,257,2500622
5131,EV00869,133,534297
5131,EV01111,166,45491
5131,EV00216,207,789172
5132,EV01723,87,572748
5132,EV01228,129,24484
5132,EV01100,151,86315
5132,EV00418,153,237327
5132,EV01700,170,1644796
5132,EV01414,179,7142
5132,EV00264,263,724120
5133,EV00801,128,1168834
5133,EV01758,156,59480
5133,EV00486,160,139936
5133,EV00113,253,1553548
5134,EV01610,71,837992
5134,EV01645,98,730389
5134,EV01729,168,1783358
5134,EV01166,216,344892
5134,EV00033,265,31068067
5135,EV00445,72,164085
5135,EV00742,91,719820
5135,EV00767,114,49637
5135,EV01276,118,67873
5135,EV01450,148,821125
5136,EV01967,16,224989
5136,EV01906,34,424091
5136,EV01495,80,91834
5136,EV00502,160,1584089
5136,EV01451,162,213018
5136,EV00214,208,21749682
5137,EV01290,109,273792
5137,EV01762,119,1647779
5138,EV01740,130,357077
5138,EV00660,141,1306368
5138,EV01357,173,311173
5139,EV01663,123,93813
5139,EV00955,139,5915553
5139,EV01158,147,83925
5139,EV01444,239,126763
5140,EV00118,241,4462803
5141,EV00548,138,127452
5141,EV00476,167,190470
5141,EV01503,180,1601058
5141,EV00570,192,355010
5141,EV00140,292,1030070
5142,EV01960,27,817103
5142,EV00448,112,197240
5143,EV01637,119,2473819
5145,EV00683,141,109938
5145,EV01672,162,105305
5145,EV00383,168,78378
5146,EV01389,84,33537
5146,EV00526,143,747833
5146,EV01231,159,66257
5146,EV00879,181,428194
5146,EV00093,322,1665139
5147,EV01650,93,110392
5147,EV01342,123,15057
5147,EV01133,151,72362
5147,EV00032,209,19759379
5147,EV00225,250,2707676
5148,EV00863,130,133018
5148,EV00472,147,86785
5148,EV00774,230,1453668
5148,EV00093,236,537841
5149,EV00715,141,290297
5149,EV00349,170,1729649
5149,EV01798,221,346745
5150,EV00884,73,367266
5150,EV00166,201,6340374
5150,EV00039,256,950089
5151,EV01707,135,319321
5151,EV00658,151,691386
5151,EV00226,221,795047
5151,EV00211,246,17514910
5151,EV00084,257,12702455
5152,EV01986,26,6757980
5152,EV00648,104,59053
5152,EV00298,249,4782601
5153,EV00364,76,621340
5153,EV00967,145,75141
5153,EV00544,177,63864
5154,EV01690,107,116312
5154,EV00793,115,33072
5154,EV01761,135,690655
5154,EV00938,136,40033
5154,EV01078,143,337841
5154,EV01578,157,70313
5155,EV00489,83,335495
5155,EV00973,95,178707
5155,EV00725,107,527359
5155,EV00403,110,266943
5155,EV00573,113,473003
5155,EV01743,118,2121079
5155,EV01172,123,262668
5155,EV01441,186,247246
5156,EV01471,86,413909
5156,EV01734,90,723039
5156,EV00301,192,4093477
5156,EV00153,254,17384527
5157,EV01423,130,179959
5157,EV01760,139,27094
5157,EV00720,185,32431
5158,EV00908,75,556890
5158,EV01158,121,232843
5158,EV01600,185,99360
5158,EV01313,193,2000802
5158,EV00137,201,3187547
5159,EV00466,99,127900
5159,EV00655,127,287768
5159,EV00443,149,131463
5159,EV01766,152,452927
5159,EV00328,205,749356
5159,EV00288,275,853480
5160,EV01796,108,388709
5160,EV00918,145,1116471
5160,EV00649,182,10159537
5160,EV00068,214,4107434
5160,EV00005,220,33807341
5161,EV01313,85,1498653
5161,EV00746,106,150255
5161,EV00491,120,256243
5162,EV01725,112,711069
5162,EV00461,129,80945
5162,EV00544,187,151135
5162,EV00942,188,1165590
5162,EV00664,207,1175369
5162,EV00285,240,10060257
5163,EV01777,130,218624
5163,EV00482,171,2497047
5163,EV00383,190,28079
5163,EV01442,196,608272
5164,EV00766,116,269249
5164,EV01817,160,66937
5164,EV00896,161,93925
5165,EV01955,35,1767380
5165,EV01063,88,744811
5165,EV00175,269,8172536
5166,EV00362,187,867203
5166,EV01869,332,802485
5167,EV00419,80,112228
5167,EV01684,133,32536
5167,EV01672,158,21519
5167,EV00475,166,1237182
5167,EV01753,174,152129
5167,EV00225,245,2452413
5168,EV01930,33,593073
5168,EV00458,91,6494410
5168,EV00161,261,3639520
5169,EV00606,60,228056
5169,EV00883,60,263645
5169,EV00499,114,56476
5169,EV00715,128,575282
5169,EV00992,181,147353
5169,EV01486,184,916053
5170,EV01696,96,2188188
5170,EV01322,134,65571
5170,EV01026,197,677882
5171,EV00712,116,246529
5171,EV00928,137,11588
5172,EV01034,66,746267
5172,EV01057,66,71995
5172,EV01110,134,141286
5172,EV00707,153,554733
5172,EV01130,159,160188
5173,EV01727,60,44198
5173,EV01651,112,74816
5173,EV00476,133,71592
5174,EV01775,149,585511
5174,EV00579,152,348425
5174,EV00353,161,187864
5174,EV01216,170,779371
5175,EV01616,109,7404
5175,EV00369,150,179044
5176,EV01691,104,4192023
5176,EV01435,113,24980
5176,EV01409,164,42216
5176,EV01626,171,18127
5177,EV00862,158,210219
5178,EV00372,154,398392
5178,EV00089,243,608490
5178,EV00068,248,10193955
5179,EV01385,60,68973
5179,EV01027,103,457129
5179,EV00358,125,153539
5179,EV00783,135,23513
5179,EV00866,160,369871
5179,EV00866,176,110366
5179,EV00939,177,1263614
5180,EV01838,9,2702873
5180,EV01580,118,30787
5180,EV00819,158,83311
5181,EV01357,104,421060
5181,EV00399,130,194069
5181,EV01419,130,825824
5181,EV00805,137,81446
5181,EV01634,160,334564
5182,EV01996,9,7044150
5182,EV01059,156,34322
5182,EV01444,162,513241
5182,EV00121,232,4297311
5182,EV00126,245,5294359
5183,EV01177,136,116860
5183,EV00747,192,299509
5184,EV01166,135,120131
5184,EV00509,190,113876
5184,EV00052,259,41566447
5184,EV00111,260,882812
5185,EV00391,122,40399
5185,EV01159,133,975771
5185,EV00281,228,7393751
5186,EV01913,39,265588
5186,EV01745,116,60671
5186,EV00953,175,57865
5186,EV01318,178,277569
5186,EV00983,205,484370
5187,EV01539,188,59833
5188,EV00805,81,199814
5188,EV00574,130,379158
5188,EV01100,140,57215
5188,EV01041,142,94280
5188,EV01211,160,26426
5189,EV00698,126,249642
5189,EV01240,129,704943
5189,EV01696,155,1342028
5190,EV00691,125,350180
5190,EV00740,126,1820417
5190,EV00536,142,53909
5190,EV01489,145,961701
5190,EV00606,159,199038
5190,EV00385,184,49796
5190,EV00078,235,5824873
5191,EV00546,114,183487
5191,EV01034,128,1538021
5191,EV01251,128,167496
5191,EV01791,157,52762
5192,EV01125,146,509672
5192,EV01368,182,254034
5192,EV01489,193,676447
5193,EV00533,65,678084
5193,EV01618,117,31218
5193,EV00387,134,392361
5193,EV01723,136,878573
5193,EV00863,143,194563
5193,EV01150,148,176283
5193,EV00387,152,656485
5193,EV00349,183,1388175
5193,EV00337,206,144885
5193,EV00130,234,3945221
5194,EV00363,70,62943
5194,EV00580,123,104441
5194,EV01408,128,77429
5194,EV01719,132,1121549
5194,EV01653,175,120834
5194,EV00309,314,2750533
5195,EV01178,115,799492
5195,EV01717,127,26549
5195,EV01368,173,483433
5195,EV01776,177,1141730
5196,EV00684,95,135922
5196,EV00361,152,180554
5197,EV00504,120,747727
5197,EV00361,182,233434
5198,EV00776,188,222388
5199,EV01345,131,70040
5199,EV00742,132,462013
5199,EV00499,136,33366
5199,EV00258,225,5611176
5200,EV01067,61,203320
5200,EV01238,134,411563
5200,EV00158,247,4081133
5201,EV01658,123,1432978
5201,EV00501,142,94445
5201,EV00805,145,217255
5201,EV01053,193,1458783
5202,EV00860,114,472415
5202,EV00158,251,3325855
5202,EV00256,298,49644069
5203,EV00555,129,269453
5203,EV01558,195,445310
5204,EV01835,6,1738115
5204,EV01905,47,1776451
5204,EV00896,82,309577
5204,EV01031,83,266614
5204,EV00967,95,87697
5204,EV01734,98,685274
5204,EV00967,104,106661
5204,EV00569,147,73566
5205,EV00761,67,462242
5205,EV01551,137,41927
5205,EV00488,141,470022
5205,EV00502,144,391881
5205,EV00699,146,77172
5205,EV00126,241,1575075
5205,EV00177,258,9876017
5206,EV00850,61,204779
5206,EV01760,137,33941
5206,EV01657,169,494776
5206,EV00102,252,3264850
5207,EV00556,115,835448
5207,EV01682,172,968059
5207,EV00275,269,12496872
5208,EV01345,152,168846
5208,EV00433,176,1975837
5208,EV00140,270,467864
5209,EV01670,147,1838969
5209,EV01770,154,110540
5210,EV00621,83,35302
5210,EV01235,112,394079
5210,EV00841,154,198408
5210,EV01634,157,256269
5211,EV02000,42,3082658
5211,EV01589,119,547420
5211,EV01214,133,1758884
5211,EV01637,145,2537732
5211,EV01378,149,443837
5211,EV00595,152,82971
5211,EV00382,162,4876
5211,EV00786,188,36810
5211,EV00927,223,332040
5212,EV00889,67,1844972
5212,EV01254,91,692907
5212,EV00790,113,73189
5212,EV00869,144,553718
5212,EV01404,187,280535
5213,EV01768,99,551568
5213,EV01277,115,92637
5213,EV00792,160,53283
5213,EV00008,273,11999837
5214,EV00984,120,276375
5214,EV01021,121,1030431
5214,EV00370,145,1460880
5214,EV00531,211,3298536
5214,EV00997,216,23639
5215,EV00868,124,72100
5215,EV00709,154,63596
5215,EV01177,160,120285
5216,EV01489,92,931711
5216,EV01464,147,98207
5216,EV00419,152,130000
5216,EV00226,229,2747576
5217,EV01408,133,55561
5217,EV00206,188,1581243
5217,EV01960,360,1572690
5218,EV01266,91,283242
5218,EV00718,105,53734
5218,EV00390,141,2464798
5218,EV00631,184,30390
5218,EV00158,229,4520818
5219,EV01938,67,939486
5219,EV00396,200,187981
5220,EV01291,93,123548
5220,EV00773,111,110642
5220,EV00596,118,1229961
5220,EV00434,140,35676
5220,EV01304,141,113266
5220,EV01650,159,363680
5220,EV00304,271,18467957
5221,EV01552,121,173113
5222,EV01049,106,589504
5222,EV01775,111,285470
5222,EV01120,134,83880
5222,EV00544,163,82510
5223,EV01633,155,27823
5223,EV00260,254,13163071
5224,EV01932,45,146012
5224,EV00372,114,332769
5224,EV01398,156,301131
5225,EV01804,115,42649
5225,EV00863,166,154376
5225,EV01638,170,300701
5225,EV00158,275,2994152
5225,EV00140,278,355513
5226,EV00807,60,138246
5226,EV00420,70,615517
5226,EV00387,131,438581
5226,EV01757,151,116044
5226,EV00954,193,81512
5226,EV01345,197,52257
5227,EV01633,97,148345
5227,EV01261,102,62080
5227,EV01322,110,65789
5227,EV01687,130,1158652
5227,EV01285,136,539625
5227,EV01274,149,15422
5227,EV00385,167,16136
5227,EV01155,193,947172
5227,EV00140,239,316932
5228,EV01804,98,62759
5228,EV01741,123,1212150
5228,EV00535,143,74138
5228,EV01633,155,34486
5228,EV01240,167,378883
5228,EV00535,170,82873
5228,EV00729,186,168172
5228,EV00003,229,2509029
5229,EV01009,90,220783
5229,EV01632,114,466588
5229,EV01798,119,174373
5229,EV01528,121,524803
5229,EV01519,131,170591
5229,EV01759,194,42711
5229,EV01749,200,61850
5229,EV00026,272,4892888
5230,EV01752,81,127861
5230,EV01324,139,2049377
5230,EV01780,144,58158
5230,EV00651,213,498614
5231,EV00555,108,416441
5231,EV01778,156,106551
5231,EV01044,210,34490
5232,EV01173,184,7684
5233,EV00326,114,51039
5233,EV00428,128,798499
5233,EV00689,163,1959643
5233,EV00594,170,116521
5235,EV01565,84,662597
5235,EV00492,149,502072
5236,EV00943,84,665545
5236,EV01580,184,71786
5236,EV00161,209,3191312
5236,EV00216,278,341769
5237,EV01069,166,944777
5237,EV00001,178,2459428
5238,EV01760,100,26892
5239,EV00376,150,15313
5239,EV00316,210,62999136
5239,EV01748,218,496858
5239,EV00158,290,2621589
5240,EV00764,99,359077
5240,EV01443,105,1396495
5240,EV01053,120,974782
5240,EV01261,129,57301
5240,EV01653,192,134264
5241,EV01743,118,1214960
5241,EV00930,128,1446774
5241,EV01316,148,709131
5241,EV00295,202,18208217
5241,EV00050,299,31885676
5242,EV01362,73,66248
5242,EV01015,142,1132236
5242,EV01533,171,92093
5243,EV01508,98,484313
5243,EV01103,132,199935
5243,EV01700,141,2098594
5243,EV00082,247,1767906
5244,EV00509,87,41253
5244,EV00382,122,46477
5244,EV01675,132,44129
5245,EV01130,60,208448
5245,EV01471,103,409025
5245,EV01505,126,263699
5245,EV01294,186,9352117
5245,EV00191,270,829146
5246,EV00572,135,314372
5246,EV01355,146,77284
5246,EV01378,151,264099
5246,EV00102,246,10277979
5247,EV00867,110,884869
5247,EV01382,131,65228
5247,EV00790,158,98933
5247,EV01300,165,38673
5247,EV00388,167,118501
5248,EV00377,60,2004163
5248,EV01394,149,1537131
5248,EV00709,179,107908
5249,EV00493,141,149865
5249,EV01290,147,317381
5249,EV01886,350,341431
5250,EV00433,144,1536997
5250,EV01431,148,683863
5250,EV00600,175,48506
5251,EV00431,88,57041
5251,EV00729,98,188775
5251,EV01779,98,138912
5251,EV01105,137,145533
5251,EV01736,162,3740439
5252,EV01023,116,179987
5253,EV00808,69,30676
5253,EV01236,103,510638
5253,EV00954,121,81092
5253,EV00176,229,14970910
5254,EV01429,197,121573
5254,EV00158,251,1076959
5255,EV00423,133,222308
5255,EV01050,139,7621
5255,EV00749,150,428789
5256,EV01310,135,23210
5256,EV00093,247,1839401
5257,EV01526,115,72459
5257,EV01058,140,11374
5257,EV00508,144,401983
5257,EV00790,167,89009
5258,EV01441,94,839194
5258,EV00746,99,704882
5258,EV01107,133,233171
5258,EV01029,138,144315
5258,EV00472,172,60143
5258,EV01466,191,16703803
5259,EV01326,120,646232
5259,EV01065,179,1688944
5259,EV01079,179,117602
5259,EV01770,179,146345
5260,EV00621,115,118539
5260,EV01448,159,233408
5260,EV01197,160,235013
5260,EV01313,198,498367
5260,EV00150,256,35550077
5261,EV00390,68,974607
5261,EV01561,79,129518
5261,EV00499,151,26010
5261,EV01631,160,295614
5261,EV01766,163,136602
5262,EV01404,76,421305
5262,EV00847,118,33038
5262,EV00466,168,64124
5262,EV00282,244,18115876
5263,EV01333,97,73221
5263,EV00412,132,123324
5263,EV00258,248,13640553
5264,EV01316,144,349125
5264,EV01760,180,19515
5264,EV00138,248,34621549
5265,EV01985,19,929565
5265,EV01230,141,37363
5266,EV00326,159,260549
5266,EV00793,218,56575
5266,EV00309,243,5105401
5267,EV00397,111,270724
5267,EV00545,116,336105
5267,EV00808,147,57747
5267,EV01143,213,43689
5267,EV00158,235,2755266
5268,EV01617,137,88614
5268,EV01671,139,235952
5268,EV01760,151,21137
5268,EV00002,219,5015991
5269,EV01206,101,2483373
5269,EV01502,117,306111
5269,EV01431,167,1181031
5269,EV01773,208,315909
5269,EV00146,212,13661296
5269,EV00126,232,1553773
5270,EV00438,90,356476
5270,EV00709,143,241243
5270,EV00387,164,488815
5271,EV00711,91,451940
5271,EV00443,103,87106
5271,EV01382,138,70219
5271,EV01551,177,63121
5271,EV00084,295,22493479
5272,EV00887,100,130998
5272,EV01382,108,168943
5272,EV00300,236,8367819
5272,EV00246,288,16302396
5273,EV01397,118,465597
5273,EV00430,141,426890
5273,EV00888,154,973782
5273,EV00899,189,76274
5273,EV00161,232,3602178
5273,EV00124,281,27614993
5274,EV01333,148,120054
5274,EV01721,169,74514
5274,EV00076,278,10664405
5275,EV00536,105,60903
5275,EV00170,214,11147012
5276,EV00930,122,952283
5276,EV00841,131,41358
5276,EV01584,143,1683653
5277,EV01041,118,240805
5277,EV01404,210,861377
5277,EV00096,218,191851
5277,EV00747,240,99550
5277,EV00023,256,4522217
5277,EV01824,356,407111
5278,EV01237,101,17420
5278,EV00556,164,1114844
5278,EV00056,242,5315356
5278,EV00216,252,939068
5279,EV00712,92,353799
5279,EV00569,214,80190
5280,EV01895,43,2646010
5280,EV01290,60,142914
5280,EV01137,194,44151
5280,EV00130,214,1228849
5280,EV00282,221,14127306
5280,EV00216,255,950416
5280,EV00138,274,25584591
5281,EV01701,116,60034
5281,EV01401,137,451699
5281,EV00761,144,1014377
5281,EV00202,257,1430282
5282,EV01824,36,331073
5282,EV01846,55,456261
5282,EV01235,125,92073
5282,EV00566,151,68845
5282,EV01766,163,448726
5282,EV01404,174,236400
5283,EV01269,60,187700
5283,EV00669,63,184366
5283,EV00408,155,152271
5284,EV00866,77,304612
5284,EV00326,106,93431
5284,EV01267,108,916151
5284,EV01230,136,75789
5284,EV00486,138,104649
5284,EV01216,146,782423
5284,EV01026,179,338814
5285,EV00498,65,417506
5285,EV00466,143,80472
5285,EV01525,144,136029
5285,EV00990,151,477929
5286,EV01781,111,690920
5286,EV01812,112,627601
5286,EV00718,176,30996
5286,EV01671,193,116860
5287,EV01927,7,201208
5287,EV00809,92,95770
5287,EV01385,116,55208
5287,EV01742,126,679175
5287,EV01664,134,4411862
5287,EV00548,173,55396
5287,EV00204,255,18754067
5287,EV00214,266,9505688
5288,EV00855,75,1876534
5288,EV01389,95,7348
5288,EV00831,138,405516
5288,EV00275,247,10974261
5288,EV00116,259,2332933
5289,EV00728,136,1500161
5289,EV01814,145,62727
5290,EV00548,115,31847
5290,EV00948,131,70211
5290,EV00872,143,532068
5291,EV00884,94,560316
5292,EV01075,114,17289
5292,EV00251,243,23973795
5293,EV01549,98,76803
5293,EV00848,142,15936
5294,EV01019,143,285713
5294,EV01711,155,1418482
5294,EV01027,179,508835
5294,EV00211,206,5637050
5295,EV00881,122,1161172
5295,EV01671,124,231642
5295,EV01143,144,357849
5295,EV01723,167,388454
5295,EV00636,173,152847
5295,EV00299,253,8408558
5296,EV00663,106,1064295
5296,EV01495,139,114479
5296,EV01650,159,390373
5297,EV01925,79,992849
5297,EV00566,120,385272
5297,EV00857,169,833575
5297,EV00801,179,1172031
5297,EV00111,234,986293
5298,EV01787,140,308062
5298,EV01571,153,710697
5298,EV00846,154,749200
5300,EV00557,126,248936
5300,EV01697,168,969358
5300,EV00687,171,132057
5300,EV00718,171,29108
5300,EV00803,179,333441
5300,EV00402,180,759046
5300,EV01567,182,2795868
5300,EV00384,206,209969
5300,EV00250,247,536479
5301,EV00386,140,346946
5301,EV00986,147,206137
5302,EV01127,87,206297
5302,EV01578,152,63530
5303,EV01228,110,44750
5304,EV01711,83,1622625
5304,EV01426,140,3803184
5304,EV01613,158,33740
5305,EV00622,60,168460
5305,EV01304,63,112166
5305,EV00851,85,40631
5305,EV00375,132,197175
5305,EV00850,165,66870
5305,EV00717,177,25027
5305,EV00262,246,12238492
5305,EV00035,300,3507108
5306,EV01741,85,1005382
5306,EV01519,112,99414
5306,EV00546,132,85832
5307,EV00531,60,3662110
5307,EV00544,88,159646
5307,EV00387,142,423043
5307,EV01105,198,79881
5307,EV00005,243,25872063
5308,EV01930,68,835459
5308,EV00709,174,45278
5309,EV01997,46,2153903
5309,EV01310,97,22992
5309,EV01111,106,108138
5309,EV00328,122,551065
5309,EV01815,125,161751
5309,EV01662,157,573500
5310,EV01796,105,215303
5310,EV00793,112,110508
5310,EV00628,120,101689
5310,EV01616,124,9751
5310,EV00982,132,707179
5310,EV01634,169,254625
5310,EV00158,273,2481246
5311,EV01441,110,353472
5311,EV00803,118,314716
5311,EV00954,145,141625
5311,EV01119,190,368921
5312,EV00843,180,180861
5313,EV01544,109,348036
5313,EV00782,112,3418778
5313,EV01051,160,847625
5313,EV01633,170,27509
5313,EV00264,253,2801236
5313,EV00306,288,64101344
5314,EV00765,131,270155
5314,EV00772,134,192627
5314,EV01111,147,13463
5314,EV00403,151,771025
5314,EV01613,155,33413
5314,EV00842,192,20710
5315,EV01076,91,196483
5315,EV01345,113,148122
5315,EV00782,117,871859
5315,EV00937,155,409483
5315,EV01442,155,791788
5315,EV01213,183,1947684
5316,EV01809,63,620925
5316,EV01324,122,2738145
5316,EV00908,155,413392
5316,EV00039,240,1405298
5316,EV00017,271,271547
5317,EV01026,138,1548300
5317,EV00854,185,287028
5317,EV00065,236,14754795
5317,EV01910,351,4751522
5318,EV00614,67,352276
5318,EV01289,160,44286
5319,EV01202,60,41734
5320,EV00833,152,597691
5320,EV01103,163,108327
5321,EV01914,42,849482
5321,EV01251,101,23276
5321,EV01117,116,118308
5321,EV01550,149,679000
5321,EV01131,170,8615
5321,EV00299,291,3662845
5322,EV01050,127,122515
5322,EV00548,169,72492
5322,EV00881,178,1086497
5322,EV00078,238,4884936
5322,EV00034,269,31004614
5323,EV01084,103,526542
5323,EV00764,143,735670
5323,EV01310,150,43037
5323,EV00594,164,78221
5323,EV01413,164,48312
5323,EV00727,181,265794
5323,EV00161,237,582408
5324,EV01729,130,2367669
5325,EV01842,35,105811
5325,EV01405,117,2060779
5326,EV00925,60,1156788
5326,EV00559,122,19878
5326,EV01079,158,122831
5326,EV00231,224,14795185
5327,EV00943,101,528521
5327,EV01121,119,482027
5327,EV01617,119,27637
5327,EV00807,150,142788
5327,EV00445,183,156055
5327,EV00076,229,3086698
5327,EV00107,244,47537915
5328,EV01751,164,101235
5328,EV00328,184,1440292
5328,EV00476,202,79089
5329,EV01529,104,50299
5329,EV01111,138,41438
5330,EV00510,161,312524
5330,EV01487,169,40906
5330,EV01297,194,40525
5331,EV00828,148,679354
5331,EV01083,179,3250842
5332,EV01120,95,374340
5332,EV01373,164,305484
5332,EV00472,171,48559
5333,EV00565,107,28600
5333,EV01321,144,85919
5333,EV00401,160,936073
5333,EV01276,164,77206
5333,EV01254,203,954955
5333,EV00191,270,1577022
5334,EV01518,120,358672
5334,EV01745,167,131866
5335,EV00754,109,794668
5335,EV00857,118,1172017
5335,EV01221,143,53699
5335,EV01699,184,112297
5336,EV01791,117,41759
5336,EV01282,178,2428860
5337,EV00372,99,396584
5337,EV01550,138,1351804
5337,EV00710,170,3155121
5338,EV01110,126,61638
5338,EV00718,131,38082
5338,EV00047,249,136196248
5338,EV00062,287,5150798
5339,EV01489,60,569757
5339,EV00600,94,9915
5339,EV01689,106,480556
5339,EV01052,123,95932
5339,EV00720,128,82617
5339,EV00288,236,1055387
5340,EV00918,95,782071
5340,EV01449,125,316320
5341,EV01612,78,1109132
5341,EV01759,99,36773
5341,EV00915,136,213357
5342,EV01729,191,1322330
5343,EV01424,105,746072
5343,EV00020,188,3616962
5344,EV00699,108,117137
5344,EV00714,150,203496
5345,EV01513,86,577399
5345,EV00742,142,372847
5345,EV01512,178,2096958
5345,EV00896,198,81064
5345,EV00050,227,27807945
5345,EV00162,259,47152586
5346,EV00614,112,1186434
5346,EV00805,141,115732
5346,EV00399,153,216265
5346,EV01567,176,2638940
5347,EV01414,108,31954
5347,EV00737,110,181936
5347,EV01687,127,195905
5347,EV00764,131,558958
5347,EV01571,131,572123
5347,EV01319,134,26200
5347,EV00953,139,35093
5347,EV01014,190,96696
5347,EV00809,191,221254
5348,EV01657,139,338964
5348,EV01793,171,65820
5348,EV00597,195,26907
5348,EV01237,210,23453
5349,EV01817,97,363017
5350,EV01045,122,3588411
5350,EV00831,148,192769
5350,EV01008,155,2407741
5350,EV01565,175,494097
5350,EV01251,189,61995
5350,EV00059,279,15458641
5350,EV00037,288,4049946
5351,EV01578,100,46656
5351,EV00908,124,154407
5351,EV01246,201,286651
5352,EV00718,65,28019
5352,EV00592,76,55527
5352,EV01571,138,580296
5353,EV00076,275,2287989
5354,EV01558,94,548315
5355,EV00711,106,209846
5355,EV00597,115,39725
5355,EV01136,115,473413
5355,EV01394,135,1643259
5355,EV01656,148,118818
5355,EV00365,173,532449
5355,EV00535,208,78777
5355,EV00303,255,1136905
5356,EV00820,103,1672859
5356,EV00367,142,1634428
5356,EV00400,155,241733
5356,EV00808,159,72997
5357,EV01073,141,163026
5357,EV00493,150,382949
5357,EV00792,156,20173
5357,EV01230,172,35076
5357,EV01422,179,42474
5358,EV00835,95,3081555
5358,EV00595,177,44535
5358,EV00258,230,12437486
5359,EV01001,111,31033
5359,EV00467,128,1746920
5359,EV01609,188,53316
5360,EV01669,60,174764
5360,EV01162,147,83075
5360,EV00078,236,8336664
5361,EV00372,115,238313
5361,EV00765,139,475966
5361,EV00958,165,2798690
5361,EV00099,231,5290528
5361,EV00124,283,16902940
5362,EV01427,86,125819
5362,EV01526,125,46188
5362,EV00528,135,80198
5362,EV00246,246,9210071
5363,EV01888,23,4686302
5363,EV01650,167,286973
5363,EV01079,174,293983
5363,EV00115,247,735416
5363,EV00039,259,3294838
5364,EV01533,110,57873
5364,EV00869,177,279917
5365,EV00479,112,56431
5365,EV01634,127,417771
5365,EV01703,135,134986
5365,EV00654,176,163187
5366,EV00699,140,73276
5366,EV00887,149,331248
5366,EV01607,156,937054
5366,EV01274,162,26295
5367,EV01190,134,224266
5367,EV00016,308,17960933
5368,EV00927,71,157934
5368,EV01802,128,74517
5368,EV01225,154,2821286
5368,EV00207,257,14169625
5369,EV00840,124,138345
5369,EV00981,128,43573
5369,EV00585,152,310376
5370,EV00896,80,48322
5370,EV01408,115,72201
5370,EV00225,258,618360
5370,EV00249,267,1427043
5371,EV01770,141,380124
5371,EV00470,160,6898
5371,EV00050,238,10899653
5372,EV01346,163,39723
5372,EV01260,167,770211
5372,EV00560,168,234801
5372,EV00848,169,21228
5372,EV01718,189,1046000
5373,EV01553,136,1956646
5373,EV00699,177,99794
5373,EV00185,237,13383216
5374,EV00727,115,148318
5374,EV01104,211,960111
5375,EV01158,115,284143
5375,EV01717,136,31597
5375,EV00899,144,52941
5375,EV00934,145,462771
5375,EV00882,182,665819
5375,EV00140,272,210486
5376,EV00903,127,325702
5376,EV01126,136,65243
5376,EV00761,145,1268608
5376,EV01094,170,322635
5376,EV01784,184,13396
5376,EV00307,260,9533316
5377,EV00388,94,239550
5377,EV01319,122,115670
5377,EV01239,138,700058
5377,EV01346,154,30339
5377,EV00854,165,217184
5378,EV01321,104,258519
5378,EV00712,147,422769
5378,EV01500,173,135199
5379,EV01918,43,704875
5379,EV00383,101,62715
5379,EV00216,266,223478
5380,EV01591,111,103706
5380,EV00716,135,970310
5380,EV00148,225,52726925
5380,EV00229,271,60996379
5381,EV00886,136,2389000
5381,EV00365,137,473940
5381,EV00030,233,10302100
5382,EV01558,141,184832
5382,EV00873,171,815279
5382,EV01449,174,581406
5382,EV00046,225,3331594
5382,EV00161,237,3166956
5382,EV00225,270,2456050
5383,EV01369,93,585540
5383,EV00819,104,57908
5383,EV00625,173,3882192
5384,EV00726,121,1936616
5384,EV00488,167,801511
5385,EV01754,169,1315196
5386,EV00587,140,1077706
5387,EV01288,148,343393
5387,EV01387,168,73813
5387,EV01646,190,24077
5388,EV01371,133,860742
5388,EV00135,213,16477929
5389,EV00838,72,570734
5389,EV01548,115,30814
5389,EV00930,149,724411
5389,EV00391,153,58229
5389,EV01373,160,124099
5390,EV01752,94,62311
5390,EV01566,149,326446
5390,EV00251,261,23839318
5390,EV01953,365,910044
5391,EV01206,81,1295809
5391,EV01156,175,978493
5391,EV00030,233,3963006
5392,EV01134,112,45031
5392,EV00761,134,1293755
5392,EV01770,147,205527
5393,EV01693,96,52032
5393,EV01436,115,2722072
5394,EV00546,85,6543
5394,EV01780,129,48713
5394,EV00156,278,11134173
5395,EV01094,98,541366
5395,EV00595,114,259814
5395,EV00751,139,8673
5395,EV01277,140,132837
5395,EV01378,143,196206
5395,EV01300,152,61410
5395,EV01691,162,1348102
5396,EV01398,106,1053580
5396,EV01012,177,400266
5397,EV01022,135,456504
5397,EV01295,142,745798
5397,EV00896,150,129273
5397,EV00639,213,1689352
5397,EV00298,257,11081912
5398,EV01538,136,2416740
5398,EV00944,158,1195792
5399,EV01237,75,27893
5399,EV00946,122,113159
5399,EV00350,131,42923
5399,EV01651,132,142665
5399,EV01118,167,731125
5399,EV00548,212,55656
5399,EV00198,266,8883073
5399,EV00288,297,367606
5400,EV00915,104,232610
5400,EV00838,140,459260
5400,EV01473,148,81499
5400,EV01482,149,462228
5400,EV01627,159,97960
5400,EV00203,200,4388615
5401,EV01385,163,16646
5402,EV01967,95,569888
5402,EV00361,114,91690
5402,EV01119,147,342272
5402,EV00522,180,430580
5402,EV00146,225,3325154
5403,EV00470,132,26998
5403,EV01744,152,34647
5403,EV00091,257,108857207
5404,EV00887,133,93516
5404,EV00512,140,345136
5404,EV01525,156,58260
5404,EV00225,250,2408606
5405,EV01424,66,835947
5405,EV01282,139,6512943
5405,EV00215,227,171300204
5406,EV01424,147,791384
5406,EV01335,163,3792930
5406,EV00052,227,37328630
5406,EV00060,262,1781170
5407,EV00842,116,22168
5407,EV01173,153,13552
5407,EV00528,157,266103
5407,EV01487,179,41276
5408,EV01214,100,1218119
5408,EV01126,151,52483
5408,EV00673,183,342452
5409,EV01721,92,314574
5409,EV00476,140,139838
5409,EV01749,178,114023
5410,EV01307,101,2746160
5410,EV01413,105,371036
5410,EV01033,154,917628
5410,EV00896,159,201944
5410,EV01768,195,410597
5411,EV01793,104,18420
5411,EV01225,136,2865456
5411,EV01552,138,144283
5411,EV00577,153,11511
5411,EV01067,188,83418
5412,EV01026,70,593442
5412,EV01659,103,107385
5412,EV01264,120,736959
5413,EV01313,66,2291282
5413,EV01076,148,46538
5413,EV00577,163,11746
5414,EV01416,132,1145509
5414,EV00797,148,127619
5414,EV01291,153,96715
5414,EV01789,190,24114
5415,EV01787,139,306709
5415,EV00129,184,26030395
5415,EV00358,206,186989
5415,EV01360,206,711547
5416,EV01965,13,2107349
5416,EV00275,261,10806682
5417,EV01330,105,14363
5417,EV01677,117,1011770
5417,EV01424,135,1577016
5417,EV01806,138,144804
5418,EV01795,140,271548
5418,EV01385,158,60888
5418,EV01481,163,835497
5418,EV00420,182,1584519
5420,EV01925,2,1712912
5420,EV01654,125,1344020
5420,EV00828,142,2814147
5420,EV01341,166,100281
5420,EV00046,281,10166269
5421,EV00618,101,888474
5421,EV01360,116,450211
5421,EV00666,172,148440
5421,EV00098,229,35499256
5422,EV01322,84,116985
5422,EV01702,200,74602
5423,EV00492,141,830742
5423,EV00573,144,302672
5423,EV00621,176,48714
5424,EV01063,94,732101
5424,EV01255,144,432982
5425,EV00890,170,30004
5426,EV00755,66,271727
5426,EV01288,111,225504
5426,EV01721,117,173939
5426,EV01778,166,74233
5426,EV00731,196,1040258
5427,EV01819,165,59099
5427,EV00289,296,1643870
5428,EV00277,261,5981298
5428,EV00237,265,60707043
5429,EV01141,101,69954
5429,EV00937,119,418605
5429,EV00911,128,72926
5429,EV00930,138,798800
5429,EV01542,152,616041
5429,EV01373,175,384443
5429,EV00412,187,261962
5430,EV01238,94,245769
5430,EV01273,104,57607
5430,EV00418,122,351971
5430,EV00768,155,846571
5430,EV00651,182,134999
5430,EV00816,186,200193
5431,EV00507,144,4468699
5431,EV01012,157,658761
5431,EV01346,173,40663
5432,EV00805,132,87160
5432,EV01543,157,1872613
5432,EV00926,208,173406
5432,EV01631,214,263106
5433,EV01748,60,1443442
5433,EV01158,84,253870
5433,EV00411,90,316338
5433,EV01039,106,33548
5433,EV01067,107,38208
5433,EV01657,181,486554
5434,EV01570,149,177890
5435,EV01180,135,114097
5435,EV00509,153,133837
5435,EV01305,157,393991
5436,EV01487,78,103500
5436,EV00604,85,509490
5437,EV00775,140,1708680
5437,EV01427,171,98070
5437,EV01160,180,254945
5437,EV00682,195,29326
5438,EV01857,19,983723
5438,EV01718,109,236664
5438,EV00847,113,28034
5438,EV01138,130,78562
5438,EV00923,172,42027
5438,EV00130,242,4959538
5439,EV00687,127,36811
5439,EV00907,135,2329753
5439,EV00618,149,1032684
5439,EV01313,157,4468351
5439,EV00734,159,12721
5439,EV01482,163,524076
5439,EV01075,167,33072
5439,EV00946,174,50876
5440,EV00578,115,17628210
5440,EV01193,153,9158738
5440,EV00258,277,25039799
5441,EV00776,121,310278
5441,EV00920,136,155321
5441,EV01616,160,32897
5441,EV01734,174,642751
5442,EV00772,92,290002
5442,EV01984,363,2073323
5443,EV01616,140,16466
5443,EV01361,146,211182
5444,EV00941,139,23744
5444,EV00783,141,53155
5445,EV00770,141,795724
5445,EV01498,178,152984
5445,EV01444,181,536943
5445,EV00831,185,435786
5446,EV01444,117,285899
5446,EV01608,123,119310
5446,EV00908,127,591773
5446,EV00962,131,4228481
5446,EV01112,162,839679
5446,EV00414,164,110869
5446,EV01375,198,117041
5447,EV00017,273,2195947
5448,EV01893,61,1293310
5448,EV01085,106,1226192
5448,EV01568,148,813649
5448,EV01751,152,162031
5448,EV00216,235,483856
5448,EV00130,253,3198275
5449,EV01166,124,183219
5449,EV00651,188,377938
5450,EV00975,130,280440
5450,EV01418,142,132434
5450,EV00259,258,4320756
5451,EV00536,106,42713
5451,EV01246,109,340995
5451,EV01067,111,178938
5451,EV00800,148,138048
5451,EV00667,167,326787
5452,EV00391,96,119602
5452,EV01343,173,210717
5452,EV00767,199,61641
5453,EV00841,133,56997
5453,EV01764,168,520423
5453,EV01791,168,53040
5453,EV00206,231,4083880
5454,EV00672,71,80977
5454,EV00778,95,44837
5454,EV01613,150,43419
5455,EV00995,77,299324
5455,EV01136,118,1021705
5455,EV01276,145,82764
5455,EV01272,185,325133
5456,EV00805,84,103938
5456,EV01625,100,331275
5456,EV01044,133,90902
5456,EV00968,135,84156
5456,EV00908,147,153762
5456,EV00642,150,98399
5456,EV00990,152,680789
5456,EV01798,163,479401
5456,EV00113,219,1485615
5456,EV00184,290,8450259
5457,EV00953,111,145687
5457,EV01433,125,72904
5457,EV01113,151,387734
5457,EV00350,158,59206
5457,EV00787,162,30410
5457,EV00358,164,197423
5457,EV01044,178,57859
5457,EV00849,185,8422320
5458,EV00827,76,1497870
5458,EV00712,85,352428
5458,EV01343,108,128538
5458,EV00363,167,74091
5459,EV01506,137,11990223
5459,EV01718,137,679682
5459,EV01672,151,47639
5459,EV01731,153,1318854
5459,EV00934,170,684178
5460,EV01026,67,328437
5460,EV01549,120,85904
5460,EV01693,159,191176
5461,EV00535,87,68930
5461,EV00912,153,1552616
5461,EV01325,211,3078780
5462,EV00718,89,11317
5462,EV01408,126,84204
5462,EV01088,133,24886
5462,EV01783,156,219186
5462,EV01211,182,137448
5463,EV00792,112,49613
5463,EV00614,123,229726
5463,EV01214,158,1705560
5463,EV00920,163,108968
5464,EV01580,139,47451
5464,EV01073,148,405673
5464,EV01076,154,77437
5464,EV00790,171,130118
5465,EV00601,81,801368
5465,EV01557,90,238556
5465,EV01487,99,45622
5465,EV01634,106,337690
5465,EV01703,155,89966
5465,EV00191,252,1506839
5466,EV00190,229,15845023
5466,EV00202,259,1039641
5467,EV00937,130,428806
5467,EV01768,147,173369
5467,EV01390,162,1551290
5467,EV01311,181,136389
5468,EV01997,30,938179
5468,EV01760,124,47279
5468,EV00894,162,1484209
5468,EV00166,235,5396403
5470,EV00412,149,233092
5471,EV00747,143,125161
5471,EV01558,147,383089
5471,EV01402,196,893605
5472,EV00093,207,3401831
5472,EV00191,250,1070636
5473,EV01631,91,350198
5473,EV01121,177,663033
5474,EV01764,107,759375
5474,EV01025,137,8196170
5474,EV00395,149,187363
5474,EV00386,173,204226
5475,EV01444,147,74216
5475,EV00198,292,20412540
5476,EV01627,105,42695
5476,EV01408,136,28825
5476,EV00595,137,137269
5476,EV01526,146,86542
5476,EV01518,165,98134
5477,EV01967,61,476730
5477,EV00619,125,171053
5477,EV01701,155,66777
5477,EV01566,172,203217
5477,EV00615,228,551436
5478,EV01162,106,53890
5478,EV01228,149,87007
5478,EV01434,155,185544
5478,EV00600,195,62044
5478,EV00258,287,34701765
5479,EV01707,121,200345
5479,EV00647,156,1258486
5479,EV00037,231,1826068
5480,EV00376,81,115423
5480,EV00391,105,78949
5480,EV00547,179,110989
5480,EV00917,182,402426
5480,EV00032,311,15943195
5481,EV01661,109,337541
5481,EV01751,136,95415
5481,EV01575,140,8754
5481,EV01053,177,542678
5482,EV00983,98,238319
5482,EV01415,126,1303194
5482,EV01308,130,190070
5482,EV00416,139,1482718
5482,EV01417,142,196462
5482,EV01313,143,535450
5482,EV01656,156,34570
5482,EV01367,189,1511818
5482,EV00455,221,1389666
5483,EV01468,111,8380
5483,EV00583,133,139683
5483,EV01538,137,2495122
5483,EV01795,166,133031
5483,EV00725,175,668744
5483,EV00917,194,851107
5483,EV00035,218,4430250
5483,EV00269,285,2937892
5484,EV01084,73,100702
5484,EV00398,116,538022
5484,EV00926,157,271017
5484,EV00060,203,2920624
5485,EV00797,74,361227
5485,EV01271,111,171957
5485,EV00731,118,786877
5485,EV01246,193,704827
5485,EV00003,235,2535180
5485,EV01893,342,866693
5486,EV01306,112,63741
5486,EV00017,256,3036402
5487,EV01067,60,225202
5487,EV00718,125,20099
5487,EV01117,144,372424
5487,EV01225,171,1280123
5488,EV00447,113,725337
5488,EV01182,159,1048260
5488,EV01158,165,67117
5488,EV00093,239,2128336
5489,EV00517,149,454495
5489,EV01175,165,17595
5489,EV01070,203,795401
5490,EV01913,15,721647
5490,EV00532,122,430686
5490,EV01703,131,81295
5490,EV01385,134,82469
5490,EV01634,139,157291
5490,EV00129,236,19893854
5491,EV00604,140,453727
5492,EV01221,125,60694
5492,EV01503,130,826341
5492,EV00623,185,184641
5492,EV01322,196,51079
5492,EV00255,236,7703659
5493,EV01967,6,343631
5493,EV01167,141,122638
5493,EV00809,185,554693
5493,EV00074,217,65492661
5493,EV01371,224,426940
5494,EV00843,83,143917
5494,EV01240,106,380164
5494,EV01557,141,121495
5494,EV01026,144,888181
5494,EV01570,154,335782
5494,EV00945,174,425422
5495,EV01548,144,77455
5495,EV00599,157,2778688
5495,EV00391,165,45656
5495,EV00683,173,311231
5495,EV01618,202,37501
5496,EV01694,115,107649
5496,EV01062,157,104706
5496,EV01646,161,40152
5496,EV00361,182,141132
5496,EV00037,263,6307628
5497,EV01841,40,1023087
5497,EV00405,173,124095
5498,EV01367,90,159692
5498,EV00538,150,223251
5498,EV01094,161,167246
5498,EV01199,180,699693
5498,EV00275,211,20068020
5498,EV00255,232,5169860
5499,EV01961,39,1371236
5499,EV01533,147,257964
5501,EV01414,107,36439
5501,EV00854,108,243436
5501,EV00819,145,51842
5501,EV00202,265,2513409
5502,EV00841,129,82498
5502,EV01084,148,277366
5502,EV01023,154,200300
5502,EV00312,225,15392259
5502,EV00123,234,16087322
5503,EV00334,119,438084
5503,EV01774,181,52267
5504,EV01329,113,42005
5504,EV00717,141,148404
5504,EV01221,162,30503
5504,EV00288,220,578146
5504,EV00210,222,12545865
5505,EV00526,79,348764
5505,EV00457,100,42150
5505,EV01771,135,144355
5505,EV01692,165,462425
5506,EV00772,83,403457
5506,EV01211,99,81186
5506,EV01651,187,122964
5507,EV00495,156,68351
5507,EV00763,164,79857
5507,EV00202,223,1605883
5508,EV00896,122,136309
5509,EV00543,112,130817
5509,EV00890,193,20919
5509,EV01350,193,130474
5510,EV01558,184,179038
5510,EV00302,263,60793386
5511,EV00864,129,47127
5511,EV01269,131,146672
5511,EV00831,145,804447
5511,EV01121,182,498677
5512,EV00511,99,543897
5512,EV00990,124,1137048
5512,EV01289,133,40139
5512,EV00579,151,188744
5512,EV00634,200,30768
5514,EV01027,107,339036
5514,EV01677,140,720670
5514,EV00652,150,5487972
5514,EV01518,150,477441
5514,EV00010,307,5141615
5515,EV01051,99,892414
5515,EV00831,127,732886
5516,EV00416,111,1772744
5516,EV01503,156,731005
5517,EV00432,115,677733
5517,EV01408,153,24118
5517,EV00548,160,30365
5517,EV01079,160,144659
5517,EV00116,227,4724900
5517,EV00220,237,48392231
5517,EV00206,291,5103645
5518,EV00546,153,39826
5518,EV00842,182,36364
5518,EV00986,184,205836
5518,EV00073,246,9904832
5519,EV01180,114,185992
5519,EV01609,119,45548
5519,EV00837,123,95125
5519,EV01379,131,25955
5519,EV01190,153,279416
5519,EV01238,154,152180
5519,EV01100,160,51033
5520,EV00382,87,34759
5520,EV00059,279,11320671
5521,EV01498,86,135307
5521,EV00614,124,372911
5521,EV00601,144,687430
5522,EV01667,121,1360190
5522,EV01269,131,104872
5522,EV01662,174,209284
5523,EV01528,97,120352
5523,EV01103,117,72715
5523,EV01244,133,159073
5523,EV01473,157,198289
5523,EV00767,187,45431
5524,EV00502,134,1520641
5524,EV00895,156,169918
5524,EV00153,273,26273481
5525,EV01690,183,73115
5526,EV00722,65,75052
5526,EV00973,125,90767
5526,EV00946,126,149310
5526,EV00543,136,62235
5526,EV01746,139,1615284
5527,EV01755,80,774294
5527,EV01033,103,1048155
5527,EV00682,240,49596
5528,EV01213,140,456541
5528,EV00499,146,42513
5528,EV01173,148,27839
5528,EV00325,184,511759
5528,EV00087,207,29218833
5529,EV00709,98,270545
5529,EV01290,107,338029
5529,EV01751,131,86399
5529,EV00654,132,307469
5529,EV00532,152,328400
5529,EV01415,183,446885
5529,EV01641,211,111333
5529,EV00011,213,5049274
5530,EV02000,18,6576965
5530,EV01112,122,424931
5530,EV00412,133,150715
5530,EV00390,148,760308
5530,EV01079,213,131317
5531,EV00783,129,83105
5531,EV01236,152,1270097
5531,EV01278,159,3699132
5531,EV00253,246,2412758
5532,EV00478,116,22395
5532,EV01189,127,225461
5532,EV01721,153,178979
5532,EV01686,180,184488
5532,EV00424,181,796561
5532,EV00113,221,1924231
5532,EV00225,247,3699146
5533,EV01590,124,61975
5533,EV01304,162,31174
5533,EV01696,187,2068926
5534,EV01014,108,73626
5534,EV01044,139,100559
5535,EV00843,106,137205
5535,EV01696,153,1372144
5535,EV00848,155,13077
5536,EV01452,120,267601
5536,EV01658,126,3726727
5537,EV01666,134,356669
5537,EV00664,160,1444357
5537,EV00288,317,790454
5538,EV01421,91,15397
5538,EV01463,104,3149456
5538,EV01775,176,773422
5538,EV00612,182,27842
5540,EV01333,89,88023
5540,EV00901,100,1101093
5540,EV00604,103,299419
5540,EV01548,137,59050
5541,EV01415,103,1902720
5541,EV01394,168,362923
5541,EV01427,173,109725
5542,EV01613,152,19550
5543,EV00383,178,61651
5544,EV00347,83,466498
5544,EV00720,147,83448
5544,EV01033,171,459726
5545,EV00512,91,351569
5545,EV01609,114,26186
5546,EV01791,154,45358
5547,EV01890,40,1368101
5547,EV00866,142,30362
5547,EV01304,145,144109
5547,EV00351,171,409751
5547,EV00926,172,794886
5547,EV00052,250,36757757
5548,EV01718,198,399978
5549,EV00541,197,91673
5550,EV01542,67,792690
5550,EV01463,95,2967714
5550,EV01499,104,895119
5550,EV00189,262,5451217
5551,EV00639,105,798187
5551,EV00815,148,795954
5551,EV00580,150,92553
5551,EV00289,220,6894088
5552,EV00336,60,25153
5552,EV01734,154,800532
5552,EV00386,155,370943
5553,EV00915,95,96403
5553,EV00553,111,4175026
5553,EV01513,138,1677377
5553,EV00491,141,213800
5554,EV00699,155,45853
5554,EV01698,169,49854
5554,EV01641,198,60426
5555,EV00536,107,113657
5555,EV01067,119,62037
5555,EV00616,133,426143
5555,EV01778,144,47502
5555,EV00078,226,7595580
5555,EV00060,248,1745221
5555,EV00100,292,43787786
5556,EV00644,178,9179971
5556,EV00115,259,1301628
5557,EV01579,82,2396967
5557,EV01294,86,5532481
5557,EV01416,126,1496512
5557,EV01392,138,430019
5557,EV00068,167,7383271
5557,EV00393,216,227807
5557,EV00165,269,18475094
5557,EV00183,300,17084583
5558,EV01436,124,5448328
5558,EV01228,134,22624
5558,EV01419,140,841275
5558,EV00967,148,48438
5558,EV00790,179,123314
5558,EV00061,200,26067158
5558,EV00039,250,3189387
5558,EV00303,310,1695309
5559,EV00799,96,119462
5559,EV01313,162,2127213
5559,EV00560,164,483129
5559,EV01141,166,99517
5559,EV01672,184,26323
5560,EV00973,115,135969
5560,EV01550,139,442573
5560,EV00790,171,123535
5560,EV00738,211,327923
5560,EV00255,275,4242949
5561,EV01551,140,38988
5561,EV00037,232,2524925
5562,EV01625,131,283741
5562,EV01308,136,85729
5562,EV00899,175,128670
5563,EV00803,110,245278
5563,EV01269,117,122860
5563,EV00412,120,193945
5563,EV00682,141,22641
5563,EV01786,168,1155927
5563,EV00068,260,3213700
5564,EV00376,108,205856
5564,EV00857,119,1056822
5564,EV00569,135,139564
5564,EV01575,136,16132
5564,EV00355,200,88737
5564,EV01975,315,226514
5565,EV01218,101,1237766
5565,EV01721,160,131188
5565,EV01094,178,64155
5566,EV01100,123,40212
5566,EV00399,145,209968
5567,EV01041,97,160486
5567,EV01180,125,76766
5567,EV00808,147,97200
5567,EV00763,153,41858
5568,EV00548,60,49827
5568,EV00556,93,1467355
5568,EV01063,118,561136
5568,EV01784,152,45599
5568,EV01123,154,7620051
5568,EV00946,197,102288
5569,EV01613,140,19527
5569,EV00216,222,1345121
5569,EV00106,275,2186245
5570,EV00559,151,33452
5570,EV01659,183,111008
5571,EV01952,24,839229
5571,EV01798,108,903594
5571,EV01039,157,49698
5571,EV01766,161,275938
5571,EV00534,165,791225
5571,EV00039,240,3354228
5572,EV00593,104,1271198
5572,EV01143,105,203112
5572,EV00542,146,80809
5572,EV01427,162,95675
5572,EV01136,199,512124
5572,EV00049,237,23160426
5573,EV01116,87,39865
5573,EV00868,116,110687
5573,EV01755,127,563981
5573,EV01300,164,21194
5573,EV01235,166,202353
5573,EV00318,210,10161015
5574,EV00374,87,321698
5574,EV01729,121,1464218
5574,EV01110,131,123548
5575,EV01071,98,1741437
5575,EV00502,131,1365109
5575,EV00548,136,16791
5575,EV00896,148,270435
5575,EV00694,177,1040084
5575,EV00102,257,39727113
5575,EV00275,262,3364411
5576,EV00760,141,160746
5576,EV00937,147,325111
5576,EV00073,262,8741733
5577,EV00860,102,528448
5577,EV00312,252,2914802
5577,EV00076,304,1857474
5578,EV00565,116,120368
5578,EV01441,143,323892
5578,EV00471,183,610409
5579,EV01518,99,267031
5579,EV01177,139,180873
5579,EV00947,142,193010
5579,EV00213,264,19159536
5579,EV00136,270,42334015
5580,EV01105,65,62756
5580,EV01752,195,96918
5580,EV01871,338,2574537
5581,EV01483,93,968516
5581,EV01029,99,60935
5581,EV00395,131,160700
5581,EV00684,154,167334
5581,EV01053,166,963307
5581,EV00374,176,607693
5581,EV01590,196,49240
5581,EV00717,197,87841
5581,EV00089,233,1289029
5582,EV00486,65,225086
5582,EV01161,98,41138
5582,EV01310,123,23095
5583,EV01148,153,1317841
5583,EV00973,171,332810
5583,EV01041,212,299557
5584,EV01846,35,701053
5584,EV00934,114,454286
5584,EV01404,150,279018
5585,EV01158,107,291031
5585,EV01468,135,19326
5585,EV01570,160,89864
5585,EV00837,164,55978
5585,EV00775,177,514234
5585,EV00731,212,1027567
5586,EV01640,141,134007
5587,EV00407,109,222880
5587,EV00809,158,117618
5587,EV00198,226,42368345
5588,EV01180,115,87044
5588,EV01473,162,206121
5588,EV00950,176,340684
5589,EV00825,123,342307
5590,EV01761,153,696126
5590,EV00400,164,194726
5591,EV00717,69,53287
5591,EV01228,150,26574
5591,EV01389,163,33432
5592,EV00665,86,105014
5592,EV00315,240,3231243
5592,EV00135,263,7571960
5592,EV00074,280,31149523
5593,EV00819,126,45008
5593,EV00355,138,188349
5593,EV00981,148,99863
5594,EV00325,70,208250
5594,EV00837,131,97219
5594,EV01819,161,48912
5595,EV01339,85,958584
5595,EV01595,108,128500
5595,EV01111,125,41660
5595,EV01189,139,245291
5595,EV01618,186,46648
5595,EV00249,208,3001548
5596,EV00908,92,222736
5596,EV00799,144,104510
5596,EV00557,145,111662
5596,EV00316,271,34906896
5597,EV01808,124,480354
5597,EV01164,133,1789119
5597,EV01524,146,146469
5597,EV01058,149,27662
5597,EV00422,182,8325148
5597,EV00337,213,449582
5598,EV01641,107,379442
5598,EV01304,111,64106
5598,EV01742,124,386593
5598,EV01116,174,70692
5598,EV00621,188,89390
5599,EV01743,84,247958
5599,EV01538,206,2739283
5600,EV01812,68,737794
5600,EV01277,109,225368
5600,EV00540,129,7908
5600,EV00607,132,61238
5600,EV00157,280,133212364
5600,EV01894,331,5563432
5601,EV00884,81,1466328
5601,EV01650,146,413545
5601,EV00767,148,24146
5601,EV00850,170,127201
5602,EV01689,108,130872
5602,EV00687,139,180220
5602,EV00758,157,1697365
5602,EV00616,168,130531
5602,EV01550,169,277560
5602,EV00595,186,155757
5602,EV00472,200,44926
5602,EV00312,272,3879774
5602,EV00003,279,3199717
5603,EV00953,141,205092
5603,EV00104,219,2961648
5604,EV01906,48,77076
5604,EV00854,123,163968
5604,EV00843,137,165944
5604,EV01419,140,1066404
5604,EV01134,194,125687
5604,EV00340,200,321576
5605,EV01133,60,17786
5605,EV00567,129,249313
5605,EV01464,149,26532
5605,EV01627,180,43319
5606,EV01350,140,152584
5606,EV01979,350,887830
5607,EV00396,104,130364
5607,EV01756,108,163701
5607,EV00761,113,755004
5607,EV00497,168,2317878
5607,EV00265,193,28068190
5607,EV00274,259,90000000
5608,EV00387,98,1117500
5609,EV00945,106,290568
5609,EV01339,143,730367
5609,EV00721,147,367195
5609,EV00651,215,336681
5610,EV00747,128,127210
5610,EV01451,173,70232
5610,EV01715,176,260710
5611,EV00565,129,12572
5611,EV00528,146,135359
5611,EV00767,151,7045
5611,EV01126,164,76656
5611,EV01104,189,1461397
5612,EV00491,103,657274
5612,EV01221,169,128061
5612,EV01211,184,55437
5613,EV00655,93,263166
5613,EV01464,110,47763
5613,EV00460,117,1679759
5613,EV00761,117,772633
5613,EV01695,119,590255
5613,EV01533,124,210673
5613,EV01345,183,60592
5613,EV00140,281,636879
5614,EV01930,45,145051
5614,EV01761,65,2045595
5614,EV01747,104,107151
5614,EV01111,121,84783
5614,EV00973,135,142833
5614,EV00767,173,20198
5614,EV00793,187,46905
5614,EV00875,187,1158613
5615,EV00550,60,564739
5615,EV01605,109,82048
5615,EV00443,178,18410
5616,EV01213,93,1510334
5616,EV01589,139,168435
5616,EV00060,241,1231015
5616,EV00130,282,4890249
5617,EV01082,119,231056
5617,EV01752,122,114276
5617,EV01233,154,956751
5617,EV01075,159,33168
5617,EV00614,170,435959
5617,EV01623,183,28309
5617,EV00817,207,2845099
5618,EV00547,116,180480
5618,EV01555,146,853361
5618,EV01392,209,107407
5618,EV00046,221,646311
5619,EV01810,73,49970
5619,EV00854,188,200403
5620,EV01970,4,4967847
5620,EV01027,147,263880
5620,EV01297,150,54347
5620,EV01505,178,489511
5621,EV01220,80,453188
5621,EV00634,170,144696
5621,EV00752,172,796714
5621,EV00225,306,968461
5622,EV00493,83,77674
5622,EV01747,85,416196
5622,EV01492,106,597599
5622,EV01080,124,638413
5622,EV01373,143,158939
5622,EV00831,181,1160667
5622,EV00285,222,37680972
5622,EV00054,247,38283761
5623,EV01138,125,107086
5623,EV01120,164,139434
5623,EV00115,240,3453380
5624,EV01883,33,2244966
5624,EV01058,136,26450
5624,EV01105,163,244910
5624,EV01037,170,53423
5625,EV00451,192,150987
5625,EV00274,274,34752017
5626,EV00714,125,120750
5626,EV01120,128,252112
5626,EV00752,153,1144875
5626,EV00017,217,1889150
5627,EV01568,115,1489248
5627,EV00345,166,22566
5627,EV01634,208,104335
5628,EV01148,96,817082
5628,EV01404,187,435390
5628,EV00003,240,3318037
5629,EV01277,133,107767
5630,EV01509,65,40641
5630,EV00864,123,86909
5630,EV01085,132,552428
5630,EV00964,144,533734
5630,EV00093,272,3679463
5631,EV00654,84,566350
5631,EV01345,111,82467
5632,EV00983,126,132714
5632,EV00553,178,2742227
5632,EV00731,200,1620152
5632,EV00275,305,3714287
5633,EV01794,112,75351
5633,EV00651,135,58535
5633,EV01296,153,119906
5634,EV01285,108,486716
5634,EV01718,172,331849
5635,EV01056,106,44067
5635,EV00288,273,664984
5636,EV00827,81,2086097
5636,EV01715,115,267017
5636,EV01634,127,215889
5636,EV00597,138,34712
5636,EV00749,146,218496
5636,EV01548,175,48874
5636,EV00126,223,1818422
5636,EV00206,274,2071233
5637,EV01288,123,123143
5637,EV01155,140,2411774
5637,EV00331,185,1960690
5637,EV00191,260,1321555
5638,EV00522,101,158426
5638,EV00975,147,1073811
5638,EV00790,173,114481
5639,EV01348,101,414055
5639,EV01190,138,299817
5639,EV00412,149,314376
5639,EV00710,168,925761
5640,EV01001,117,34470
5640,EV00864,118,30500
5640,EV01240,119,890517
5640,EV00392,126,1152541
5640,EV01006,143,147976
5641,EV00249,212,3029081
5642,EV01670,115,1489362
5642,EV00899,129,177752
5642,EV01600,156,240894
5642,EV01165,206,432792
5643,EV01565,116,876113
5643,EV00808,147,101232
5643,EV01552,152,156399
5644,EV01559,89,132666
5644,EV00606,96,210944
5644,EV01688,141,14546
5644,EV00481,145,1369218
5644,EV00917,147,308742
5644,EV01506,154,2386954
5644,EV00761,174,424439
5644,EV00183,257,10643798
5645,EV00466,128,25188
5645,EV00864,152,120857
5645,EV00068,237,8390371
5645,EV00275,267,2713580
5646,EV01228,144,21662
5646,EV00488,194,408381
5646,EV00112,218,2640551
5647,EV01753,107,220154
5647,EV00797,113,271940
5647,EV00936,164,968531
5647,EV01104,172,675390
5647,EV00186,228,14447764
5647,EV00046,263,6659386
5648,EV00941,123,73480
5648,EV01721,180,162737
5648,EV00291,285,2777027
5649,EV00731,82,1344662
5649,EV01660,118,652835
5649,EV01653,177,144304
5649,EV01040,189,17815
5651,EV00869,111,428422
5651,EV01365,125,139247
5651,EV00385,128,62717
5651,EV01442,149,560929
5651,EV01111,164,90949
5651,EV00967,176,25857
5651,EV01362,219,183728
5652,EV00767,181,25163
5652,EV00153,233,25235345
5652,EV00219,246,13926260
5653,EV00879,114,291491
5653,EV00522,138,385060
5653,EV00661,169,508558
5654,EV01742,84,452846
5654,EV01804,106,52301
5654,EV01429,123,142767
5654,EV00790,189,166221
5655,EV01264,87,1520696
5655,EV01291,113,208764
5655,EV00566,145,95636
5655,EV01697,169,1164761
5656,EV01368,135,490862
5656,EV01427,176,188836
5656,EV00165,239,5937774
5657,EV01623,70,105083
5657,EV00889,99,641300
5657,EV00565,113,14903
5657,EV01464,134,13363
5657,EV00339,207,550301
5657,EV00249,242,2535212
5658,EV01882,32,784748
5658,EV01489,118,723990
5658,EV01608,137,132792
5658,EV01414,154,32189
5658,EV00435,170,463280
5658,EV00147,225,39536524
5658,EV00082,286,3258717
5658,EV01910,347,3888232
5659,EV00509,89,162675
5659,EV00887,105,64197
5659,EV01111,160,61005
5659,EV00607,189,30760
5659,EV00831,206,414454
5659,EV00175,274,3625352
5660,EV00895,131,115806
5660,EV00372,185,280488
5660,EV01012,188,255186
5661,EV01678,89,1263201
5661,EV01033,149,430876
5661,EV00140,236,402129
5661,EV00216,267,650701
5662,EV00855,68,1522888
5662,EV00937,87,518408
5662,EV00618,124,871314
5662,EV00665,124,43762
5662,EV01028,143,1920575
5663,EV01023,103,158990
5663,EV01277,108,56587
5663,EV01760,125,21721
5663,EV00710,149,1271821
5663,EV00964,160,461931
5663,EV01631,160,278858
5663,EV00225,277,2175183
5664,EV01278,120,1514554
5664,EV01333,125,77437
5664,EV01451,174,203988
5665,EV01281,185,213564
5666,EV00862,77,263199
5666,EV00548,84,144136
5666,EV00500,100,169628
5666,EV01005,127,202890
5666,EV01671,128,181876
5667,EV00363,146,58955
5667,EV01008,161,1549913
5667,EV00328,166,752539
5668,EV00323,127,1171544
5668,EV00999,159,3894175
5668,EV01687,191,1155958
5669,EV01413,148,146091
5669,EV00720,205,84223
5670,EV00992,101,182914
5670,EV00493,117,290140
5670,EV00723,120,33579
5670,EV01068,130,405210
5670,EV01755,143,556172
5670,EV00405,152,94186
5671,EV00489,169,274693
5671,EV01260,179,327191
5671,EV00191,244,1292822
5672,EV00499,106,35185
5673,EV00882,103,603071
5673,EV00336,127,47644
5673,EV00863,128,112470
5673,EV01137,149,35502
5673,EV01238,152,224484
5673,EV00037,255,4573242
5674,EV01385,105,34455
5674,EV01067,130,69820
5674,EV00901,140,207131
5675,EV00766,117,58542
5675,EV00390,160,1724703
5675,EV00194,285,30488391
5676,EV01515,134,130099
5676,EV00423,153,321238
5676,EV01756,159,153044
5676,EV00453,163,867487
5676,EV01269,174,73289
5676,EV00682,187,84644
5677,EV01043,204,224586
5677,EV01848,348,2282306
5678,EV00455,128,991343
5678,EV01014,143,52516
5678,EV00651,181,619186
5679,EV01306,99,72596
5679,EV00285,206,12899070
5680,EV01827,36,2314900
5680,EV01551,97,116227
5680,EV01021,162,373856
5681,EV00471,138,2942175
5681,EV00536,142,77780
5681,EV01382,146,151204
5681,EV01104,171,1165014
5681,EV00026,232,1825517
5681,EV00039,261,2136144
5682,EV00651,136,118710
5682,EV00419,200,165199
5683,EV01289,102,15007
5683,EV00868,142,65796
5683,EV01274,143,21654
5683,EV01665,160,726207
5683,EV01033,183,575690
5683,EV00210,223,45433876
5683,EV00087,240,17926783
5684,EV00898,130,142474
5684,EV01226,137,93040
5684,EV01263,145,474094
5684,EV00326,167,55724
5685,EV01408,133,35497
5685,EV00512,134,458262
5685,EV01376,136,3987408
5685,EV01434,175,103840
5685,EV01238,183,341682
5685,EV00614,204,867766
5685,EV00076,273,4613984
5686,EV01421,125,73494
5686,EV00827,176,1851633
5687,EV00226,280,1309669
5687,EV00257,283,22316851
5688,EV01087,135,103697
5689,EV01317,92,195610
5689,EV01702,117,29829
5691,EV00747,73,135884
5691,EV00615,156,625156
5691,EV00882,185,951996
5692,EV01404,110,440671
5692,EV01542,191,359199
5692,EV00387,200,507244
5693,EV00814,112,302151
5693,EV01813,115,1201003
5693,EV00049,230,27809838
5694,EV01975,54,389243
5694,EV01207,132,1997952
5694,EV01639,139,100912
5694,EV01218,164,851039
5695,EV00639,103,903346
5695,EV00531,171,4597647
5695,EV00083,263,8240040
5696,EV00375,117,40900
5697,EV01982,19,4104484
5697,EV00884,159,707927
5698,EV00903,175,95609
5698,EV00299,248,1576768
5699,EV01290,149,355481
5699,EV00489,152,189828
5699,EV00310,176,80379729
5700,EV00950,91,738852
5700,EV00373,208,43975
5701,EV00683,133,133159
5702,EV01238,105,430837
5702,EV00457,117,94249
5702,EV00496,125,91857
5702,EV01209,131,568509
5702,EV00309,294,3975760
5703,EV01673,81,256604
5704,EV00631,79,156371
5704,EV00738,124,243479
5704,EV00790,132,54919
5704,EV00445,173,157675
5705,EV01090,94,123796
5705,EV01591,160,241209
5705,EV00714,198,84494
5705,EV01377,240,2381778
5706,EV01385,111,63242
5706,EV00496,203,27733
5707,EV00993,160,25269
5707,EV00793,162,116164
5707,EV00168,255,2508288
5708,EV01509,110,48877
5708,EV01091,144,25801
5708,EV01814,154,93339
5708,EV01242,179,40020
5708,EV00294,222,5794416
5708,EV00030,254,11238371
5708,EV00033,262,19294764
5708,EV00188,269,20512564
5709,EV01327,99,91241
5709,EV00794,140,1446153
5709,EV00684,173,400420
5710,EV01345,172,33042
5710,EV01659,180,183110
5710,EV01385,189,41279
5711,EV00782,74,2024967
5711,EV00594,150,55833
5711,EV01633,167,121078
5712,EV00651,114,431357
5712,EV00531,120,5304086
5712,EV00600,169,17860
5713,EV01784,173,52622
5714,EV01419,99,1112132
5714,EV01155,119,1715206
5714,EV00772,124,267627
5714,EV00780,127,108769
5714,EV01424,146,822585
5714,EV01548,153,69472
5714,EV00995,170,533451
5714,EV01569,217,1828753
5715,EV01210,120,407100
5715,EV01290,128,125648
5715,EV01570,161,52478
5715,EV01622,168,108434
5716,EV01079,93,165483
5716,EV01634,93,239430
5716,EV00471,132,1033469
5716,EV01769,156,81898
5716,EV00499,171,47331
5716,EV00033,281,26655389
5717,EV00635,126,1196426
5717,EV00649,148,3542719
5717,EV01596,170,3042282
5718,EV00111,224,658530
5718,EV00210,258,37062300
5719,EV01601,90,5218518
5719,EV00805,142,97940
5719,EV00887,158,135822
5719,EV00602,178,64290
5719,EV00879,210,84354
5719,EV00140,251,681980
5719,EV00271,253,1780367
5719,EV00288,255,696989
5720,EV01014,93,32006
5720,EV00493,106,154644
5720,EV01382,114,250507
5720,EV01793,123,30886
5720,EV01274,166,12690
5720,EV00120,213,4453571
5721,EV00544,88,62783
5721,EV01703,121,66509
5721,EV00863,206,225813
5722,EV01431,95,911831
5722,EV01236,137,1023916
5722,EV01346,139,25310
5722,EV00651,188,325993
5722,EV00954,192,74561
5722,EV01890,330,511775
5723,EV00363,115,29740
5723,EV01012,115,159834
5723,EV00783,116,106719
5723,EV01793,129,31250
5723,EV00528,160,260739
5723,EV01177,206,21953
5724,EV01680,109,371286
5724,EV01180,158,258826
5724,EV00732,219,2738668
5725,EV01414,128,29402
5725,EV01693,155,94999
5725,EV01304,163,24057
5725,EV00548,180,63983
5725,EV00590,184,40882
5725,EV00594,208,65869
5726,EV00869,140,558816
5726,EV01772,142,16065
5727,EV00935,117,2262321
5727,EV00399,152,173245
5727,EV00843,185,229193
5727,EV00011,261,21594136
5728,EV01183,95,142645
5728,EV00749,145,619959
5728,EV01552,189,257582
5729,EV01933,13,463899
5729,EV00376,62,37953
5729,EV00819,149,129642
5729,EV01439,174,1407705
5729,EV01012,176,377950
5729,EV00842,208,41883
5730,EV01503,139,954750
5730,EV01518,145,369595
5731,EV00539,161,769989
5731,EV00131,248,37062113
5732,EV00927,148,414017
5732,EV01044,149,132770
5732,EV01292,163,1185315
5732,EV00294,237,7457716
5733,EV01415,105,908685
5733,EV00521,118,608136
5733,EV00427,169,56405
5734,EV01508,107,563110
5734,EV00810,159,945746
5734,EV00709,194,92870
5735,EV01292,87,757376
5735,EV00754,178,298600
5735,EV00668,216,951378
5736,EV01824,36,352810
5737,EV00375,81,67115
5737,EV00374,126,1125833
5737,EV01310,170,46224
5738,EV01079,101,136681
5738,EV01158,123,218083
5738,EV01262,137,114156
5738,EV01332,149,1157800
5738,EV01798,165,197521
5738,EV00312,253,3636534
5739,EV01113,101,461505
5739,EV01345,122,56492
5739,EV01572,138,23796
5739,EV00073,253,11998280
5740,EV00955,91,3807592
5740,EV00334,126,408061
5740,EV00502,165,1262236
5741,EV00805,138,184208
5741,EV00316,295,43085785
5742,EV00616,160,63407
5742,EV00416,186,2466578
5742,EV01288,227,142893
5743,EV01111,99,11263
5743,EV00061,239,41689069
5743,EV00039,263,1150410
5744,EV00882,81,656621
5744,EV01465,97,162635
5744,EV00451,131,406140
5744,EV01633,137,56912
5744,EV01760,149,16625
5744,EV00486,152,112353
5744,EV00438,155,334436
5744,EV01408,192,33275
5745,EV01276,129,54078
5745,EV01354,130,3869974
5745,EV01382,163,145239
5746,EV00717,114,110861
5746,EV01464,118,60380
5746,EV00883,152,46905
5746,EV01526,163,69093
5747,EV01768,148,677037
5747,EV00198,264,19951444
5748,EV00651,105,575356
5748,EV01280,130,87713
5748,EV01930,353,586827
5748,EV01897,365,3809604
5749,EV00421,123,3250316
5749,EV01404,131,703599
5749,EV01280,135,166946
5749,EV01766,145,230878
5749,EV00539,148,1400048
5749,EV01427,158,115087
5749,EV00758,173,915653
5750,EV01529,104,34488
5750,EV00655,165,225464
5750,EV00535,180,46258
5750,EV00604,229,261580
5751,EV01188,172,432074
5751,EV00055,240,29096915
5751,EV00204,310,33332976
5752,EV01701,161,74363
5752,EV00258,222,33986006
5753,EV00995,91,374688
5753,EV00804,187,2662735
5753,EV01113,187,581770
5754,EV01505,117,303629
5754,EV00355,121,273969
5754,EV00750,126,228936
5755,EV01658,143,5411611
5755,EV00843,168,146027
5756,EV01494,153,1411332
5756,EV00126,224,2491381
5757,EV00994,87,217217
5757,EV00991,90,166821
5757,EV00566,119,144127
5757,EV01202,120,47091
5757,EV00720,121,39721
5757,EV01202,148,32573
5758,EV01846,82,546508
5758,EV01811,86,21834
5758,EV00336,104,50537
5758,EV00789,109,169075
5758,EV00880,116,2274576
5758,EV00130,265,3316468
5759,EV00450,106,709652
5759,EV01492,147,965576
5759,EV00981,164,56283
5759,EV00325,168,162034
5759,EV01346,227,33357
5760,EV01943,338,3289791
5761,EV00749,111,318581
5761,EV01419,112,840585
5761,EV00884,123,259183
5761,EV01342,177,44222
5761,EV01158,209,156500
5762,EV01806,102,64565
5762,EV01533,117,191957
5762,EV00358,127,161861
5762,EV01131,142,20171
5762,EV00435,147,369106
5762,EV01428,156,61164
5762,EV01686,160,70420
5762,EV01180,212,74485
5763,EV01944,18,12060895
5763,EV00405,168,198090
5763,EV00368,185,62024
5764,EV00657,151,285684
5765,EV01636,130,161401
5765,EV01190,148,467544
5765,EV01342,176,42884
5765,EV01076,188,83118
5765,EV00168,246,1559654
5766,EV01836,42,193629
5766,EV00821,116,211561
5766,EV00589,149,591455
5766,EV00358,177,255288
5766,EV00112,237,680627
5766,EV01503,239,411468
5767,EV01663,92,160246
5767,EV00592,115,114414
5767,EV00326,163,90279
5767,EV01781,164,992758
5767,EV01793,181,21934
5767,EV00003,240,2792694
5767,EV00225,299,5011637
5767,EV01878,358,770259
5768,EV01350,111,60612
5768,EV01634,158,318774
5768,EV01539,201,18660
5768,EV01289,211,43202
5768,EV00008,284,12712671
5769,EV01329,85,33370
5769,EV00655,88,293393
5769,EV01067,93,204431
5769,EV00936,122,1564145
5769,EV00655,143,251292
5769,EV00866,194,163268
5770,EV01425,85,191375
5770,EV00593,143,952855
5771,EV01141,131,98534
5771,EV01310,144,11272
5772,EV01846,59,387112
5772,EV01793,122,12151
5772,EV01392,137,214759
5772,EV00548,165,114652
5772,EV00489,187,138514
5772,EV00523,192,711775
5772,EV00158,261,2560577
5773,EV00496,90,176766
5773,EV00712,151,188121
5773,EV01153,168,259163
5773,EV00558,191,985675
5774,EV01707,132,538701
5774,EV00751,133,10254
5775,EV00394,114,430655
5775,EV01404,156,338998
5776,EV01362,79,88327
5776,EV01507,97,439615
5776,EV01797,123,265982
5776,EV00156,240,9247861
5776,EV00295,283,21232094
5777,EV01427,120,126524
5777,EV00577,125,12021
5777,EV00871,221,1182552
5778,EV00540,60,72722
5778,EV01240,60,665761
5778,EV00436,84,343545
5778,EV00777,100,80343
5778,EV00543,190,172197
5778,EV00908,208,145462
5779,EV01913,43,1412647
5779,EV00816,68,88911
5779,EV01329,146,72014
5779,EV00615,176,630093
5779,EV00366,234,917459
5780,EV00368,85,10061
5780,EV00896,94,41854
5780,EV01067,94,56104
5780,EV01084,108,378579
5781,EV00655,90,187167
5781,EV01288,92,222189
5781,EV01747,121,200599
5781,EV01604,137,562983
5781,EV01623,159,90985
5781,EV00941,177,29473
5782,EV00734,61,7766
5782,EV00478,119,3901
5782,EV00993,146,57232
5782,EV00206,287,1253419
5783,EV00773,109,220386
5783,EV00548,118,38972
5783,EV00657,140,225258
5783,EV01650,146,306936
5783,EV00003,243,634509
5784,EV01775,60,185541
5784,EV01770,91,232417
5784,EV01815,107,439885
5784,EV00640,124,1778522
5784,EV00486,136,168446
5784,EV01743,143,346679
5785,EV01415,103,922215
5785,EV00337,120,436038
5785,EV00405,126,165056
5785,EV01669,135,429488
5785,EV00636,158,271720
5785,EV00709,158,119650
5786,EV01616,124,16427
5786,EV00413,150,70869
5786,EV00915,155,169248
5786,EV00793,170,82120
5787,EV00761,147,648786
5787,EV00850,178,67424
5787,EV01956,349,1200916
5788,EV01936,11,4963897
5788,EV01418,70,92864
5788,EV00760,77,72308
5788,EV01781,86,642739
5788,EV01696,136,2105972
5788,EV01029,143,78904
5788,EV00355,147,83520
5788,EV00804,177,4673940
5790,EV00997,75,16971
5790,EV00548,91,48096
5790,EV01695,148,356401
5790,EV01131,166,8706
5790,EV00502,187,1529543
5791,EV01164,100,841311
5791,EV01579,146,2064795
5791,EV00837,167,68287
5791,EV00718,180,55872
5792,EV00901,126,487607
5793,EV00535,115,31877
5793,EV01677,178,192210
5793,EV01122,187,3022778
5793,EV00216,254,857991
5794,EV01649,81,735633
5794,EV01575,162,43815
5794,EV00050,247,25584316
5794,EV00316,267,103179575
5794,EV00267,308,58817916
5795,EV01590,92,66986
5795,EV00725,127,1199649
5795,EV01544,154,322638
5795,EV00973,169,132582
5795,EV00082,233,4251286
5796,EV01238,118,132622
5796,EV01266,124,393996
5796,EV01237,152,25096
5797,EV01010,113,543016
5797,EV01793,137,21236
5797,EV00857,145,322842
5798,EV00979,106,166633
5798,EV01743,117,1026744
5798,EV00992,132,251425
5798,EV00510,135,1046289
5798,EV01474,137,2616014
5798,EV00192,250,18386814
5799,EV00674,99,18277
5800,EV01276,118,25914
5800,EV00548,138,23147
5801,EV01071,62,2432008
5801,EV00618,119,772577
5801,EV00943,123,238900
5801,EV01351,159,13576
5802,EV00354,141,667790
5802,EV01285,141,340996
5803,EV00964,155,360387
5803,EV01672,164,123565
5804,EV01925,11,1831812
5804,EV00368,153,24028
5804,EV00455,192,1021157
5804,EV00257,239,14262720
5804,EV00001,268,1231520
5804,EV00093,272,1458785
5805,EV00813,70,1350284
5805,EV01627,138,174693
5805,EV00703,147,82818
5805,EV00501,155,115116
5805,EV00034,275,43468246
5806,EV01238,105,227586
5806,EV01403,136,685750
5806,EV01288,209,157728
5807,EV01829,53,6224056
5807,EV01699,102,37394
5807,EV00653,108,70563
5807,EV01109,120,222737
5807,EV01103,148,82052
5808,EV01600,113,130487
5808,EV00964,116,342562
5808,EV00491,136,210213
5808,EV01623,158,72110
5808,EV01253,189,108611
5808,EV00981,192,144054
5808,EV01975,361,685630
5810,EV01358,94,209321
5810,EV00512,106,485171
5810,EV01082,149,67237
5810,EV01500,185,78036
5810,EV00253,237,2101201
5810,EV00003,274,2670604
5811,EV01505,103,175670
5811,EV01644,144,2323316
5812,EV01503,114,849811
5812,EV01244,152,339110
5812,EV00270,266,3129619
5813,EV01616,73,67714
5813,EV01077,91,435023
5813,EV00848,130,36817
5813,EV00864,136,60948
5813,EV01166,136,369763
5813,EV01403,174,679904
5814,EV01252,157,801461
5814,EV00847,173,24069
5814,EV01984,364,2082882
5815,EV01633,173,31685
5815,EV00444,186,100335
5815,EV00165,238,18778192
5816,EV01180,111,220861
5816,EV00443,188,120873
5817,EV01503,89,948353
5817,EV01526,143,59271
5817,EV00827,152,615969
5817,EV00672,169,92065
5817,EV00335,174,1024107
5818,EV01630,164,1402787
5819,EV01801,91,88349
5819,EV00064,263,130976144
5820,EV00583,130,58593
5820,EV00652,133,2741652
5820,EV00214,209,13618218
5820,EV01083,225,2334597
5821,EV01669,160,167337
5821,EV01493,182,8554537
5821,EV01693,188,106355
5821,EV01029,209,53286
5821,EV00720,220,37820
5822,EV01072,128,596502
5822,EV01548,130,47203
5822,EV00288,267,279663
5822,EV00304,280,29188924
5823,EV01158,76,302365
5823,EV01054,157,316529
5823,EV01332,168,933269
5823,EV00115,253,2106620
5824,EV01794,109,80848
5824,EV00973,129,132874
5824,EV01001,144,45541
5824,EV00686,159,2272201
5824,EV00644,197,3388784
5825,EV01333,176,72152
5825,EV01757,176,43675
5825,EV00979,224,112147
5826,EV00778,108,85985
5826,EV01352,123,3817087
5826,EV01343,142,108096
5826,EV01580,168,29909
5826,EV00616,169,211137
5826,EV00026,193,2604009
5826,EV01646,198,48239
5826,EV00068,248,8055590
5827,EV01996,10,3257644
5827,EV00275,231,8600415
5827,EV00262,236,12510651
5827,EV00113,283,2582969
5828,EV01983,48,1393109
5828,EV01757,114,40532
5828,EV01406,155,1585048
5828,EV00328,163,923473
5828,EV01143,193,236509
5829,EV01419,84,435814
5829,EV01469,104,594403
5829,EV00511,109,275349
5829,EV01519,154,417497
5829,EV01400,167,116280
5830,EV01122,98,2308749
5830,EV00731,153,1967104
5830,EV01414,153,50394
5830,EV00773,160,424650
5830,EV00954,168,72896
5831,EV01778,94,54029
5831,EV01804,134,39809
5831,EV01634,151,429260
5831,EV00297,241,17679240
5832,EV00917,125,343210
5832,EV00532,153,143536
5833,EV00574,90,249865
5833,EV00356,115,280170
5833,EV01632,120,2321229
5833,EV00564,148,1089799
5833,EV01572,157,86001
5834,EV01111,60,61281
5834,EV00328,159,268621
5834,EV01216,162,1258736
5835,EV01967,46,246492
5835,EV01094,115,186376
5835,EV00416,123,777478
5835,EV01449,161,66641
5835,EV00758,168,732091
5835,EV01699,172,168612
5836,EV01413,114,159215
5836,EV01742,125,485338
5836,EV01535,147,959612
5836,EV01385,165,80276
5837,EV01812,60,528282
5837,EV01693,88,197004
5837,EV00522,137,401043
5837,EV00126,225,2108099
5838,EV01571,142,531034
5838,EV01233,183,1260933
5838,EV00618,221,905055
5839,EV01088,96,89073
5839,EV00481,98,494426
5839,EV00966,117,1075921
5839,EV00631,159,118060
5839,EV01346,173,62420
5839,EV00214,258,10767088
5840,EV01436,107,3623313
5840,EV01634,113,284152
5841,EV01100,76,60987
5842,EV00696,203,799149
5842,EV00197,269,56569311
5842,EV00316,294,23537516
5844,EV01055,84,1392060
5845,EV00850,69,124319
5845,EV00973,144,77670
5845,EV01420,146,1377227
5845,EV00680,158,1167416
5845,EV00089,198,1204488
5845,EV00318,260,9146787
5846,EV00501,117,285108
5846,EV01540,212,1030800
5847,EV01793,96,21189
5847,EV01653,168,92135
5847,EV01651,172,92022
5847,EV00348,181,784891
5847,EV00778,219,117053
5847,EV00026,271,2294014
5848,EV01441,78,559645
5848,EV00288,170,919182
5849,EV00614,115,735680
5849,EV00655,167,54726
5849,EV00225,283,1616899
5850,EV01109,147,276783
5850,EV00772,161,302578
5850,EV00592,189,120047
5850,EV01590,198,41466
5851,EV01851,25,4059523
5851,EV01490,76,286009
5851,EV01118,99,949267
5851,EV00206,232,2426083
5851,EV00435,233,542354
5851,EV00010,250,13743710
5852,EV00843,108,76198
5852,EV00938,145,62349
5853,EV01105,103,152906
5853,EV01575,146,48103
5853,EV01444,154,386576
5853,EV00412,178,288315
5853,EV01347,178,147332
5853,EV00225,242,2198683
5854,EV00731,159,1479757
5854,EV01171,177,29047
5854,EV00249,228,1322060
5855,EV00965,102,424633
5855,EV00773,147,233679
5855,EV01529,161,135940
5855,EV00365,167,514874
5855,EV01175,174,26174
5855,EV01401,179,827784
5856,EV00363,114,82815
5856,EV00159,256,11903585
5856,EV00039,295,1711655
5858,EV01505,133,414752
5858,EV01693,145,42163
5858,EV00123,237,8569852
5860,EV00888,90,384717
5860,EV01029,148,49231
5860,EV01780,156,67991
5860,EV01500,168,176683
5861,EV00483,135,816699
5861,EV01019,147,40453
5861,EV00404,154,234193
5861,EV01745,163,42538
5861,EV00191,233,270886
5862,EV01874,48,356526
5862,EV01804,109,85498
5862,EV01705,165,332989
5863,EV00937,122,243592
5863,EV00527,151,157325
5863,EV00573,157,410629
5863,EV00150,214,19789995
5864,EV01618,104,10521
5864,EV01793,119,30927
5864,EV00571,136,1032133
5864,EV01589,143,1290539
5864,EV01535,155,430277
5864,EV00432,168,1145662
5865,EV01795,98,81296
5865,EV00466,121,42441
5865,EV01465,123,385491
5866,EV00439,122,169445
5866,EV01710,137,344763
5866,EV00683,185,63317
5867,EV00631,97,98851
5867,EV00814,97,1031949
5867,EV00914,128,208750
5867,EV00717,144,14253
5868,EV01808,123,43874
5868,EV00794,132,353608
5868,EV01548,136,54907
5868,EV00992,156,209395
5868,EV00250,264,842679
5869,EV01451,100,150193
5869,EV00492,146,96046
5869,EV00354,156,499122
5869,EV00416,178,1304317
5869,EV01423,210,95294
5870,EV01422,105,66758
5870,EV01012,135,229083
5870,EV01565,203,446201
5871,EV00805,112,113784
5871,EV01753,144,166554
5872,EV01228,125,6446
5872,EV01499,127,634715
5872,EV01064,146,1806713
5872,EV00246,241,11699411
5873,EV00775,147,714293
5873,EV01254,163,2088580
5873,EV00017,244,1590927
5874,EV00846,93,1539939
5874,EV01093,105,1629930
5874,EV01244,138,241887
5874,EV01312,163,2364214
5874,EV00270,216,3452311
5875,EV00416,109,736927
5875,EV01177,113,129361
5875,EV00510,140,308947
5875,EV01753,145,154929
5875,EV01610,159,289797
5875,EV00083,259,4114590
5876,EV01535,134,545278
5876,EV01770,136,151484
5876,EV00679,140,302272
5876,EV00361,146,382343
5876,EV01177,178,238514
5876,EV00126,239,7088339
5877,EV01349,148,84245
5877,EV00204,226,4519887
5877,EV00069,299,100072945
5878,EV01097,95,23149
5878,EV01693,110,138901
5878,EV00068,242,8842472
5879,EV00496,164,110193
5879,EV00607,170,116665
5879,EV01498,184,58156
5879,EV00251,253,27139425
5880,EV00989,153,213182
5880,EV01475,179,2649699
5880,EV01511,223,303400
5881,EV00338,119,9255863
5881,EV00358,150,374304
5882,EV00814,122,361441
5882,EV01203,138,1070489
5883,EV01757,134,153624
5884,EV00896,98,141046
5884,EV00749,109,462640
5884,EV00595,146,91234
5884,EV01729,153,1333475
5884,EV01747,161,329081
5885,EV01970,30,2676803
5885,EV01200,92,370664
5885,EV01127,106,68945
5885,EV00559,109,21928
5885,EV01752,161,102250
5885,EV00222,267,1383174
5886,EV01413,121,71998
5886,EV01111,172,67017
5886,EV01075,173,26929
5887,EV00487,66,2006139
5887,EV01269,78,70932
5887,EV01023,92,234369
5887,EV01321,129,168548
5887,EV00562,195,64814
5887,EV00185,215,9418440
5888,EV01285,90,454864
5888,EV00637,154,301644
5888,EV00046,197,8033784
5888,EV00184,206,5847474
5889,EV00884,116,674431
5889,EV00641,143,1255835
5889,EV01732,193,23332
5889,EV00281,251,7624586
5890,EV00709,103,109371
5890,EV01576,139,4503055
5890,EV01768,144,259196
5890,EV00772,162,334932
5890,EV01770,167,442558
5890,EV01273,173,197046
5890,EV00140,220,739498
5891,EV00827,87,668487
5891,EV01117,129,252606
5891,EV01225,148,2869092
5891,EV00712,193,258271
5892,EV00770,105,1740924
5893,EV01693,74,236384
5893,EV00975,168,205850
5893,EV00198,243,14469328
5893,EV00140,268,1112398
5894,EV01760,100,14925
5894,EV00579,107,119992
5894,EV00206,237,2582869
5895,EV01326,123,284307
5895,EV01392,124,449449
5895,EV01010,128,449718
5895,EV00499,134,16911
5895,EV01235,174,279483
5896,EV00489,86,150950
5896,EV00271,208,2095253
5897,EV01558,161,83775
5897,EV00222,250,2015214
5898,EV01304,121,112219
5898,EV01456,126,1301957
5898,EV01324,143,642720
5898,EV00575,163,4436230
5898,EV01160,170,552242
5898,EV00896,171,115463
5898,EV00024,211,29221146
5899,EV01382,98,115385
5899,EV01332,131,818035
5899,EV00535,147,161444
5899,EV00298,273,15777019
5900,EV00868,106,107585
5900,EV00574,141,265425
5900,EV01385,193,125525
5901,EV01373,171,285955
5901,EV00862,175,639543
5901,EV00901,195,221143
5901,EV00363,199,46490
5901,EV00158,249,4053211
5902,EV00823,92,1864696
5902,EV01076,130,215769
5902,EV00731,132,1527861
5902,EV00146,227,10840111
5903,EV00312,254,13871647
5904,EV00806,92,4252225
5904,EV01484,162,381553
5904,EV00045,264,23098324
5905,EV01846,3,357342
5905,EV01148,64,1088996
5905,EV01768,139,465137
5906,EV01120,130,243166
5907,EV00817,123,2978245
5907,EV01699,140,103418
5907,EV00866,153,228526
5907,EV01148,204,2184204
5908,EV01836,44,174615
5908,EV01289,60,81386
5908,EV00719,164,42964
5909,EV02000,53,2086110
5909,EV00782,119,1901819
5909,EV00831,192,215447
5910,EV00767,169,32652
5911,EV00548,119,16928
5911,EV00502,162,1031597
5911,EV01455,189,1103978
5912,EV01349,60,223037
5912,EV00548,125,120977
5912,EV00883,137,81290
5912,EV00963,145,2361012
5913,EV00509,99,52358
5913,EV00405,131,188062
5913,EV00828,177,1175945
5913,EV00412,185,211837
5913,EV00457,196,74772
5914,EV01332,106,703607
5914,EV01285,164,468542
5915,EV00448,153,725892
5916,EV01984,59,1618921
5916,EV01437,105,104478
5916,EV00669,134,419900
5916,EV01791,159,67798
5916,EV00712,165,246746
5917,EV01760,131,20158
5917,EV00717,136,32274
5917,EV00685,144,1676594
5918,EV01845,14,2665940
5918,EV00616,135,326895
5918,EV01441,154,246995
5918,EV01275,160,1057892
5918,EV00030,246,3338236
5919,EV00577,135,11398
5919,EV01233,172,3246505
5919,EV00124,215,46062554
5920,EV00595,101,115834
5920,EV01475,115,1695136
5920,EV00403,126,617182
5920,EV01707,141,255934
5920,EV00257,205,22517976
5921,EV00548,125,35356
5921,EV01067,133,150900
5921,EV01503,138,1108150
5921,EV00805,240,88372
5921,EV00241,282,3543491
5921,EV00093,286,3454817
5921,EV01954,364,2539461
5922,EV00710,112,1697543
5922,EV01379,121,11198
5922,EV00720,122,80623
5922,EV00923,142,51814
5922,EV00565,163,39259
5922,EV00522,186,307989
5923,EV00635,95,547806
5923,EV00793,116,52654
5923,EV01274,133,17288
5923,EV01429,141,105302
5923,EV01524,146,144622
5923,EV00614,151,603977
5923,EV00914,158,191546
5923,EV00946,197,150364
5923,EV00281,202,9804573
5924,EV01784,93,59189
5924,EV00377,128,530867
5924,EV01029,141,58029
5924,EV00533,149,1430277
5924,EV00496,152,93915
5924,EV00096,225,440921
5924,EV00024,256,43672533
5925,EV01845,31,2175963
5925,EV01697,143,534689
5925,EV01444,147,386095
5925,EV01180,163,197981
5925,EV00258,286,37241518
5926,EV01242,140,155814
5926,EV01414,143,34065
5926,EV00473,163,655612
5927,EV00389,89,334421
5927,EV01604,126,433186
5927,EV00848,128,39055
5928,EV01103,89,189095
5928,EV01590,122,57925
5928,EV00497,129,1165923
5928,EV00498,131,205650
5928,EV00507,142,1900815
5928,EV01809,144,1389325
5929,EV01975,16,375452
5929,EV01662,79,798488
5929,EV00786,126,38390
5929,EV00277,215,14239617
5929,EV01840,365,1107570
5930,EV01116,77,16306
5930,EV01317,90,152909
5930,EV00507,131,2543142
5930,EV01408,142,21373
5930,EV01361,156,246438
5930,EV00682,189,44306
5930,EV00212,283,26247078
5931,EV01408,154,60963
5931,EV00973,188,143856
5932,EV01615,91,271482
5932,EV00715,198,224696
5933,EV01158,81,220716
5933,EV01410,128,204622
5933,EV00168,223,1256684
5935,EV01580,220,58267
5936,EV01639,116,57396
5936,EV01230,123,97908
5936,EV01379,154,19224
5936,EV01770,167,215874
5937,EV00968,129,97490
5937,EV00634,133,239704
5938,EV01451,130,134300
5938,EV00366,143,620692
5938,EV00869,151,561589
5938,EV01709,185,708170
5938,EV01382,219,218341
5939,EV00609,99,1261356
5939,EV00699,110,63203
5939,EV01650,154,290454
5939,EV00896,159,220937
5939,EV01782,160,1112921
5939,EV01180,178,169485
5939,EV00883,179,192304
5939,EV00206,232,4280180
5940,EV00699,121,109093
5940,EV01424,151,867325
5941,EV00772,128,302864
5941,EV00953,149,107483
5941,EV01661,166,637266
5941,EV01221,178,68917
5941,EV00385,192,58449
5941,EV00036,254,33480964
5941,EV00130,271,3433905
5942,EV01862,23,1581329
5942,EV01565,154,553620
5942,EV00940,157,575743
5942,EV01779,183,481229
5943,EV00900,106,1673526
5943,EV00793,111,111139
5943,EV00899,121,209813
5943,EV01719,121,819474
5943,EV01369,164,977326
5944,EV01646,132,19556
5944,EV01778,133,31458
5944,EV00703,150,170824
5944,EV00807,191,240351
5945,EV01059,72,41625
5945,EV00981,151,164342
5946,EV00565,125,35263
5946,EV01508,135,697491
5946,EV01671,167,104195
5946,EV00358,169,120442
5946,EV00017,201,3008931
5947,EV01166,114,342252
5947,EV01672,125,133376
5947,EV00652,136,3985256
5947,EV00018,199,39845778
5948,EV00882,94,611210
5948,EV01741,101,1154774
5948,EV00604,124,397812
5948,EV00666,124,55119
5948,EV00717,157,41579
5948,EV01067,179,110108
5949,EV01316,95,314166
5949,EV01165,130,200282
5949,EV00516,132,1028469
5950,EV01084,117,223319
5950,EV00712,162,90211
5950,EV00353,181,239618
5950,EV00178,253,625385
5951,EV01001,125,36934
5951,EV01634,165,152579
5951,EV00423,202,109708
5951,EV01571,203,2410111
5951,EV00271,244,6525432
5952,EV01289,117,31898
5952,EV01409,158,95102
5952,EV00001,192,1130832
5952,EV00873,194,287619
5953,EV00431,111,114276
5953,EV01918,355,220921
5954,EV01500,108,6605
5954,EV01326,136,353962
5954,EV00890,150,8124
5954,EV00600,170,69330
5954,EV00702,181,1687178
5954,EV01428,206,95283
5955,EV01110,102,62699
5955,EV01184,102,650821
5957,EV01913,47,639961
5957,EV01459,106,1193979
5958,EV01623,95,57566
5958,EV01348,110,1536114
5958,EV01500,135,80271
5958,EV01010,144,772518
5959,EV00709,155,172349
5959,EV01138,189,61578
5960,EV01549,113,231230
5960,EV01208,153,71379
5960,EV00021,196,720349
5961,EV00565,131,56947
5961,EV01334,149,253613
5961,EV01228,178,52637
5962,EV01451,129,175420
5962,EV01102,150,337466
5962,EV00438,153,346358
5962,EV00705,154,448300
5962,EV00126,208,2597565
5963,EV00451,97,367443
5963,EV00945,107,859654
5963,EV01768,112,1095889
5963,EV00884,121,516771
5963,EV01653,124,98749
5963,EV00445,240,58021
5964,EV01464,95,37118
5964,EV00679,142,516255
5965,EV01228,97,53071
5965,EV00875,198,663183
5965,EV00183,234,5077813
5965,EV00288,251,982066
5965,EV01937,334,893573
5966,EV00796,61,55750
5966,EV01769,129,250878
5966,EV00884,137,619255
5966,EV00623,163,179408
5966,EV01703,172,67462
5966,EV00831,186,605025
5966,EV01233,207,1970705
5966,EV00250,260,1509932
5967,EV00718,60,54597
5967,EV00654,101,411142
5967,EV01289,120,11288
5967,EV01298,152,963323
5968,EV01233,60,1017188
5968,EV01068,116,352271
5968,EV01376,131,2268085
5968,EV01575,132,17370
5968,EV00325,151,217086
5968,EV01090,160,413932
5969,EV00717,111,9545
5969,EV01388,152,50080
5970,EV01570,60,192630
5970,EV00775,89,669872
5970,EV01404,127,678968
5970,EV00763,138,95857
5970,EV00374,159,221966
5970,EV00432,182,572177
5970,EV00222,236,3186580
5971,EV00600,99,55933
5971,EV00940,162,551975
5971,EV00543,193,182246
5971,EV00135,219,10367012
5971,EV00304,248,18552770
5972,EV01289,95,19122
5972,EV00712,150,341226
5972,EV00005,281,45203727
5972,EV00113,283,1834091
5973,EV00375,135,93448
5973,EV01581,147,238558
5973,EV01483,226,906815
5973,EV00003,252,4116950
5974,EV01204,123,115666
5974,EV01068,161,157780
5974,EV01077,162,836882
5974,EV00671,169,31013
5974,EV00255,242,2248806
5975,EV00720,92,173996
5975,EV01565,105,924124
5975,EV00567,124,121626
5975,EV00718,166,33588
5975,EV00288,252,654024
5976,EV00376,81,163762
5976,EV01649,133,284576
5976,EV00566,144,85529
5977,EV01846,22,206215
5977,EV00837,95,70238
5977,EV00943,108,985326
5977,EV00389,133,578575
5977,EV01235,161,272010
5977,EV01955,327,789717
5979,EV01580,100,42648
5979,EV01324,106,3355936
5979,EV01230,114,79460
5979,EV01461,136,2287804
5980,EV01198,122,256118
5980,EV00658,131,1402346
5981,EV00710,68,2116275
5981,EV01793,94,24274
5981,EV01153,144,311111
5981,EV00325,150,809022
5981,EV00066,253,94975184
5982,EV01283,104,221047
5982,EV01116,145,12241
5982,EV01806,161,30419
5983,EV01781,103,630251
5983,EV01609,143,11144
5983,EV01789,152,47926
5983,EV01389,169,20888
5983,EV00082,302,929860
5984,EV01666,131,312169
5984,EV00400,168,797938
5984,EV01410,223,649909
5985,EV00740,127,2304539
5985,EV00660,160,995729
5985,EV00747,168,200358
5985,EV00709,181,266032
5985,EV00183,302,2980343
5985,EV00221,311,43025234
5986,EV00722,106,281625
5986,EV01780,179,52111
5987,EV01537,111,177795
5987,EV01333,115,88687
5987,EV01546,148,214780
5987,EV00731,190,815058
5987,EV00463,195,50231
5987,EV01490,201,478932
5988,EV01367,110,951586
5988,EV00805,158,471621
5988,EV00504,177,490935
5988,EV01624,196,2418711
5988,EV00194,250,48971928
5989,EV01614,120,346403
5989,EV01534,136,1504842
5989,EV00997,158,10249
5989,EV00319,304,4713078
5990,EV01473,68,120769
5990,EV00214,230,8788755
5991,EV01760,146,19424
5991,EV01331,169,275743
5991,EV01131,174,15151
5991,EV00532,179,512048
5992,EV01865,13,626207
5992,EV01547,114,199621
5992,EV00980,130,874003
5992,EV01634,140,117488
5992,EV01745,140,65358
5992,EV00790,162,50237
5992,EV00655,240,376705
5992,EV00024,267,9332229
5993,EV00997,138,15047
5993,EV01108,158,225552
5993,EV00699,168,118867
5995,EV01566,136,252268
5995,EV00594,195,33676
5996,EV01575,187,34808
5996,EV00222,210,3509547
5997,EV01849,25,1602852
5997,EV00584,106,50394
5997,EV00722,127,95213
5997,EV01373,127,94045
5997,EV00837,143,108976
5997,EV01508,144,182963
5997,EV01590,144,85890
5997,EV01645,147,380688
5997,EV00940,156,749852
5997,EV00319,268,28058711
5998,EV01520,108,525831
5998,EV01373,136,184511
5998,EV00917,143,379766
5998,EV01315,192,2489994
5998,EV01427,206,106695
5999,EV01043,110,402102
5999,EV00486,119,118936
5999,EV01259,122,580771
6000,EV00848,112,11548
6000,EV01383,124,1032019
6000,EV01709,164,460780
6000,EV00372,171,374489
6000,EV00246,221,4651204
6002,EV01199,78,152599
6002,EV00509,103,48106
6003,EV01541,135,2326057
6003,EV00221,275,14050768
6004,EV00348,136,294389
6004,EV00059,231,4895452
6005,EV01847,32,761475
6005,EV00981,60,232896
6005,EV01266,148,253583
6005,EV01188,171,383486
6006,EV01796,107,194433
6006,EV00525,111,406797
6006,EV00696,120,447750
6006,EV00395,126,308964
6006,EV00368,151,34597
6006,EV00729,168,159844
6006,EV00165,274,12735353
6007,EV01855,16,12542225
6007,EV01423,89,50706
6008,EV01902,23,472769
6008,EV01143,134,174890
6008,EV01079,137,129058
6008,EV01547,165,478422
6008,EV01006,174,205924
6008,EV00748,183,76494
6009,EV01413,88,140388
6009,EV01164,92,1437289
6009,EV01819,129,98890
6009,EV01718,145,916362
6009,EV00848,167,27148
6009,EV01209,208,234097
6009,EV01385,221,46930
6010,EV00597,124,12977
6010,EV01609,177,70870
6010,EV00026,217,1650825
6011,EV00592,134,288702
6011,EV01276,143,68328
6011,EV01530,185,60090
6012,EV01158,126,338066
6012,EV01683,164,85117
6012,EV01465,169,90213
6012,EV01608,176,218879
6012,EV01780,190,27898
6013,EV01743,160,1424653
6013,EV01793,221,33997
6013,EV00223,272,15863559
6014,EV00792,99,72551
6014,EV00888,120,597832
6014,EV00717,154,56749
6014,EV01608,156,134547
6014,EV01634,156,101802
6014,EV01533,161,259750
6015,EV01751,107,104205
6015,EV01752,158,75636
6016,EV00754,128,396561
6016,EV01524,174,361905
6017,EV01485,84,70503
6017,EV01356,126,506607
6018,EV01775,73,249067
6018,EV01734,147,777872
6018,EV01484,158,212706
6018,EV00765,160,738986
6019,EV01217,87,419987
6019,EV01326,115,526249
6019,EV01580,144,34153
6019,EV01351,165,16493
6019,EV01141,180,171059
6019,EV00238,232,11189509
6020,EV01062,60,41982
6020,EV00342,170,479273
6020,EV00161,246,3403068
6021,EV01105,73,80397
6021,EV00499,89,30795
6021,EV01782,183,2434646
6021,EV00055,248,25389602
6022,EV01259,106,109853
6022,EV00930,126,1147098
6022,EV01245,160,347475
6023,EV01451,132,88091
6023,EV01580,196,83311
6023,EV00216,228,842257
6024,EV01822,26,1565314
6024,EV00720,110,71248
6024,EV01236,176,1761498
6024,EV01209,222,118191
6025,EV01226,124,126079
6025,EV01721,162,135537
6025,EV01512,168,1344195
6025,EV00957,176,262620
6025,EV00001,286,1975743
6026,EV01727,111,33403
6026,EV00637,158,764529
6026,EV01274,182,17725
6026,EV00071,220,32560636
6027,EV01025,76,3969843
6027,EV00226,296,1759190
6028,EV00896,77,81122
6028,EV01414,149,35935
6028,EV01103,154,138761
6028,EV00591,157,670286
6028,EV01408,190,40966
6028,EV00547,195,118995
6028,EV00065,236,18624071
6029,EV01933,2,570735
6029,EV01745,76,105606
6029,EV01225,111,3332814
6029,EV00880,116,4616911
6029,EV01341,143,131939
6029,EV01465,154,299613
6029,EV01703,159,91071
6029,EV00246,216,10850928
6029,EV00303,240,2035758
6030,EV01140,60,42445
6030,EV01289,119,21023
6030,EV01649,138,234357
6030,EV00512,169,196554
6030,EV00060,227,771941
6030,EV00192,268,25948918
6031,EV00621,167,110190
6031,EV01560,167,309467
6031,EV01784,169,55802
6031,EV00259,294,17215989
6032,EV00401,65,1017574
6032,EV01057,121,19188
6032,EV00950,144,246048
6032,EV00418,145,151175
6033,EV00644,155,4681108
6033,EV01274,181,34531
6033,EV01659,191,154997
6033,EV00375,201,96097
6033,EV00225,261,1995742
6033,EV00106,269,9273306
6034,EV01799,115,1407991
6034,EV01202,120,74333
6035,EV00687,155,163498
6035,EV01019,176,174742
6036,EV01721,101,216136
6036,EV01636,136,273526
6036,EV00532,157,491116
6036,EV01436,166,5649966
6037,EV01671,136,95802
6037,EV01318,137,148273
6037,EV01548,149,106369
6037,EV01473,155,112718
6037,EV00935,182,1878167
6037,EV00116,209,1407738
6038,EV00390,143,1557148
6038,EV01427,168,332473
6038,EV00093,278,1360432
6039,EV00847,114,34155
6039,EV01580,116,121388
6039,EV01745,123,60482
6039,EV00738,147,427143
6039,EV01419,156,854292
6039,EV01547,157,430847
6039,EV00848,200,17667
6040,EV01337,60,128391
6040,EV01362,101,194700
6040,EV01413,102,196220
6040,EV01782,129,2569475
6040,EV01796,188,164008
6041,EV01236,93,948819
6042,EV01408,121,62528
6042,EV01145,160,2258197
6042,EV00687,168,711705
6042,EV00183,287,5672553
6043,EV01058,119,29346
6043,EV00399,155,251417
6043,EV00954,160,43459
6043,EV01468,163,50393
6043,EV01382,168,132985
6043,EV01267,186,1165240
6043,EV00085,229,2155073
6043,EV00022,230,72984522
6044,EV01980,5,287149
6044,EV01326,80,573375
6044,EV01420,155,993772
6045,EV01076,60,68048
6045,EV01200,137,902222
6045,EV00655,154,255204
6045,EV01577,179,2347646
6045,EV00255,251,3634230
6046,EV01246,96,586679
6046,EV01351,112,55731
6046,EV00496,144,81121
6046,EV01190,189,311187
6047,EV01487,120,119571
6047,EV01756,163,155357
6047,EV01422,165,9182
6048,EV01626,122,13346
6048,EV01809,149,176383
6049,EV00264,225,1925071
6049,EV00112,238,1954901
6049,EV00255,275,7129640
6049,EV01955,348,2299857
6050,EV00896,114,180215
6050,EV00348,178,333547
6050,EV01663,179,65471
6050,EV00161,266,4062259
6051,EV00702,120,1894954
6051,EV01534,149,2139403
6051,EV01801,168,34195
6052,EV00327,104,142615
6052,EV01164,129,920171
6053,EV00825,80,674571
6053,EV00810,121,242879
6053,EV00850,162,142931
6053,EV01357,207,479698
6053,EV00216,277,1211139
6054,EV00960,100,81691
6054,EV01026,133,800854
6054,EV01787,191,187187
6054,EV00158,329,2170840
6055,EV01437,95,206429
6055,EV01324,108,1618640
6055,EV00246,253,7343135
6056,EV00496,129,134482
6057,EV01499,109,601867
6057,EV01623,161,41652
6057,EV01613,170,22694
6057,EV00226,257,1630375
6057,EV00288,259,1097127
6058,EV01327,135,136331
6058,EV00850,145,52362
6058,EV00099,229,6177351
6059,EV01239,110,701912
6059,EV00975,142,178102
6059,EV01668,160,889963
6059,EV00288,260,424899
6060,EV01379,67,26416
6060,EV00429,92,181040
6060,EV00401,107,2013637
6060,EV00552,127,124233
6060,EV01385,153,44669
6060,EV01571,168,541610
6061,EV01846,9,1115796
6061,EV00821,106,406630
6061,EV01216,114,214475
6061,EV01085,174,1083640
6061,EV00087,292,89080681
6062,EV01490,78,588240
6062,EV00857,82,320526
6062,EV00433,83,1156217
6062,EV01444,99,367780
6062,EV01177,146,134469
6062,EV00017,235,2383960
6064,EV00964,147,307034
6064,EV01450,156,1518054
6064,EV00222,289,3231304
6064,EV00140,292,675856
6065,EV01072,119,315524
6065,EV01381,135,1494621
6066,EV01861,59,5179462
6066,EV00628,140,68428
6066,EV01310,142,40070
6066,EV01007,144,10591094
6066,EV01404,199,478645
6066,EV00206,250,2486191
6066,EV00258,266,27850386
6066,EV00299,271,6115659
6067,EV01044,113,106404
6067,EV01311,117,359792
6067,EV01369,121,921646
6067,EV00665,147,92277
6067,EV00056,257,5490888
6068,EV01833,25,7194825
6068,EV01320,105,335667
6068,EV00667,145,473591
6068,EV01835,344,751139
6069,EV01913,27,1873798
6069,EV00751,93,3200
6069,EV00537,97,43329
6070,EV01244,90,309359
6070,EV00334,94,354137
6070,EV01595,200,191068
6071,EV00476,106,179959
6071,EV01111,162,91064
6071,EV01166,172,259545
6071,EV01242,186,57619
6071,EV01135,203,4604095
6072,EV00478,117,45301
6072,EV00657,129,69275
6072,EV01055,129,487061
6072,EV01164,150,696082
6072,EV00304,306,26341073
6073,EV01784,118,34785
6073,EV01333,143,80100
6073,EV00712,146,233261
6073,EV01691,152,3026229
6073,EV00948,165,56886
6073,EV00026,301,1750830
6074,EV00786,122,73449
6074,EV00555,141,249368
6074,EV00420,152,467612
6074,EV00831,186,568544
6074,EV01304,227,38525
6075,EV01901,30,240336
6075,EV01651,74,264880
6075,EV00492,120,636542
6075,EV01050,127,137450
6075,EV00500,141,30291
6076,EV01062,65,99818
6076,EV01105,102,89688
6076,EV00846,148,385306
6076,EV00002,255,7761163
6077,EV01694,125,46259
6078,EV01228,141,58906
6078,EV01218,143,331439
6078,EV00802,189,2487536
6078,EV00773,194,411766
6079,EV01103,151,122243
6080,EV00303,279,593875
6081,EV00843,100,116937
6081,EV00443,141,245676
6081,EV01360,148,1022131
6082,EV01752,96,96554
6082,EV00686,121,699414
6082,EV01574,150,515385
6082,EV01178,174,1002983
6084,EV01403,134,262420
6084,EV01039,172,46954
6084,EV00953,173,19816
6084,EV00419,176,62724
6084,EV00001,291,1085855
6085,EV01471,119,273298
6085,EV01726,136,1005554
6085,EV00591,155,389801
6085,EV00883,162,91671
6085,EV01385,166,85828
6085,EV01259,201,250658
6086,EV01462,85,3526023
6086,EV01600,107,31655
6086,EV00940,109,762412
6086,EV00908,159,330036
6086,EV00731,162,1676624
6087,EV00765,118,336994
6087,EV00710,141,625232
6087,EV01032,153,372912
6087,EV01686,158,110152
6088,EV00883,145,106684
6088,EV00277,228,1655047
6088,EV00085,244,1338754
6088,EV00039,286,2370364
6089,EV01684,60,51039
6089,EV01546,122,1007226
6090,EV01596,145,1024786
6091,EV01323,79,432125
6091,EV00595,120,339669
6091,EV00204,260,33393682
6092,EV01932,38,89595
6092,EV01502,60,90562
6092,EV01251,131,216011
6092,EV00434,157,21187
6092,EV01063,159,406864
6092,EV00466,189,65129
6093,EV00588,101,882648
6093,EV01006,108,62281
6093,EV01428,135,95459
6093,EV00198,223,58206730
6093,EV00317,277,3476422
6094,EV01537,130,308591
6094,EV01306,132,80342
6094,EV00336,140,33337
6094,EV01538,140,1832785
6094,EV01741,148,591890
6094,EV01276,162,105995
6094,EV00718,165,31512
6095,EV00783,176,115842
6095,EV00300,226,10227520
6096,EV01103,123,74162
6096,EV00588,129,321237
6096,EV01796,135,189985
6096,EV01745,139,149322
6096,EV00548,167,75227
6096,EV01239,202,947735
6096,EV00115,219,1073273
6097,EV01518,136,402583
6097,EV01360,152,395292
6097,EV00981,174,94342
6097,EV01528,178,108920
6097,EV01550,202,359139
6098,EV01000,60,20165
6098,EV01158,127,558986
6098,EV01039,185,54655
6099,EV00690,76,62967
6099,EV00546,146,29178
6099,EV00563,151,84612
6099,EV00637,160,489309
6100,EV01197,122,248327
6100,EV01732,161,43959
6100,EV00740,197,3396128
6100,EV00060,273,1514346
6101,EV00974,84,176285
6101,EV01291,105,306227
6101,EV01473,112,159614
6101,EV01327,120,88789
6101,EV01537,150,178140
6101,EV01365,192,70083
6102,EV01205,111,451186
6102,EV01259,133,896361
6102,EV01421,136,22253
6102,EV00487,151,5490084
6102,EV01215,157,55017
6102,EV00955,195,2928324
6103,EV00969,85,51451
6103,EV01656,110,85161
6103,EV01626,124,9736
6103,EV00382,138,25426
6104,EV01849,19,284167
6104,EV01103,113,163261
6104,EV01117,176,141740
6104,EV00400,203,633254
6104,EV00271,238,4041641
6105,EV01177,124,96933
6105,EV01711,178,1218306
6105,EV00215,271,124586890
6106,EV00346,144,141284
6106,EV00096,296,458695
6107,EV00548,160,34536
6107,EV01233,171,490686
6107,EV00496,189,137530
6107,EV00030,240,8498456
6108,EV00420,87,626016
6108,EV00981,127,200457
6109,EV01797,119,375248
6109,EV01044,178,52484
6110,EV00970,60,288950
6110,EV00843,103,242877
6110,EV00400,108,559617
6110,EV01661,143,694141
6110,EV01062,154,228788
6111,EV01685,141,151744
6111,EV01144,156,1041249
6111,EV00537,157,76924
6111,EV00338,198,4704093
6111,EV00910,203,480530
6111,EV00146,280,11302773
6112,EV01334,66,746790
6112,EV01563,106,152454
6112,EV00389,125,504912
6112,EV01137,193,132066
6113,EV00531,108,765182
6113,EV00942,112,1659333
6113,EV01485,112,63559
6113,EV00812,128,1445396
6113,EV00566,151,130573
6113,EV01235,157,332929
6113,EV00438,161,383177
6113,EV00981,162,287437
6113,EV01520,196,1568995
6113,EV00222,219,867330
6114,EV01385,83,113390
6114,EV01354,133,1012482
6114,EV01327,141,46982
6114,EV00361,156,228881
6114,EV00510,219,283848
6115,EV00685,93,1778756
6115,EV01398,101,732935
6115,EV00927,182,94490
6116,EV01671,116,93599
6116,EV01214,138,3536414
6116,EV00884,149,1178709
6116,EV00657,159,267644
6116,EV01768,176,193656
6117,EV01789,85,45877
6117,EV01115,126,554240
6117,EV01277,152,32002
6118,EV01838,43,2179192
6118,EV01353,144,64562
6118,EV01383,146,873144
6118,EV00397,170,320918
6118,EV00078,203,4798733
6118,EV00035,221,4613249
6119,EV01248,98,35923
6119,EV01124,107,1093711
6119,EV01148,108,555069
6119,EV00857,143,658515
6119,EV00328,179,1023276
6120,EV00604,143,652270
6121,EV00690,89,121890
6121,EV00535,106,68033
6121,EV01097,133,11299
6121,EV01702,154,50847
6121,EV00909,165,488571
6122,EV00882,119,175206
6122,EV00835,124,1947601
6122,EV01278,208,1529977
6123,EV00500,123,113044
6123,EV01118,123,361497
6123,EV01761,124,1309373
6123,EV00324,134,462744
6123,EV00838,143,576667
6123,EV00377,198,913005
6123,EV01032,199,164787
6124,EV01287,115,431270
6124,EV00661,144,432588
6125,EV01307,114,2278731
6125,EV01775,118,159524
6125,EV01001,122,24888
6125,EV01006,130,295940
6125,EV01477,157,372029
6126,EV00435,160,347078
6126,EV01669,176,117198
6126,EV00120,262,9829928
6127,EV00466,88,30238
6127,EV01659,188,214724
6127,EV01164,213,732041
6129,EV00940,79,554840
6129,EV00676,94,736116
6129,EV01566,196,400101
6130,EV00522,100,621224
6130,EV01441,113,583045
6130,EV01273,144,137651
6130,EV00291,258,8527090
6131,EV01392,158,154321
6131,EV00896,166,113558
6133,EV01969,37,845984
6133,EV00543,116,536250
6134,EV01211,124,36599
6135,EV00993,88,56822
6136,EV01488,127,77260
6136,EV01694,158,85105
6137,EV00167,173,13350976
6138,EV01357,86,91692
6138,EV01393,103,310770
6138,EV01251,120,259373
6138,EV01634,123,137381
6138,EV00773,143,779626
6138,EV01345,152,73591
6138,EV01721,153,312978
6138,EV01158,154,326788
6138,EV00881,157,863559
6138,EV00090,266,646631
6139,EV00827,200,3350606
6139,EV01314,221,343695
6139,EV00176,232,19974531
6140,EV01260,87,248322
6140,EV00509,102,95426
6140,EV01076,117,119746
6140,EV01004,142,354117
6140,EV00896,144,340377
6140,EV00914,180,181705
6140,EV01074,207,866620
6141,EV01382,90,48145
6141,EV00751,113,36615
6141,EV01751,116,126065
6141,EV00938,125,51149
6141,EV00299,216,5159474
6142,EV01540,60,816145
6142,EV01849,78,1759113
6142,EV00563,96,30553
6142,EV00964,112,658596
6142,EV01043,126,318875
6142,EV00288,257,416458
6143,EV01740,126,1166981
6143,EV01243,169,25742
6143,EV00317,232,1457763
6143,EV00202,264,435889
6144,EV01465,99,285814
6144,EV01565,123,505329
6144,EV00389,140,162112
6144,EV01760,183,28748
6144,EV01863,335,556461
6145,EV01424,110,3681649
6145,EV01330,117,37911
6145,EV00947,124,163730
6145,EV01087,126,63498
6145,EV01111,146,55584
6145,EV01580,152,37448
6145,EV00010,232,11558946
6146,EV00917,122,372497
6146,EV01634,156,334665
6147,EV00928,89,9229
6147,EV01500,127,83948
6147,EV01074,175,262521
6147,EV01206,206,1895098
6147,EV01618,208,29781
6147,EV00099,242,9531566
6147,EV00146,251,8311258
6148,EV00784,118,1121261
6148,EV00635,119,2440008
6148,EV00206,248,2436309
6149,EV01672,78,50188
6149,EV00620,107,705498
6150,EV01023,89,117270
6150,EV01297,140,32603
6150,EV00717,188,76189
6150,EV00301,246,4097098
6151,EV00515,139,739449
6151,EV00363,157,137708
6151,EV00376,200,49685
6152,EV01026,72,516243
6152,EV01106,92,209825
6152,EV01745,188,102650
6153,EV01290,77,87083
6153,EV01638,83,404187
6153,EV01318,104,112128
6153,EV01211,121,94331
6153,EV01505,180,239021
6153,EV00017,236,2312688
6154,EV00473,97,1086068
6154,EV01769,97,179144
6154,EV00691,130,268012
6154,EV01012,225,545822
6155,EV01473,128,326770
6155,EV00303,203,2076988
6155,EV00816,208,258920
6155,EV00082,240,1250646
6156,EV01551,103,67577
6156,EV00548,118,164271
6156,EV00603,126,373654
6156,EV00831,146,366212
6156,EV01754,152,2010079
6156,EV00515,170,408814
6156,EV00253,275,2626548
6157,EV01072,159,702909
6158,EV01626,60,14826
6158,EV01221,116,80613
6158,EV01408,145,17436
6158,EV01984,356,534319
6159,EV01675,98,32378
6159,EV00337,113,618001
6159,EV00435,141,456690
6160,EV00992,82,87388
6160,EV01580,96,58725
6160,EV01435,135,43303
6160,EV00412,150,58482
6161,EV01158,129,200670
6161,EV01166,163,192834
6161,EV01291,163,126773
6161,EV01041,167,128553
6162,EV01444,153,516260
6162,EV00281,227,5903027
6163,EV01211,81,80251
6163,EV00975,150,913060
6163,EV01703,202,55026
6164,EV00838,102,896459
6164,EV01804,144,140633
6164,EV01693,145,151193
6164,EV00711,153,234951
6164,EV00126,274,7929049
6165,EV01725,144,882350
6165,EV01228,149,31803
6165,EV01589,155,1040718
6165,EV00720,208,64027
6165,EV00249,250,2135060
6165,EV00226,312,724071
6166,EV00714,133,118981
6166,EV00970,138,354364
6167,EV01576,62,1848677
6167,EV00534,77,405094
6168,EV00595,112,61078
6168,EV00986,117,627671
6168,EV01388,145,105971
6168,EV00578,149,15066863
6169,EV01967,1,848775
6169,EV01535,91,1300932
6169,EV00594,136,30074
6169,EV01326,153,443686
6169,EV01772,161,47462
6169,EV00330,176,513182
6169,EV00281,227,5739516
6169,EV00024,295,10190716
6170,EV01138,162,118450
6171,EV00780,107,241317
6171,EV01565,149,664570
6171,EV00753,151,194365
6171,EV01546,153,328956
6172,EV00649,81,8613966
6172,EV00894,142,1331590
6172,EV00662,176,212305
6172,EV00763,194,100283
6172,EV00715,200,376361
6173,EV01441,131,442927
6173,EV00729,182,122420
6173,EV01277,188,66291
6174,EV00574,96,323562
6174,EV01053,120,992990
6174,EV00538,146,236273
6174,EV01204,166,50019
6174,EV00909,209,428944
6174,EV00970,211,149263
6174,EV00146,282,6149316
6175,EV00395,65,217174
6175,EV01209,149,375704
6175,EV00883,204,115032
6175,EV00110,283,30811985
6176,EV00754,113,324153
6176,EV00497,139,2326173
6176,EV00393,159,214941
6176,EV01313,182,1858413
6176,EV00307,296,11080780
6177,EV01183,119,50374
6177,EV01762,146,2593389
6177,EV01793,163,8762
6177,EV00840,196,200760
6178,EV00714,74,144161
6178,EV01381,104,325217
6178,EV01041,124,206055
6178,EV00773,184,810098
6179,EV01453,81,1372512
6179,EV01761,100,1055595
6179,EV01311,139,367728
6179,EV00699,154,102313
6179,EV00997,163,42704
6179,EV00682,196,86900
6179,EV00043,233,26907315
6180,EV00722,111,189836
6180,EV00896,131,122789
6180,EV01590,139,40255
6180,EV01226,171,140438
6180,EV01673,172,774680
6181,EV01408,93,51926
6181,EV01805,116,890602
6181,EV01287,151,330602
6181,EV01259,199,175732
6182,EV01574,118,199031
6183,EV00550,131,387282
6183,EV01118,140,574038
6184,EV01661,106,497485
6184,EV00938,128,98277
6184,EV01760,154,36471
6184,EV01288,157,430509
6185,EV01808,60,296443
6185,EV00696,121,1603751
6185,EV01715,122,268224
6185,EV01492,151,561405
6185,EV00498,167,381639
6185,EV01143,174,200262
6185,EV01278,177,673504
6186,EV01954,364,1794070
6187,EV00985,149,72187
6187,EV01515,161,113325
6187,EV00303,222,409071
6187,EV00118,235,8901739
6187,EV00216,249,1563700
6188,EV00460,134,3580357
6188,EV00351,139,87334
6188,EV00363,139,93842
6188,EV00691,141,275080
6188,EV01219,142,378824
6188,EV00895,147,166472
6188,EV00534,173,220022
6189,EV01084,136,271592
6189,EV01072,142,457198
6189,EV01373,144,291743
6189,EV01134,153,63255
6189,EV01583,176,7639894
6190,EV01328,176,248918
6190,EV00298,243,3931126
6191,EV01103,142,131708
6192,EV01555,91,1526665
6192,EV01369,92,793877
6192,EV01339,105,438640
6192,EV00740,121,3272787
6192,EV01715,135,163263
6192,EV00953,175,93529
6192,EV01079,180,111073
6193,EV01827,3,1336852
6193,EV00715,114,114088
6193,EV01079,122,69983
6193,EV01427,146,487702
6194,EV00560,108,438954
6194,EV00840,136,190300
6195,EV00868,119,106334
6195,EV00336,184,24155
6195,EV00287,265,17099849
6196,EV00329,180,123578
6196,EV00283,228,7908805
6197,EV01578,97,12575
6197,EV00369,116,54349
6198,EV00719,60,19703
6198,EV00488,150,489789
6198,EV00720,152,111815
6198,EV00413,199,79525
6199,EV01234,122,1259301
6199,EV01238,127,359868
6200,EV01079,120,326222
6200,EV00715,149,419790
6200,EV01661,152,508458
6200,EV00039,233,2087105
6201,EV01219,144,165592
6201,EV01698,148,206246
6201,EV00641,149,2826860
6201,EV00613,193,32012
6201,EV00953,209,38979
6201,EV00036,235,16474724
6201,EV00130,263,2024669
6202,EV01761,133,730770
6202,EV00938,165,51387
6202,EV00936,176,739138
6202,EV01267,180,1145554
6202,EV00191,255,624193
6203,EV00595,75,97965
6203,EV00358,128,286395
6204,EV01076,143,88295
6204,EV01123,144,11294192
6204,EV00492,146,584055
6204,EV00348,168,517073
6204,EV01610,168,744802
6205,EV01134,129,28768
6206,EV01672,121,118775
6207,EV00383,160,47838
6207,EV00288,266,762579
6208,EV01349,107,108530
6208,EV01443,150,981638
6208,EV01809,154,1012555
6208,EV01798,177,452190
6208,EV00030,246,4103501
6209,EV01369,63,565465
6209,EV01775,134,591053
6209,EV01591,137,468696
6209,EV01292,150,724492
6209,EV00679,172,436823
6209,EV00412,178,508705
6209,EV00592,180,232467
6209,EV00017,242,1478430
6210,EV01923,7,1325776
6210,EV00712,130,308907
6210,EV00534,161,364399
6210,EV01576,165,1010014
6210,EV00379,200,1483839
6211,EV00330,135,300114
6211,EV01626,148,21437
6211,EV01103,151,182134
6211,EV01798,174,415812
6211,EV01618,175,20806
6211,EV01345,180,75328
6211,EV00247,239,7076354
6213,EV01687,128,353511
6213,EV01044,154,284632
6213,EV00729,167,103336
6214,EV01963,46,1916106
6214,EV01836,69,297743
6214,EV00869,107,640629
6214,EV01565,133,314171
6214,EV01251,150,68682
6215,EV01189,134,653555
6215,EV01609,148,62002
6215,EV01365,179,211266
6216,EV00890,117,61929
6216,EV01108,123,108746
6216,EV01740,134,1210317
6216,EV00973,136,68398
6216,EV00099,197,12382835
6216,EV01073,205,324890
6217,EV00698,100,158668
6217,EV01761,104,706470
6217,EV01563,115,67305
6217,EV01533,164,174563
6217,EV01780,189,45556
6217,EV00028,268,44231705
6218,EV01095,109,232702
6218,EV00773,206,342936
6218,EV00115,233,294899
6218,EV00288,262,1103136
6219,EV01552,139,341082
6219,EV01246,145,684548
6219,EV00312,292,9449283
6220,EV01242,115,108838
6220,EV00545,121,968793
6220,EV00541,156,74469
6221,EV01499,113,251507
6221,EV00820,121,1807527
6221,EV00729,143,110718
6221,EV01346,152,39875
6222,EV00550,131,1534766
6222,EV01493,141,4189137
6222,EV01413,146,166433
6222,EV01076,155,107976
6223,EV00974,98,82451
6223,EV01346,140,80377
6223,EV00623,142,122887
6223,EV01306,142,56102
6223,EV00456,164,711868
6223,EV00191,207,1493332
6224,EV01792,125,1874649
6224,EV00858,153,239246
6224,EV00297,298,22700038
6225,EV00327,124,192724
6225,EV01404,177,555141
6226,EV01543,93,2118632
6226,EV01277,123,116493
6226,EV00565,124,57984
6226,EV01551,133,57048
6226,EV00442,145,49552
6226,EV00651,199,425637
6227,EV01753,116,209229
6227,EV01274,125,22256
6227,EV01243,163,24824
6227,EV00020,249,2361750
6228,EV01357,130,291921
6228,EV00879,158,163566
6228,EV00840,163,343953
6229,EV01656,121,136956
6229,EV01195,139,1165082
6229,EV01530,187,81747
6229,EV00078,275,8373198
6230,EV01568,83,1258568
6230,EV01617,97,16668
6230,EV01627,113,25759
6230,EV00431,132,36802
6230,EV01654,151,2193471
6230,EV00131,207,72924247
6231,EV01957,5,455666
6231,EV01234,85,979962
6231,EV01266,119,394581
6231,EV00799,161,105602
6231,EV01528,169,169767
6232,EV00838,149,1616490
6232,EV01305,153,607820
6232,EV01226,164,79323
6232,EV00030,220,4317960
6233,EV01892,42,7632785
6233,EV01277,88,182006
6233,EV01172,112,202334
6233,EV00796,133,103674
6233,EV01367,145,1797170
6233,EV00140,235,452303
6234,EV00372,80,730598
6234,EV01548,92,44733
6234,EV01103,128,115402
6234,EV00816,135,167910
6234,EV01545,136,4243
6234,EV01277,147,68639
6234,EV01612,163,1586170
6235,EV01079,127,50771
6235,EV00964,143,363430
6236,EV00997,115,32116
6236,EV01148,132,1329016
6236,EV00711,144,388326
6236,EV00470,145,22767
6236,EV01687,163,644728
6236,EV00222,213,4128491
6237,EV00657,116,83102
6237,EV00552,118,459592
6237,EV01229,126,496554
6237,EV00880,145,6687737
6237,EV01238,149,285713
6237,EV01054,152,755541
6237,EV00758,153,1548638
6238,EV00845,86,1298187
6238,EV00599,145,1598183
6238,EV00882,195,972888
6239,EV00545,125,424361
6239,EV00043,215,20939867
6240,EV00298,288,3188652
6241,EV01537,131,99610
6241,EV00363,208,85304
6242,EV00343,70,1330567
6242,EV00805,129,150075
6242,EV01651,149,162469
6242,EV01846,332,1254128
6243,EV01231,87,74885
6243,EV01450,116,895160
6243,EV01528,217,799367
6243,EV00140,230,428992
6244,EV00499,88,52540
6244,EV01703,97,169093
6244,EV00267,282,38854425
6245,EV00328,104,411343
6245,EV01377,142,2134054
6245,EV00986,143,247850
6245,EV00794,168,555068
6245,EV01074,183,268141
6245,EV00083,223,5399369
6246,EV01419,136,2411543
6246,EV01138,143,118292
6246,EV01614,159,602495
6246,EV00510,160,982677
6247,EV00775,151,531853
6247,EV00759,152,243765
6247,EV01508,153,469096
6247,EV00738,179,232131
6247,EV00112,243,2093661
6247,EV00144,265,118275464
6248,EV00911,120,58033
6248,EV01758,131,67714
6248,EV01333,160,43189
6249,EV01518,60,638553
6249,EV00940,62,956799
6249,EV00660,99,1509087
6249,EV00520,166,1202325
6249,EV00997,192,24236
6249,EV00084,240,11419596
6249,EV00030,246,8122517
6249,EV01893,360,517424
6250,EV01204,90,96169
6250,EV00391,92,49976
6250,EV01794,142,31226
6250,EV01468,168,65195
6250,EV00039,233,1774088
6251,EV01846,40,465180
6251,EV01450,140,1899998
6251,EV00548,155,60596
6251,EV00007,242,12753367
6252,EV01076,112,78387
6253,EV01626,67,25080
6253,EV01671,127,86113
6254,EV01530,164,198423
6254,EV00949,205,970730
6255,EV01044,99,96852
6255,EV00582,106,746179
6256,EV00749,60,669689
6256,EV00636,130,187000
6256,EV01435,158,39574
6256,EV00488,185,360907
6257,EV01102,115,544432
6257,EV01537,130,300474
6258,EV01483,108,918007
6258,EV01693,132,91430
6258,EV01673,134,944282
6258,EV00831,165,352222
6258,EV00941,172,71871
6258,EV00249,233,3972865
6258,EV00087,260,22609558
6259,EV00372,130,203557
6259,EV01015,137,1126520
6259,EV01756,148,207628
6259,EV01173,165,43334
6259,EV01074,197,451521
6259,EV00003,243,3339667
6259,EV00107,247,54706106
6260,EV01077,65,624943
6260,EV01299,95,1446209
6260,EV01067,129,108531
6260,EV01068,142,476556
6261,EV01662,102,213923
6261,EV00928,132,34419
6261,EV01500,148,74730
6261,EV00717,185,34547
6261,EV01228,195,15550
6261,EV01715,202,425325
6261,EV00043,249,33295173
6262,EV01313,153,2371863
6262,EV00946,161,100840
6263,EV01367,115,961132
6263,EV01165,124,142328
6263,EV00600,164,56123
6263,EV01494,178,846533
6263,EV00017,266,581121
6264,EV00836,142,1074442
6264,EV00903,152,391967
6264,EV01010,189,221500
6265,EV00729,86,224834
6265,EV00691,138,13160
6265,EV01170,151,1670466
6265,EV01408,176,68762
6266,EV01690,131,54475
6266,EV01642,138,1308393
6266,EV00496,164,208641
6266,EV00384,170,656365
6267,EV00655,145,483354
6267,EV00871,146,809446
6267,EV01111,179,90812
6267,EV00482,201,4661238
6267,EV00093,247,1474244
6267,EV00126,260,1566461
6268,EV01478,172,2115582
6268,EV01404,186,243306
6269,EV00793,92,79969
6269,EV01277,121,85486
6269,EV00837,185,56608
6270,EV01639,122,83379
6270,EV00843,128,141603
6270,EV01257,130,1355866
6270,EV00548,140,69060
6271,EV01721,114,366924
6271,EV01650,125,520291
6271,EV01684,136,33663
6272,EV01021,115,733466
6272,EV01516,136,985591
6272,EV01751,141,141026
6272,EV01632,225,2233031
6272,EV00250,289,380757
6273,EV00545,111,281137
6273,EV01155,125,283139
6273,EV00001,284,2041855
6273,EV00140,286,934191
6274,EV01283,153,121303
6274,EV00615,178,1477318
6275,EV01890,32,1373434
6275,EV01299,123,4614383
6275,EV01346,136,57472
6275,EV01528,148,180140
6275,EV00764,214,1353649
6276,EV01274,92,32448
6276,EV01806,111,40987
6276,EV00826,125,3842853
6276,EV00681,136,129807
6276,EV00711,166,180525
6276,EV01591,183,254522
6276,EV01250,186,12665
6277,EV01524,60,494376
6277,EV00446,113,152289
6277,EV01745,123,57498
6277,EV00060,279,2200575
6278,EV00751,116,5467
6278,EV01441,121,543248
6278,EV01773,162,47750
6279,EV01614,109,1093290
6279,EV00717,122,14263
6279,EV00915,178,141824
6279,EV00857,201,1354640
6280,EV00412,91,347897
6280,EV01164,129,2629567
6280,EV01246,130,449487
6281,EV00621,109,97227
6281,EV00960,127,576166
6281,EV01772,144,16010
6281,EV00379,166,3951334
6281,EV00437,178,141776
6282,EV01141,90,85720
6283,EV00896,107,172753
6283,EV01067,117,126146
6283,EV01111,129,63324
6283,EV00614,130,1714604
6283,EV00350,137,52695
6283,EV01036,197,2312314
6283,EV00274,267,77384029
6283,EV01885,363,395113
6284,EV01557,116,81416
6284,EV00799,193,134851
6285,EV01490,137,40360
6285,EV00076,246,1778247
6286,EV00742,60,820591
6286,EV00819,112,86631
6286,EV01736,134,3453111
6286,EV00831,189,832079
6286,EV00206,216,1490792
6287,EV01006,60,128866
6287,EV01495,150,134047
6287,EV00884,153,1102997
6287,EV00838,156,66948
6287,EV00839,162,192886
6287,EV00845,164,785534
6287,EV01230,203,62443
6288,EV00781,82,620291
6288,EV01631,137,242416
6288,EV01772,149,11994
6288,EV00093,220,762109
6289,EV01745,119,86938
6289,EV01082,122,129429
6289,EV00106,273,4178389
6290,EV01000,116,13219
6290,EV00911,125,93535
6290,EV00957,140,604554
6290,EV00797,157,171471
6290,EV01094,176,178023
6291,EV00685,123,1151768
6291,EV00614,139,616817
6291,EV01703,148,230421
6291,EV01403,149,683260
6291,EV01404,179,462622
6292,EV01778,85,43152
6292,EV00891,114,2475017
6292,EV01591,114,241084
6292,EV01395,167,15223
6292,EV00334,168,201264
6292,EV01012,169,384444
6292,EV00216,280,1201135
6293,EV01568,149,2296951
6293,EV01273,153,140907
6293,EV01433,178,169901
6293,EV00755,183,213150
6294,EV00751,92,24221
6294,EV01307,96,1475335
6294,EV00657,101,339518
6294,EV00720,142,21799
6294,EV01045,151,6369901
6294,EV00124,226,22779982
6294,EV00030,249,4991879
6295,EV01008,87,3810381
6295,EV00779,99,73212
6295,EV00114,230,54162453
6296,EV01365,104,111979
6296,EV01801,140,119954
6296,EV00773,160,327203
6297,EV00938,60,52055
6297,EV01649,86,291943
6297,EV00472,157,35603
6297,EV01782,157,1105663
6298,EV01068,105,679612
6298,EV00363,144,48734
6298,EV00943,152,1248780
6298,EV01306,152,73528
6298,EV00281,248,11581446
6298,EV00317,260,1226371
6299,EV01874,28,1044966
6299,EV01468,101,71211
6299,EV01346,124,84313
6299,EV00890,140,34963
6299,EV00454,142,1508885
6300,EV00499,63,52627
6300,EV01285,112,411391
6300,EV00749,144,77790
6300,EV01290,158,119497
6300,EV00074,266,23992793
6301,EV01933,19,280858
6301,EV01131,74,46111
6301,EV01111,180,88623
6302,EV01413,109,196487
6302,EV01752,140,56575
6302,EV01059,205,19463
6303,EV00838,117,747150
6303,EV00623,132,181272
6303,EV00518,156,537360
6304,EV01274,95,59012
6304,EV00734,97,17150
6304,EV01631,119,574635
6304,EV01391,186,1120883
6305,EV01967,14,1216748
6305,EV00541,99,159035
6305,EV01653,147,280205
6305,EV00790,182,62276
6305,EV00123,287,6225736
6306,EV00587,122,1686494
6306,EV00420,129,466293
6306,EV01778,151,111017
6306,EV00565,178,71670
6307,EV01039,76,23127
6307,EV01006,89,273314
6307,EV00472,123,28573
6308,EV00329,112,72754
6308,EV01324,127,2990349
6308,EV01079,129,110694
6308,EV00414,157,68760
6308,EV01249,173,1702691
6308,EV00033,269,10923449
6309,EV01273,95,259017
6309,EV00928,102,87025
6309,EV00457,128,142809
6309,EV01040,172,163862
6309,EV01649,173,329070
6310,EV01581,98,116092
6310,EV00385,121,152233
6310,EV00740,163,2249321
6310,EV00911,180,154136
6311,EV01671,91,486482
6311,EV00666,161,127297
6311,EV00158,229,1600079
6312,EV00760,101,45397
6312,EV01481,121,355512
6312,EV00466,167,85423
6312,EV00423,199,997909
6312,EV00008,256,12601115
6313,EV00897,111,1642990
6313,EV01373,117,407524
6313,EV01795,134,178556
6314,EV00923,106,88397
6314,EV00946,116,161572
6314,EV01698,196,264193
6314,EV00145,224,54276765
6315,EV00414,102,111873
6315,EV00509,113,76194
6316,EV01757,155,63482
6316,EV01360,165,1141027
6317,EV01519,116,100442
6317,EV00548,154,68889
6317,EV01467,197,1501270
6318,EV01052,90,57145
6318,EV00615,174,805740
6318,EV00300,215,10610198
6319,EV00140,205,458008
6320,EV00592,140,83406
6320,EV01527,172,5396554
6320,EV00763,175,43305
6320,EV00096,250,261974
6321,EV01303,122,173821
6322,EV01932,18,244632
6322,EV01462,101,3775852
6322,EV01362,135,33872
6322,EV01007,146,3598300
6322,EV00225,208,1355141
6322,EV00153,293,28372081
6323,EV01474,129,1732662
6323,EV00717,173,31141
6324,EV01538,98,4138736
6324,EV01207,129,697510
6324,EV01345,151,97660
6324,EV01473,151,224817
6324,EV01528,166,258922
6324,EV00117,239,78644838
6324,EV00315,243,9119682
6325,EV01514,137,1717644
6325,EV00615,138,1270108
6326,EV01836,4,560477
6326,EV01358,60,413154
6326,EV00723,95,16800
6326,EV01575,155,15506
6327,EV00720,117,89784
6327,EV01806,155,35388
6328,EV00737,179,183722
6328,EV00319,204,38200278
6328,EV00213,223,31767159
6328,EV00018,224,139551797
6328,EV00035,295,9199869
6329,EV00359,69,2431480
6329,EV01424,94,1372989
6329,EV01385,151,28212
6329,EV00561,168,368417
6329,EV01798,217,416661
6330,EV01853,7,1195760
6330,EV01786,60,930699
6330,EV00141,277,24180728
6331,EV01656,131,115839
6331,EV01780,159,47000
6331,EV00899,216,75765
6332,EV01034,71,974860
6332,EV00577,96,15031
6332,EV01793,113,26600
6332,EV00140,241,493010
6333,EV00606,102,171561
6333,EV00412,134,253273
6333,EV01300,135,11435
6334,EV01678,116,769026
6334,EV00791,135,600791
6334,EV01699,138,95929
6334,EV01457,141,651393
6334,EV01190,150,339194
6334,EV00668,163,1314419
6334,EV00953,178,97751
6334,EV00259,234,28075620
6334,EV00113,253,2111847
6335,EV01296,133,23603
6335,EV00793,178,106624
6336,EV01327,127,63257
6336,EV00436,151,89801
6336,EV00898,154,151670
6336,EV01625,195,674754
6337,EV00312,244,4546729
6337,EV00275,257,8113170
6338,EV00911,115,69330
6338,EV01691,124,1589025
6338,EV00880,125,5193450
6339,EV01530,114,213363
6339,EV00559,129,7912
6340,EV01600,105,171886
6340,EV00917,177,544530
6341,EV00772,75,309146
6341,EV00734,158,12672
6341,EV00200,228,92037134
6342,EV01322,103,71501
6342,EV00046,240,9154305
6342,EV00013,247,11221399
6342,EV01825,353,468272
6344,EV01591,129,242177
6344,EV00162,261,32580408
6345,EV01687,112,804073
6345,EV00412,166,126656
6345,EV01228,200,18232
6346,EV00498,122,277913
6346,EV01325,163,2084457
6347,EV00418,60,160948
6347,EV01240,113,804722
6347,EV01794,123,39094
6347,EV01725,159,665214
6348,EV00967,101,59201
6348,EV01452,159,187072
6348,EV00268,237,7731174
6348,EV00185,246,4977257
6348,EV00288,246,449511
6349,EV01283,128,273227
6349,EV01570,157,213306
6349,EV00258,237,13999344
6350,EV01760,164,57465
6350,EV01784,177,31899
6350,EV00711,180,439403
6350,EV00289,239,5906293
6351,EV01754,149,1885508
6351,EV00557,195,147935
6352,EV00544,136,117489
6352,EV00896,163,110265
6352,EV01252,169,585345
6352,EV00001,241,424125
6353,EV00545,150,835017
6353,EV01422,195,30432
6354,EV01651,92,79473
6354,EV00427,133,23275
6354,EV01068,141,729243
6354,EV01262,149,101084
6354,EV01613,154,22690
6354,EV00030,213,6875413
6354,EV00017,334,1126485
6355,EV01551,82,42267
6355,EV00896,137,126757
6355,EV01233,160,631917
6355,EV01553,200,4901636
6356,EV00709,122,147123
6356,EV00597,126,17378
6356,EV00191,257,4506151
6356,EV01905,340,680314
6357,EV00953,148,63221
6357,EV00998,159,258277
6358,EV01421,153,128792
6358,EV00009,205,12856297
6358,EV00220,260,104679501
6359,EV01688,128,39583
6359,EV01524,142,281562
6359,EV01290,220,181364
6360,EV00812,145,1240907
6361,EV00650,89,1471855
6361,EV00935,98,1032672
6361,EV00525,142,1827365
6361,EV00565,160,48140
6361,EV00324,174,495647
6363,EV00632,60,897756
6363,EV00981,93,51122
6363,EV00489,112,228307
6363,EV00547,141,91635
6363,EV01091,169,56420
6364,EV01636,67,955385
6364,EV01190,89,160766
6364,EV00594,139,54126
6364,EV00847,143,71417
6364,EV00009,282,14780556
6364,EV00216,287,327043
6364,EV01841,356,545667
6365,EV01327,135,81087
6365,EV00089,251,2107388
6366,EV00948,142,82750
6366,EV01206,142,1845589
6366,EV01067,150,109843
6366,EV01010,155,569348
6366,EV01239,205,690626
6366,EV00167,262,20978002
6367,EV01766,79,180603
6367,EV00545,94,395935
6367,EV01120,166,218608
6367,EV00815,171,596041
6368,EV01321,126,195238
6368,EV01155,131,2650161
6368,EV01642,140,3271522
6368,EV00566,148,183718
6368,EV00577,169,38991
6368,EV00096,250,842107
6369,EV01127,108,157727
6369,EV00330,126,189867
6369,EV00799,144,156701
6369,EV00784,149,437151
6369,EV01487,157,71281
6369,EV01138,164,170245
6369,EV00431,170,117892
6370,EV00962,139,5962896
6370,EV00850,207,59118
6371,EV00427,104,119084
6371,EV00438,125,486645
6371,EV00648,139,58527
6371,EV01062,157,210320
6372,EV01179,154,151582
6372,EV00714,204,100028
6373,EV01656,65,192830
6373,EV00683,113,239822
6373,EV01770,136,236110
6373,EV00896,150,182092
6373,EV01538,160,8360516
6373,EV00663,168,1644222
6373,EV00104,281,4884852
6373,EV01955,343,1682520
6374,EV00717,60,55207
6374,EV01514,94,452456
6374,EV01514,99,858902
6374,EV00975,139,513519
6374,EV00997,145,27437
6374,EV01345,176,62557
6374,EV01634,194,573251
6375,EV00760,113,67008
6375,EV00787,187,57475
6376,EV01801,117,341558
6376,EV00387,120,596656
6376,EV00651,160,402507
6376,EV01067,202,147773
6376,EV00012,214,91145797
6377,EV01650,90,548255
6377,EV01029,102,36175
6377,EV01180,141,295753
6377,EV01176,165,597130
6377,EV00981,202,161188
6377,EV00886,219,831263
6377,EV00299,263,5201290
6378,EV01529,113,66506
6378,EV01672,170,120930
6379,EV01694,103,43028
6379,EV01116,175,32244
6379,EV01759,186,31520
6379,EV01023,187,75126
6379,EV00211,236,7018244
6380,EV01349,118,105056
6380,EV01132,124,1165751
6380,EV00568,200,948369
6380,EV01865,316,650184
6380,EV01969,354,873080
6381,EV00658,78,558485
6381,EV00365,144,690618
6381,EV01633,145,42582
6381,EV00492,189,568489
6381,EV00492,210,247776
6382,EV01650,112,135111
6383,EV01321,119,260627
6383,EV00238,258,27341588
6384,EV01519,86,148897
6384,EV00457,146,50748
6384,EV01551,163,38973
6385,EV00580,110,16712
6385,EV01651,130,105027
6385,EV01087,194,10072
6385,EV01878,361,4650716
6386,EV00754,133,455389
6386,EV01260,178,1198515
6386,EV00448,179,1125853
6386,EV00003,283,4110551
6387,EV00973,86,85386
6387,EV01519,91,221233
6387,EV01743,103,1718243
6387,EV01693,125,177297
6387,EV01687,126,1017470
6387,EV01654,137,835627
6387,EV00606,177,172500
6387,EV00141,227,27618450
6387,EV00255,237,9586213
6388,EV01842,21,706581
6388,EV00803,112,187575
6388,EV01083,146,4812515
6388,EV00577,199,30286
6388,EV00281,231,10245807
6389,EV01228,146,33143
6389,EV01739,157,229564
6389,EV00993,168,10322
6390,EV01261,89,36289
6390,EV01550,102,448362
6390,EV01729,125,919702
6390,EV01617,126,63258
6390,EV01590,129,133794
6390,EV00946,143,126463
6390,EV00356,148,212595
6390,EV01697,149,741200
6390,EV00845,152,1669439
6390,EV00361,167,105228
6390,EV01473,182,72003
6390,EV00089,284,1311795
6391,EV00550,136,540738
6391,EV01103,202,198532
6392,EV01421,155,72960
6392,EV00761,159,370669
6392,EV00385,167,51155
6392,EV01745,205,73074
6393,EV01040,129,150162
6393,EV01180,150,155013
6393,EV00772,187,196542
6393,EV00838,205,614917
6393,EV01590,215,10390
6393,EV00225,216,2317900
6393,EV01545,237,20641
6394,EV00584,99,61836
6394,EV00671,112,64995
6394,EV00563,114,49853
6394,EV00717,155,40410
6395,EV00720,113,59551
6395,EV00373,120,28525
6395,EV01446,136,1218115
6395,EV01202,143,39453
6395,EV00447,166,71031
6395,EV00083,255,3319388
6395,EV00206,255,1681402
6395,EV00112,258,1981926
6396,EV01919,20,543090
6396,EV01100,131,52841
6396,EV01351,151,34433
6397,EV00661,178,628067
6398,EV00722,60,130037
6398,EV00519,109,41421
6398,EV00369,122,136950
6398,EV00479,128,61869
6398,EV00692,131,1159977
6398,EV01173,171,26256
6398,EV01223,195,234780
6399,EV00989,99,241848
6399,EV01166,125,147647
6399,EV01021,162,180935
6399,EV00095,264,138439
6400,EV01163,126,1477394
6400,EV00922,138,384752
6400,EV00538,139,243076
6400,EV01441,158,510789
6400,EV00390,172,1816730
6401,EV01164,138,2632090
6401,EV00225,252,3410676
6401,EV00093,285,2318499
6402,EV01661,127,482247
6402,EV00772,136,336861
6402,EV01909,354,3967952
6403,EV01226,107,100851
6403,EV00986,126,688153
6403,EV00333,134,2416225
6403,EV00931,157,100108
6403,EV00947,157,167326
6404,EV00793,204,116954
6405,EV01488,156,92814
6405,EV00278,223,35682804
6406,EV00848,91,9353
6406,EV01044,118,157943
6406,EV01175,144,15412
6406,EV00161,175,1831302
6406,EV01279,181,995593
6406,EV00476,192,90701
6407,EV01869,40,2205228
6407,EV00792,60,28765
6407,EV00993,62,42574
6407,EV00363,84,44493
6407,EV01652,118,1973857
6407,EV00372,158,289491
6407,EV01957,326,437251
6408,EV00417,96,547823
6408,EV01444,112,211155
6408,EV00535,115,42284
6408,EV01012,118,97692
6408,EV00621,141,67383
6408,EV00509,146,121525
6408,EV01702,148,35193
6408,EV01810,181,61216
6408,EV00206,265,1580462
6409,EV01399,124,238375
6409,EV00423,155,370340
6409,EV00557,172,140304
6410,EV01701,129,26371
6410,EV00841,152,30785
6410,EV00130,247,1959730
6411,EV01197,169,92176
6411,EV00819,175,116686
6411,EV01446,187,1369719
6412,EV00179,266,27740386
6413,EV01436,77,2404747
6413,EV00792,130,56642
6413,EV01251,136,54355
6413,EV01438,141,508167
6413,EV01303,151,117754
6413,EV00718,158,35344
6413,EV01179,170,141524
6413,EV00358,176,152888
6414,EV00773,162,400312
6414,EV00250,263,490521
6415,EV01345,153,38415
6415,EV01369,171,1206237
6415,EV01806,183,54752
6416,EV00457,101,86629
6416,EV00066,280,112021709
6417,EV01798,151,217923
6417,EV00991,154,311940
6417,EV00206,301,1460854
6418,EV01158,144,149840
6418,EV01136,183,792727
6419,EV00565,132,61963
6419,EV01180,146,60303
6419,EV01349,171,154870
6419,EV00111,235,1201806
6420,EV01326,124,310641
6420,EV01063,141,162822
6421,EV00579,177,151326
6421,EV00990,178,1028643
6422,EV00922,139,973289
6423,EV01085,133,537254
6424,EV00863,140,275834
6424,EV01640,143,67798
6424,EV00654,149,448611
6424,EV01745,179,134897
6425,EV01980,19,760503
6425,EV00391,145,63680
6425,EV01108,170,91591
6426,EV00382,138,25585
6426,EV01789,163,20453
6426,EV00895,176,52998
6426,EV00655,186,83430
6426,EV00037,251,3933177
6427,EV01659,147,229813
6427,EV00731,150,519438
6427,EV01111,164,86408
6427,EV01403,165,555386
6427,EV00499,174,14030
6427,EV00026,217,2145213
6427,EV00085,240,610234
6428,EV01465,126,153498
6428,EV00063,249,71063146
6428,EV00019,252,7557564
6429,EV00574,90,817262
6429,EV00564,99,773646
6429,EV01361,189,139976
6429,EV01366,214,321099
6429,EV00175,288,4080938
6430,EV01456,124,662762
6430,EV01170,163,3493112
6431,EV00806,113,2295074
6431,EV01023,160,91445
6431,EV01801,183,175742
6431,EV00110,185,13553992
6431,EV01239,189,601377
6431,EV00225,273,2572367
6432,EV00759,105,536127
6432,EV00717,131,61675
6432,EV00786,146,157996
6432,EV01368,168,482400
6432,EV01039,207,60033
6432,EV00852,231,417996
6433,EV01708,60,2569516
6433,EV01534,137,2084719
6434,EV01067,104,227878
6434,EV00408,110,209274
6435,EV01202,129,42165
6435,EV00198,237,31834339
6436,EV01634,112,217177
6436,EV00717,138,27827
6436,EV01067,165,147597
6436,EV00751,204,18790
6437,EV01395,110,13421
6437,EV01378,159,177486
6437,EV00805,168,194347
6438,EV01020,116,102350
6438,EV01272,148,217601
6438,EV00246,212,8010820
6439,EV01360,125,729263
6439,EV00418,165,140608
6440,EV01725,74,915958
6440,EV00537,109,31589
6440,EV01759,136,30664
6440,EV00399,139,78047
6440,EV01379,182,33533
6441,EV00849,137,2973975
6441,EV00908,161,283167
6441,EV01702,176,66804
6441,EV01304,211,48684
6441,EV00146,227,9660704
6442,EV01613,86,31232
6442,EV01006,120,109108
6442,EV01000,148,14511
6443,EV01984,24,948452
6443,EV00607,121,118987
6443,EV01149,147,159340
6443,EV00476,158,195223
6443,EV00083,247,10644410
6444,EV00448,138,1287001
6444,EV00668,148,972004
6444,EV00718,193,30391
6445,EV00330,61,229014
6445,EV01708,96,1338006
6445,EV01532,116,767460
6445,EV00490,188,121497
6446,EV01441,123,431650
6446,EV01741,157,286415
6446,EV00204,258,4115708
6447,EV01010,96,509137
6447,EV01658,127,2061645
6447,EV00731,129,1823844
6447,EV00258,305,20356739
6448,EV00453,125,691265
6448,EV00883,134,65916
6448,EV01274,148,34680
6448,EV01784,173,72332
6448,EV01408,175,29978
6448,EV01794,194,53184
6449,EV00898,92,127001
6449,EV01164,100,1436976
6449,EV00997,107,24982
6449,EV00831,113,698346
6449,EV01165,121,941871
6449,EV01028,155,1985579
6449,EV00607,199,102297
6449,EV01289,212,7828
6450,EV01617,141,41604
6450,EV01481,143,518704
6450,EV00021,239,367621
6451,EV01242,95,121914
6451,EV01278,111,1441827
6451,EV01613,127,10625
6451,EV01608,137,65630
6451,EV00642,147,110877
6451,EV00779,147,54841
6451,EV01698,157,271834
6452,EV00421,111,1327500
6452,EV00755,122,273810
6452,EV01485,140,97210
6452,EV00775,173,818853
6453,EV00939,189,589002
6453,EV00391,214,79118
6454,EV01536,113,77496
6454,EV01208,147,51754
6455,EV01488,149,131593
6455,EV01067,174,168337
6456,EV01465,130,230471
6456,EV00565,177,30099
6457,EV00541,64,122728
6457,EV01354,117,1740812
6458,EV01250,119,31737
6458,EV01044,188,111410
6458,EV00046,266,4325001
6458,EV00258,280,11026138
6459,EV00368,80,19509
6459,EV01505,140,375596
6459,EV00420,153,807017
6459,EV01211,162,59494
6460,EV00606,91,261598
6460,EV01815,167,157474
6460,EV01020,187,622522
6461,EV01793,119,23495
6461,EV01518,144,439195
6462,EV01590,140,62159
6462,EV01791,149,58680
6462,EV00363,175,98396
6462,EV00028,183,29915693
6462,EV00076,229,1990510
6462,EV00319,241,28284083
6462,EV00182,264,54164367
6463,EV01809,163,763645
6463,EV01130,194,187617
6463,EV00107,271,25144390
6464,EV01111,132,35363
6464,EV01166,139,88648
6464,EV00884,148,458480
6464,EV00765,166,693768
6465,EV00104,245,7055490
6466,EV00929,165,2663128
6466,EV01012,165,202566
6467,EV01743,131,442087
6467,EV01173,153,24373
6467,EV01068,168,522238
6467,EV01310,187,29384
6467,EV00118,257,33141438
6468,EV00500,123,76345
6468,EV01671,139,207285
6468,EV00209,276,25882898
6469,EV00522,107,415198
6469,EV01702,107,35700
6469,EV01104,150,1548042
6469,EV00754,161,222237
6470,EV00810,71,310850
6470,EV00377,95,408541
6470,EV01695,129,620823
6470,EV00447,145,464338
6470,EV00873,211,448540
6471,EV01063,128,625032
6471,EV01408,130,34847
6471,EV01760,132,24701
6471,EV00545,136,65946
6472,EV00566,148,203257
6472,EV00592,154,111455
6472,EV00078,282,10883770
6473,EV00566,109,59678
6473,EV00466,149,84971
6473,EV01435,154,54363
6473,EV01290,158,244629
6473,EV00685,181,2137133
6474,EV01206,136,2184136
6474,EV01530,160,657648
6474,EV00108,236,43131735
6474,EV00206,243,2249989
6475,EV01548,153,39783
6475,EV00502,177,544030
6475,EV00213,233,17295214
6475,EV00210,246,5941334
6476,EV01533,124,342753
6476,EV01629,160,319995
6476,EV00328,175,231779
6477,EV01982,20,4230163
6477,EV00515,131,349662
6477,EV01295,132,623174
6477,EV01488,143,121689
6478,EV00400,107,763460
6478,EV01809,122,1070110
6478,EV01392,132,631107
6478,EV01292,135,731993
6478,EV00702,157,761013
6478,EV00515,219,269871
6479,EV00545,111,635193
6479,EV00361,155,272206
6480,EV00810,138,507657
6480,EV00847,163,51714
6480,EV01483,171,1105653
6480,EV01570,197,191834
6480,EV00003,260,3297776
6481,EV01126,98,73855
6481,EV00638,140,492220
6481,EV00024,152,14199655
6481,EV01292,166,888835
6482,EV01149,126,291459
6482,EV01678,138,2264565
6483,EV01131,101,31272
6483,EV01552,122,166097
6483,EV00326,178,245596
6483,EV01750,184,6518082
6484,EV01467,146,716812
6484,EV01060,149,17448
6484,EV00502,184,1082585
6485,EV01761,71,369715
6485,EV00540,114,55759
6485,EV01576,153,3422913
6485,EV01581,175,62643
6485,EV01740,228,822611
6486,EV01846,38,1541240
6486,EV01116,131,27202
6486,EV01677,134,360322
6486,EV00897,136,1112446
6486,EV01804,157,69869
6487,EV00837,124,55836
6487,EV00499,145,21397
6487,EV01590,154,19291
6487,EV01646,155,13970
6487,EV01780,174,20930
6487,EV01473,175,104043
6487,EV00104,254,7111333
6488,EV00528,108,131481
6488,EV00855,117,2093504
6488,EV01400,155,169812
6489,EV00783,112,45306
6489,EV01663,170,140008
6490,EV00363,125,29224
6490,EV01051,125,1041692
6490,EV01049,191,306460
6491,EV00720,96,47707
6491,EV01288,105,142187
6491,EV01183,171,86739
6491,EV00250,194,410868
6491,EV00201,292,26595759
6492,EV00857,113,208838
6492,EV01634,121,446897
6492,EV00137,289,3231090
6493,EV01421,97,134203
6493,EV01285,171,244740
6494,EV01698,123,233067
6494,EV01326,183,754755
6494,EV00222,267,2029219
6494,EV00178,268,662203
6495,EV01083,69,2636335
6495,EV00837,87,20485
6495,EV01542,104,584567
6495,EV00432,168,348857
6495,EV01789,185,60143
6496,EV00555,91,329070
6496,EV00843,111,53232
6496,EV00473,122,519690
6496,EV01150,125,1004144
6496,EV01717,138,27448
6498,EV01766,87,479218
6498,EV01294,138,8353063
6498,EV00412,156,331215
6498,EV00441,164,62624
6498,EV00258,250,8054478
6499,EV01769,115,183672
6499,EV01238,169,108275
6499,EV00479,193,55893
6499,EV00334,210,328222
6500,EV00657,92,140729
6500,EV01039,99,43117
6500,EV01332,115,319347
6500,EV00805,156,239819
6500,EV01770,182,374822
6500,EV00216,194,839126
6501,EV01959,23,506828
6501,EV00767,121,31047
6502,EV01342,101,21646
6502,EV00937,129,207096
6502,EV00365,131,332721
6502,EV00703,147,58417
6502,EV01083,162,3214650
6502,EV01780,184,104450
6503,EV01759,82,22803
6503,EV01566,148,290596
6503,EV00503,156,77679
6503,EV01254,162,1356130
6503,EV00725,164,945742
6504,EV01410,141,246754
6504,EV01714,150,205966
6504,EV01277,154,44587
6505,EV00548,70,48081
6505,EV01342,141,13428
6505,EV00709,153,54771
6505,EV01439,158,784101
6506,EV01804,139,36204
6506,EV00423,153,399861
6506,EV00600,177,11569
6506,EV00567,185,209742
6507,EV00509,60,104128
6507,EV01329,108,32564
6507,EV00687,186,190442
6508,EV01671,72,434605
6508,EV01188,92,587645
6508,EV01671,119,317922
6508,EV00652,121,13100015
6508,EV01435,129,32671
6508,EV01752,134,98230
6508,EV00683,147,85300
6508,EV00831,156,498050
6508,EV01190,167,186402
6508,EV00628,190,53403
6508,EV00246,298,8461566
6509,EV00993,81,92119
6509,EV00427,141,14104
6510,EV00981,139,82504
6510,EV01747,192,175791
6510,EV00394,200,506739
6511,EV01471,120,274434
6511,EV00842,157,51773
6511,EV00712,212,293977
6512,EV01434,81,285044
6512,EV00850,92,58917
6512,EV01245,122,443825
6512,EV00964,136,211256
6512,EV01277,143,169824
6512,EV00738,158,206811
6513,EV00680,117,1765883
6513,EV00365,150,565283
6513,EV01131,156,22939
6513,EV00008,277,3256044
6514,EV01471,98,253611
6514,EV00486,120,61894
6514,EV01385,176,9929
6514,EV01228,177,25000
6515,EV01343,131,159239
6515,EV01138,152,83538
6515,EV01351,165,55376
6515,EV00158,213,2219225
6516,EV01627,76,80311
6516,EV00847,119,31136
6516,EV01242,130,93443
6516,EV01176,142,1365340
6516,EV01665,163,1160564
6517,EV00476,97,139874
6517,EV00624,103,250362
6517,EV01170,114,1799294
6517,EV00973,119,89381
6517,EV00696,146,310265
6517,EV00896,169,150170
6517,EV00429,188,447111
6517,EV01262,204,60411
6517,EV00285,233,42412566
6518,EV01849,40,364970
6518,EV01651,60,69226
6518,EV01376,106,1003901
6518,EV00972,154,3152869
6518,EV01237,185,75113
6519,EV01346,124,56253
6519,EV01427,129,488310
6519,EV00358,145,361228
6520,EV01051,94,1112831
6520,EV01198,126,432042
6520,EV01229,135,257283
6520,EV01795,148,242067
6520,EV00819,151,60296
6520,EV00388,159,226261
6520,EV00522,163,546404
6520,EV00442,164,24690
6520,EV01255,173,425967
6521,EV01667,94,575020
6521,EV01656,138,219394
6522,EV00445,120,113041
6522,EV00435,142,636638
6522,EV00325,155,382034
6523,EV01697,162,1498745
6523,EV01434,182,104848
6523,EV00231,248,5255585
6523,EV00021,253,1069465
6524,EV00938,117,22507
6524,EV01310,160,19683
6524,EV00039,265,2570183
6525,EV01469,122,1243647
6525,EV01753,128,161109
6525,EV01613,155,28594
6525,EV01703,161,90770
6526,EV01623,86,130934
6526,EV00819,110,28854
6526,EV00717,136,9420
6527,EV00776,77,741383
6527,EV00947,149,84856
6527,EV00981,181,54024
6528,EV00712,120,181555
6528,EV01033,137,794938
6528,EV00859,142,2430838
6528,EV00326,165,83581
6529,EV00710,117,758216
6529,EV00430,148,472283
6529,EV01526,173,128399
6529,EV00216,205,552625
6529,EV00665,212,16140
6530,EV01791,79,49859
6530,EV00826,81,6300314
6530,EV01289,105,25658
6531,EV01127,107,195847
6531,EV00878,121,609872
6531,EV01068,133,340931
6531,EV01274,141,43522
6531,EV00164,225,5457098
6532,EV01351,98,26552
6532,EV01369,106,310208
6532,EV00821,158,84708
6532,EV01551,160,36681
6532,EV01753,167,54641
6532,EV00246,244,7922768
6533,EV01693,128,225482
6533,EV00718,152,8423
6533,EV01564,162,1980642
6533,EV01417,186,300782
6534,EV00865,162,3931827
6535,EV00940,94,283635
6535,EV01141,120,45740
6535,EV01768,132,472014
6535,EV01813,141,1606796
6536,EV00712,105,162924
6536,EV00720,107,74336
6536,EV01006,121,84062
6536,EV00368,122,28477
6536,EV01693,168,215717
6536,EV00592,203,438794
6536,EV00216,247,1222413
6537,EV00225,256,1040843
6537,EV01897,365,3430689
6538,EV00363,113,48493
6538,EV01552,126,165566
6538,EV00522,144,373072
6538,EV01667,145,747242
6538,EV00780,187,141037
6538,EV01175,187,16123
6538,EV01131,202,19913
6539,EV00510,62,461379
6539,EV00970,129,116518
6540,EV00355,60,217172
6540,EV01618,113,17311
6540,EV00039,253,922660
6540,EV00299,255,4225127
6541,EV01242,133,65725
6541,EV01760,214,62548
6541,EV00225,217,1881209
6541,EV00312,230,10988954
6541,EV00319,239,23758826
6542,EV01399,96,423736
6542,EV01022,122,1044552
6542,EV01777,128,143914
6542,EV01385,132,47005
6543,EV00375,103,423150
6543,EV01575,168,43590
6543,EV00027,259,20177343
6544,EV00843,90,234901
6544,EV01024,132,3313322
6544,EV01591,165,136570
6544,EV01187,180,335261
6544,EV01167,228,123641
6544,EV00093,262,6562754
6545,EV01673,72,667882
6545,EV00326,81,253651
6545,EV00827,124,1791356
6545,EV01392,149,337172
6545,EV01585,202,429796
6545,EV01456,207,2360276
6546,EV01240,118,625294
6547,EV01044,103,146797
6547,EV00447,112,296964
6547,EV01280,128,78794
6548,EV00766,150,326428
6548,EV01742,155,313666
6549,EV01444,94,244395
6549,EV00461,95,181142
6549,EV01503,118,398452
6549,EV01622,141,24445
6550,EV00374,107,603028
6550,EV00405,154,163864
6550,EV00594,154,35711
6550,EV01274,154,30827
6550,EV00749,163,537978
6551,EV00888,96,1488387
6551,EV00420,138,1732875
6551,EV01394,157,1443181
6551,EV00431,166,255292
6551,EV01170,168,1720432
6552,EV00479,100,79172
6552,EV00819,101,93165
6552,EV00438,147,361562
6552,EV00060,262,1533251
6552,EV00275,266,8717525
6553,EV00405,108,149095
6553,EV00979,123,177900
6553,EV01442,123,639867
6553,EV01237,184,46060
6553,EV00171,231,8727816
6554,EV01780,80,14448
6554,EV01650,122,367480
6554,EV00422,176,5492792
6554,EV00206,251,548230
6554,EV00060,272,502077
6555,EV01634,134,287325
6555,EV00873,240,1496002
6556,EV00868,124,71435
6556,EV01435,134,34545
6556,EV01761,147,913255
6556,EV01145,156,3542783
6557,EV01730,120,966667
6557,EV01385,167,138197
6557,EV00083,172,3725086
6557,EV01815,206,81140
6558,EV01926,5,1111531
6558,EV00862,60,346254
6558,EV01076,88,78892
6558,EV00475,151,2024348
6558,EV00544,188,167268
6558,EV01441,190,535454
6559,EV00560,129,588418
6559,EV01342,147,28665
6559,EV01403,160,339870
6559,EV00302,279,63796587
6560,EV01741,148,650641
6560,EV01424,192,1608201
6560,EV00030,269,7394500
6560,EV00217,279,174222316
6561,EV01063,78,604667
6561,EV00943,105,718277
6561,EV01373,131,81901
6562,EV01230,132,137629
6563,EV01180,101,201274
6563,EV01706,164,787858
6563,EV00621,165,80789
6563,EV01756,166,269635
6565,EV00831,144,218467
6565,EV00156,241,5804194
6565,EV01866,347,1122886
6566,EV01514,142,758046
6566,EV00303,273,1117696
6567,EV00843,137,185468
6567,EV01672,150,138334
6567,EV01524,171,305152
6567,EV01685,190,32275
6568,EV00918,100,467128
6568,EV00113,255,3164961
6569,EV01695,106,916882
6569,EV00809,110,90423
6569,EV01761,153,1363395
6570,EV01609,107,114916
6570,EV01811,156,40635
6570,EV00104,231,6936343
6571,EV00996,101,2329275
6571,EV01292,115,182685
6571,EV01697,125,3154561
6571,EV01429,158,46525
6572,EV01650,144,739491
6572,EV00099,216,4430641
6573,EV01068,71,299702
6573,EV01656,107,85697
6573,EV00545,140,393879
6573,EV01414,177,27241
6573,EV01575,181,29887
6574,EV01000,66,19431
6574,EV01608,80,126563
6574,EV00636,119,146957
6574,EV01761,159,434424
6574,EV01642,163,1826423
6574,EV00068,278,9536964
6575,EV01889,26,1896425
6575,EV01165,89,413761
6575,EV01115,144,209624
6575,EV00486,194,63823
6575,EV01164,212,2122701
6576,EV00940,107,607380
6576,EV01649,116,270115
6576,EV01498,125,43010
6576,EV01590,163,20897
6577,EV00477,110,1701714
6577,EV00938,136,17399
6577,EV01533,144,56023
6577,EV01737,149,715281
6577,EV01751,157,147936
6577,EV00231,274,12318236
6578,EV01548,116,29830
6579,EV00408,148,92786
6579,EV00533,154,1791195
6579,EV01077,196,1186271
6579,EV00096,264,210791
6580,EV01677,81,302422
6580,EV01307,117,1189825
6580,EV01368,130,465220
6580,EV00864,140,53321
6580,EV01206,142,1935311
6580,EV01051,207,1130671
6580,EV00140,223,1114318
6582,EV00539,112,1270228
6582,EV00628,126,123872
6582,EV00721,146,141094
6582,EV00071,247,43740372
6583,EV01688,135,25380
6584,EV01001,102,108769
6584,EV00431,140,123444
6584,EV00449,149,652337
6584,EV00112,179,1020323
6584,EV00319,257,34670756
6585,EV00988,94,55506
6585,EV00183,239,16678116
6586,EV00380,84,198729
6586,EV00449,126,531130
6587,EV00712,116,359306
6587,EV00890,166,63484
6587,EV00681,176,169165
6587,EV00168,265,1715234
6588,EV01693,158,167161
6588,EV00140,236,328747
6589,EV00792,140,75861
6589,EV01294,142,2470592
6589,EV01426,148,2004623
6589,EV01304,154,95721
6589,EV01675,160,37835
6589,EV01385,172,12500
6590,EV01304,76,62186
6590,EV01244,91,249083
6591,EV00848,136,14944
6592,EV01614,89,624492
6592,EV01775,97,279032
6592,EV01135,134,989521
6592,EV01285,165,229124
6593,EV00879,157,179893
6593,EV01781,159,658984
6593,EV00060,227,1830370
6594,EV00438,114,159022
6594,EV00749,134,65198
6594,EV01419,170,878514
6594,EV01526,197,139535
6594,EV00130,240,2874250
6595,EV01159,107,191421
6595,EV01432,129,954367
6595,EV00714,131,122022
6595,EV01718,143,441896
6595,EV00592,153,463431
6595,EV01590,155,76865
6596,EV00651,86,608608
6596,EV01651,119,154362
6596,EV01056,138,58183
6597,EV01561,97,539667
6597,EV01514,148,1415470
6597,EV01225,158,1175977
6597,EV01616,170,14200
6597,EV01143,181,192005
6597,EV00175,271,2846978
6598,EV01703,92,97082
6598,EV00603,133,290456
6598,EV01085,149,631364
6598,EV00766,155,231737
6598,EV01332,161,297941
6599,EV01970,76,2291367
6599,EV01551,130,35199
6599,EV01155,156,3440918
6599,EV00382,177,39538
6600,EV01012,138,161176
6600,EV01345,176,72173
6600,EV00565,184,56736
6600,EV00312,223,24270427
6600,EV00130,288,3227082
6601,EV00676,111,2094227
6601,EV00397,157,349859
6601,EV00526,167,290474
6601,EV00288,254,637180
6602,EV00253,238,2219414
6603,EV00944,65,1507020
6603,EV00751,91,17716
6603,EV00438,152,187830
6604,EV00628,105,116394
6604,EV00951,107,915580
6604,EV00739,128,341864
6604,EV00612,133,10186
6604,EV01064,195,837190
6605,EV01240,199,1826735
6606,EV01836,31,543546
6606,EV01424,189,1694484
6606,EV00299,273,7629778
6607,EV00781,91,954916
6607,EV00765,95,468289
6607,EV00565,115,165598
6608,EV01552,140,208337
6608,EV01177,148,157001
6608,EV01462,156,6215192
6608,EV01467,157,1417458
6608,EV01608,181,145244
6609,EV00561,127,276408
6609,EV00722,146,110014
6609,EV01478,163,2084989
6610,EV01930,11,170254
6610,EV00336,123,48770
6610,EV00986,124,265177
6610,EV01504,156,2270246
6610,EV00917,157,167156
6610,EV00549,168,680087
6611,EV01313,136,1935459
6611,EV01126,139,31232
6611,EV00595,170,179073
6611,EV00866,193,194704
6611,EV00039,288,1932229
6612,EV01771,107,113120
6612,EV01693,123,63968
6612,EV00488,133,199888
6613,EV01975,50,1441552
6613,EV01663,60,141409
6613,EV01226,159,65804
6614,EV00333,136,6002684
6614,EV00958,153,2870462
6614,EV01634,202,137059
6614,EV00288,242,971210
6614,EV00295,252,29291627
6615,EV00563,132,79069
6615,EV00470,135,30352
6615,EV01794,144,58380
6615,EV01693,151,103438
6615,EV01083,182,3460039
6615,EV01226,192,81139
6615,EV00247,237,3643671
6616,EV01614,114,904782
6616,EV00510,148,639602
6616,EV00869,158,706737
6616,EV01246,173,1079213
6617,EV01208,128,49759
6617,EV01696,148,2523908
6618,EV00358,148,50940
6618,EV00046,205,6084679
6618,EV01263,207,201686
6619,EV01075,91,17736
6619,EV01297,117,47375
6619,EV00727,135,264381
6619,EV01327,143,40435
6619,EV01273,191,99396
6620,EV01017,87,719251
6620,EV01233,95,1812394
6620,EV00657,113,187462
6620,EV01760,119,19622
6620,EV00862,123,529446
6620,EV01487,131,86831
6620,EV00439,144,169020
6620,EV01637,154,1947771
6621,EV00348,112,555956
6622,EV01846,8,1268092
6622,EV01659,117,42775
6622,EV01158,159,71070
6623,EV01202,143,128887
6623,EV01044,154,91876
6623,EV00669,162,17669
6623,EV00989,170,155688
6623,EV00060,242,1016490
6624,EV01938,54,1597653
6624,EV00788,114,83035
6624,EV01524,117,116701
6624,EV01415,125,475001
6624,EV00820,132,3898312
6624,EV01330,134,40074
6624,EV00836,141,1171602
6624,EV00555,143,236800
6624,EV00745,170,32519
6625,EV00078,232,8810125
6626,EV01901,65,375653
6626,EV01486,141,984617
6626,EV00913,184,6595494
6626,EV00790,188,139921
6626,EV00931,194,35330
6628,EV01338,154,1219129
6628,EV00962,160,1358543
6628,EV00390,187,1512083
6628,EV00036,232,54241844
6629,EV00388,99,28678
6629,EV01533,118,274226
6629,EV01084,183,117542
6629,EV00112,270,6338252
6630,EV00530,80,22680
6630,EV01350,109,74555
6630,EV01276,161,83379
6630,EV00680,164,892402
6630,EV01017,189,1449151
6630,EV01768,214,71407
6630,EV00168,245,1947183
6631,EV00843,60,136822
6631,EV01613,134,20370
6631,EV01188,137,626689
6631,EV01496,137,532698
6631,EV00485,162,2201138
6631,EV00140,206,1116960
6632,EV01703,128,20768
6632,EV01616,143,35265
6632,EV00126,228,7523149
6633,EV01349,103,206967
6633,EV00409,149,1225591
6633,EV00363,173,21119
6633,EV00078,232,4329170
6634,EV01570,150,36486
6634,EV01108,163,57469
6634,EV00447,176,261014
6635,EV01246,143,1712900
6635,EV00391,170,101723
6635,EV00318,244,14430626
6636,EV00509,119,52064
6636,EV00717,134,60614
6636,EV00275,234,5293282
6637,EV01068,115,401457
6638,EV01202,148,48553
6638,EV00499,199,30737
6638,EV00216,231,1621353
6638,EV00060,240,2611515
6639,EV00703,85,103752
6639,EV01404,114,726301
6639,EV00503,197,95416
6640,EV01760,135,24475
6640,EV01292,144,573226
6640,EV00324,171,741714
6640,EV00997,193,14076
6641,EV00672,130,30673
6641,EV01444,130,253540
6641,EV01808,147,321794
6641,EV01760,157,26613
6641,EV01551,199,11731
6642,EV01924,15,3147246
6642,EV00992,118,310205
6642,EV01609,170,56559
6642,EV00809,171,82010
6642,EV01346,180,104837
6643,EV00358,101,252693
6643,EV01274,131,31810
6643,EV01591,143,175617
6643,EV01273,178,177011
6643,EV00720,217,71871
6644,EV01023,113,134496
6645,EV01985,65,495716
6645,EV00824,128,409052
6645,EV01487,199,68754
6646,EV01253,149,95566
6646,EV01203,153,2594369
6646,EV01530,162,199226
6646,EV01274,176,8017
6646,EV00093,229,2905773
6647,EV00534,91,469079
6647,EV00781,139,351701
6647,EV01633,140,58705
6647,EV01629,146,401290
6647,EV01012,151,329108
6647,EV00078,197,10825641
6647,EV00786,205,96933
6648,EV01103,90,121759
6648,EV00660,142,778850
6649,EV00997,148,39274
6649,EV00583,177,129133
6649,EV01127,178,148340
6649,EV00259,244,5469388
6650,EV01694,63,102848
6650,EV01001,149,56445
6650,EV00164,270,13873678
6651,EV01994,33,532209
6651,EV01707,124,97323
6651,EV00389,206,254156
6652,EV00592,135,188067
6652,EV01687,138,914455
6652,EV01613,141,38005
6652,EV00555,187,400970
6652,EV00837,200,24076
6653,EV01960,23,1837248
6653,EV01796,95,249447
6653,EV01436,115,4895332
6653,EV01634,159,394399
6653,EV01414,175,26908
6653,EV00153,257,19785419
6654,EV00773,89,183173
6654,EV00017,201,1505023
6654,EV00299,232,6873648
6655,EV01595,136,99748
6655,EV00566,160,103062
6655,EV00074,287,35345785
6656,EV00714,113,200353
6656,EV01373,126,118673
6656,EV00412,132,401789
6656,EV00414,178,15523
6656,EV00790,184,62295
6657,EV01633,76,35559
6657,EV00631,125,55782
6658,EV01044,89,28160
6658,EV00391,108,75227
6658,EV00841,135,153336
6659,EV00457,112,171756
6659,EV01488,161,82150
6659,EV00309,247,4939453
6660,EV01069,110,1398687
6660,EV01650,135,534339
6660,EV00953,138,64511
6660,EV00447,161,355177
6661,EV01136,116,602961
6661,EV01204,129,54307
6661,EV01817,132,502016
6661,EV01304,154,86066
6661,EV00448,169,374603
6661,EV01172,170,241824
6661,EV00639,174,2754349
6661,EV00158,251,3026095
6662,EV00501,156,122039
6662,EV00720,172,123466
6663,EV01933,3,535604
6663,EV01373,127,173739
6663,EV01502,139,82198
6663,EV00355,146,196148
6663,EV00567,148,274012
6663,EV00568,167,1333870
6663,EV00975,191,591439
6664,EV00512,89,280811
6664,EV01484,130,383450
6664,EV00628,132,28498
6664,EV01753,157,93626
6664,EV00253,210,5980000
6665,EV01992,44,4626284
6665,EV01806,113,126153
6665,EV01624,149,1981815
6665,EV01657,169,940210
6665,EV01120,221,477956
6666,EV01465,175,109878
6666,EV01777,201,102462
6666,EV00206,237,1765649
6668,EV01067,86,23597
6668,EV00641,88,1812589
6668,EV01435,105,29901
6668,EV00991,129,602470
6668,EV01006,158,58583
6668,EV00862,173,166154
6669,EV00549,115,277294
6669,EV01441,175,638727
6669,EV00081,206,923012
6669,EV01600,233,98320
6669,EV00037,271,2049352
6670,EV00048,227,164441236
6671,EV00370,160,592261
6671,EV01409,170,51423
6671,EV01576,179,3581578
6671,EV00222,261,4506431
6671,EV00164,300,10740286
6672,EV00368,127,33942
6672,EV00943,130,1163037
6673,EV00812,114,612005
6673,EV01431,126,380571
6673,EV01613,145,24785
6674,EV00187,272,66094558
6675,EV00382,121,50720
6675,EV00355,168,53317
6675,EV00183,229,11592147
6675,EV00204,280,23771989
6676,EV00361,134,169129
6676,EV01770,143,186855
6676,EV01362,175,131155
6676,EV00453,186,1299891
6677,EV01633,60,85410
6677,EV00271,267,3309695
6678,EV00326,82,183061
6678,EV00329,144,176887
6678,EV01111,180,45927
6678,EV01646,211,65605
6678,EV00124,238,19444268
6679,EV00566,85,234081
6679,EV00636,96,52948
6679,EV01488,197,197311
6679,EV00571,217,975643
6679,EV00046,228,3276939
6680,EV01079,108,59913
6680,EV00954,110,57875
6680,EV01165,123,551820
6680,EV01770,164,339471
6680,EV01351,178,81246
6680,EV00216,274,2094782
6681,EV01441,89,589584
6681,EV00549,92,300649
6681,EV01213,124,1503517
6681,EV01079,126,380163
6681,EV00671,127,30471
6681,EV00522,137,305604
6682,EV01960,12,788933
6682,EV00615,100,1681191
6682,EV01165,133,486012
6682,EV00914,170,359973
6682,EV01305,181,260698
6682,EV01533,183,159620
6682,EV00245,233,16025732
6683,EV00790,113,136256
6683,EV01632,135,4454846
6683,EV00946,147,32978
6683,EV00440,149,2561693
6683,EV01546,158,519540
6683,EV00154,238,51104400
6684,EV00451,94,226780
6684,EV00522,99,807942
6684,EV00326,100,347030
6684,EV01097,100,19394
6684,EV01498,113,90644
6685,EV00607,108,175648
6686,EV00335,100,370967
6686,EV01269,112,174881
6686,EV00837,151,60942
6686,EV01730,169,808324
6686,EV00297,266,15860722
6687,EV00093,282,1089779
6688,EV00797,125,342420
6688,EV01591,133,249856
6688,EV01687,150,1215039
6688,EV01413,162,183646
6688,EV00960,167,262895
6689,EV00790,103,67912
6689,EV00347,124,479560
6689,EV00399,137,103669
6689,EV00883,172,129528
6689,EV00651,187,420773
6690,EV01546,99,456047
6690,EV00723,136,8604
6690,EV00841,167,79752
6690,EV01617,202,16318
6691,EV01422,144,30158
6692,EV01529,165,45430
6692,EV00255,246,5072587
6693,EV01216,128,524374
6693,EV01771,161,102166
6693,EV00908,186,218170
6694,EV01294,83,3370562
6694,EV01557,128,87582
6694,EV01235,131,110659
6694,EV01014,144,84434
6694,EV00522,177,368623
6694,EV00066,278,167147105
6695,EV00191,230,514655
6695,EV00317,237,2063440
6696,EV01320,81,429699
6696,EV00406,100,80411
6696,EV00391,111,83021
6696,EV00476,157,167258
6696,EV01170,166,1549750
6696,EV00087,272,33574690
6697,EV00641,129,986506
6698,EV01276,148,45572
6698,EV01508,172,700240
6698,EV01030,173,341053
6699,EV00686,119,1105326
6699,EV00615,123,1025979
6699,EV01504,170,2391026
6699,EV01793,190,13420
6699,EV00093,223,643287
6699,EV00076,229,1458201
6699,EV00231,239,3404132
6699,EV00204,284,19493628
6700,EV00949,93,492540
6700,EV01159,115,1668510
6700,EV00567,117,291132
6700,EV00786,145,63786
6700,EV01526,157,204968
6700,EV00843,171,48255
6701,EV01166,148,284717
6701,EV01318,217,163447
6702,EV01095,124,523721
6702,EV00997,140,34202
6702,EV00489,151,126864
6702,EV00164,298,19001141
6703,EV01182,77,322586
6703,EV00712,82,117417
6703,EV00365,98,268720
6703,EV01136,128,894509
6703,EV01465,133,83133
6703,EV01474,167,2149007
6703,EV00124,225,33021000
6703,EV00221,252,6130878
6704,EV00544,127,111097
6704,EV01413,141,129431
6704,EV00392,143,399194
6704,EV00773,153,238491
6704,EV00722,156,100110
6704,EV00057,226,4766901
6704,EV00253,252,1836889
6705,EV01663,140,98699
6705,EV00873,167,2345805
6705,EV01103,193,186760
6706,EV00493,135,99447
6706,EV00022,283,38223006
6707,EV00744,79,355122
6707,EV00841,103,147790
6707,EV00253,260,5148138
6708,EV00375,124,88364
6708,EV00917,125,450510
6708,EV00884,143,702375
6709,EV00512,149,563254
6709,EV00873,149,691914
6710,EV01333,118,163113
6710,EV01418,118,655862
6710,EV01149,155,178178
6710,EV00312,252,9687393
6711,EV01756,139,215182
6711,EV01333,179,77584
6713,EV01313,93,1696140
6713,EV01546,116,422991
6713,EV01481,143,456164
6713,EV00334,144,212991
6714,EV00703,88,146977
6714,EV01755,151,1154655
6714,EV01079,175,192502
6714,EV00715,179,394294
6715,EV00638,126,411073
6715,EV00389,143,179961
6715,EV01416,147,3657028
6715,EV00408,174,26488
6715,EV00024,233,14388837
6716,EV00837,219,81095
6717,EV01052,107,14836
6717,EV00391,143,156374
6717,EV00358,153,117839
6717,EV00525,161,855313
6717,EV01313,172,1408899
6717,EV00642,222,321726
6717,EV00260,226,22600513
6717,EV00175,267,3613148
6718,EV00499,115,45696
6718,EV00674,130,89021
6718,EV01179,179,202519
6719,EV01615,110,87956
6720,EV01346,68,29016
6720,EV00636,103,88897
6720,EV00565,144,20929
6720,EV00489,149,274396
6721,EV00618,98,1997282
6721,EV00493,139,186726
6721,EV01485,148,36235
6722,EV01641,133,188992
6722,EV01539,164,42944
6722,EV01804,172,171066
6723,EV01513,164,2826743
6723,EV00976,192,2416866
6724,EV01313,113,1879881
6724,EV00502,119,577930
6724,EV00423,127,421153
6724,EV01449,173,227218
6724,EV01037,211,50287
6724,EV00216,270,243323
6725,EV00837,137,67472
6725,EV00595,142,271054
6725,EV00573,178,463646
6726,EV01641,164,96454
6726,EV00030,245,2382577
6727,EV01117,101,124091
6727,EV01099,132,243479
6727,EV01580,169,155493
6727,EV00140,291,914208
6728,EV01661,66,576168
6728,EV01371,139,555494
6728,EV00739,145,1343166
6728,EV01183,150,86248
6728,EV01319,151,129438
6728,EV00220,267,29489372
6729,EV01021,121,689433
6729,EV01782,130,1826044
6729,EV01732,149,108165
6729,EV01793,172,22805
6729,EV00264,262,1806316
6730,EV00907,162,1104296
6730,EV00253,198,4258174
6730,EV00087,250,57153662
6731,EV00447,145,191367
6731,EV01060,148,48111
6731,EV01734,170,221419
6733,EV01615,164,261662
6734,EV01382,85,129341
6734,EV01801,158,254569
6735,EV01376,164,1985763
6735,EV00698,200,344647
6735,EV00117,232,39459692
6736,EV01161,91,43684
6736,EV01377,143,1229068
6736,EV00347,148,471058
6736,EV01546,150,204391
6736,EV00709,176,105868
6736,EV00206,218,1048281
6736,EV00093,240,754355
6737,EV01422,143,19026
6738,EV00655,110,231063
6738,EV01701,137,69235
6738,EV00792,140,137628
6738,EV01506,140,11027528
6738,EV01220,176,416581
6738,EV01587,215,464722
6738,EV00159,286,9154382
6739,EV01226,105,69085
6739,EV01609,122,27395
6740,EV01722,101,30208
6740,EV01722,159,59292
6740,EV01604,197,569627
6741,EV00621,146,63146
6741,EV01388,176,85382
6742,EV00879,131,470388
6742,EV00083,236,2268061
6743,EV01290,83,284214
6743,EV01289,151,27999
6744,EV00363,146,28412
6744,EV00836,147,126644
6744,EV00923,153,50828
6745,EV01651,71,167425
6745,EV00849,110,4107967
6745,EV00559,144,14641
6745,EV00587,170,832770
6745,EV00466,171,118546
6745,EV00722,184,95110
6745,EV00073,217,3485865
6745,EV00039,300,2493268
6746,EV00894,91,1310716
6746,EV00390,118,2233674
6746,EV01363,139,139387
6746,EV01791,140,49730
6746,EV00555,141,129610
6746,EV01079,146,227900
6746,EV01149,163,183103
6746,EV00491,169,571048
6747,EV01512,139,440438
6747,EV01199,163,354467
6748,EV01979,37,769667
6748,EV01546,110,672547
6748,EV01170,120,1895312
6748,EV01408,145,46707
6749,EV01629,75,178454
6749,EV00731,82,926537
6749,EV00682,134,25142
6749,EV01722,141,20788
6749,EV00488,148,611956
6749,EV00531,152,7587542
6749,EV00386,172,293204
6749,EV00727,191,340570
6749,EV01428,203,120431
6749,EV00046,298,9343496
6750,EV00472,90,40635
6750,EV00457,115,122107
6750,EV01110,159,95588
6750,EV00087,275,93000810
6751,EV00930,112,1184704
6751,EV01345,129,43920
6751,EV00574,192,853751
6752,EV00475,93,2582737
6752,EV00866,126,119952
6752,EV01421,171,44548
6752,EV00012,255,69703156
6753,EV01285,60,263192
6753,EV01760,99,15960
6753,EV00438,146,443338
6753,EV01780,186,46748
6753,EV01634,195,242786
6754,EV01444,110,536900
6754,EV01645,166,324575
6754,EV01815,174,157709
6754,EV00357,186,109149
6754,EV00130,249,1268493
6755,EV01599,121,158211
6755,EV01704,133,2003673
6755,EV00548,152,109011
6755,EV01368,156,284244
6755,EV01869,359,1401664
6756,EV01814,135,157952
6757,EV01485,112,68562
6757,EV00500,128,345787
6757,EV00395,163,151871
6757,EV01812,186,635648
6758,EV01333,127,164339
6758,EV00786,163,222427
6758,EV01170,171,1634517
6758,EV00992,177,127064
6758,EV00216,257,599616
6759,EV01669,132,100463
6760,EV00816,109,90035
6760,EV01417,136,253642
6760,EV00788,234,29307
6761,EV01394,99,358712
6761,EV00803,106,101061
6761,EV00567,120,186764
6761,EV00579,131,251428
6761,EV00780,163,18269
6761,EV00649,191,4548045
6761,EV00073,234,11570550
6762,EV01333,86,77308
6763,EV01270,127,367105
6763,EV01452,136,274744
6763,EV01355,173,55758
6764,EV00342,137,702534
6764,EV01562,169,4171773
6764,EV01381,211,432213
6765,EV00760,147,99884
6766,EV00513,144,16179
6767,EV01414,81,32463
6767,EV00512,104,281658
6767,EV00948,121,77266
6767,EV00848,180,36317
6768,EV01574,125,364191
6769,EV00588,60,1272983
6769,EV01745,104,30944
6769,EV00567,144,365263
6769,EV00046,258,1298188
6770,EV00831,137,233128
6770,EV01687,145,699850
6770,EV00651,155,279457
6770,EV01469,161,950382
6770,EV01135,170,1726796
6770,EV00760,186,89446
6771,EV01566,168,359731
6771,EV00714,192,174175
6772,EV01464,150,42814
6772,EV01328,161,151591
6772,EV00717,178,68685
6772,EV00250,274,631919
6773,EV00763,112,64430
6773,EV00535,122,28680
6773,EV00631,134,272837
6773,EV01076,152,66472
6773,EV01019,240,147995
6774,EV01276,141,59022
6774,EV00760,169,124310
6774,EV01404,187,340884
6774,EV01664,202,1891247
6775,EV01321,115,119440
6775,EV00532,142,118826
6775,EV00981,157,65909
6775,EV01667,193,843497
6775,EV00087,243,46500013
6775,EV00133,255,22212879
6776,EV00403,125,792234
6776,EV00368,154,68743
6776,EV01297,163,39847
6776,EV01188,219,635055
6776,EV00146,233,9677050
6777,EV00983,127,222929
6777,EV00486,131,148465
6777,EV00829,136,10313817
6777,EV01687,190,700915
6778,EV01180,123,105248
6778,EV01431,134,2013868
6778,EV00082,265,2938797
6779,EV01345,96,46849
6779,EV00425,108,313926
6779,EV01272,153,154546
6780,EV01634,141,274646
6780,EV00375,153,258123
6781,EV01285,95,467906
6781,EV01632,103,1239091
6781,EV01812,172,425334
6781,EV00026,243,2594460
6781,EV00216,259,588144
6782,EV01558,156,185998
6782,EV01590,173,35493
6783,EV00896,98,368906
6783,EV01574,141,1121956
6784,EV01846,14,393925
6784,EV01471,106,200630
6784,EV01745,157,171589
6784,EV00548,168,17279
6785,EV01935,49,1793472
6785,EV01417,121,714726
6785,EV01180,138,96612
6785,EV01483,180,1418906
6785,EV01778,187,52295
6786,EV01935,11,3349263
6787,EV00427,146,36836
6787,EV01105,151,121117
6788,EV01103,108,168484
6788,EV01669,141,296112
6788,EV01638,144,800455
6788,EV01783,146,280889
6788,EV00981,200,158744
6788,EV01316,205,245327
6788,EV01308,224,49059
6789,EV00941,96,14030
6789,EV00828,111,2753540
6789,EV01349,136,86511
6789,EV00509,149,67779
6789,EV00368,150,42072
6789,EV01198,182,428531
6790,EV00589,74,722440
6790,EV01578,85,49910
6790,EV00917,133,261521
6790,EV01204,143,14680
6790,EV00383,153,33270
6791,EV01345,67,106785
6791,EV01634,147,276395
6792,EV01533,129,386293
6792,EV00877,130,1174089
6792,EV01349,157,46093
6792,EV01684,161,87063
6793,EV01108,157,73640
6793,EV00229,244,9671043
6795,EV01365,146,95741
6795,EV00883,195,153732
6795,EV00225,249,2864504
6797,EV01715,117,292057
6797,EV00493,135,242018
6797,EV00375,145,38974
6797,EV01508,160,397175
6798,EV00928,85,17743
6798,EV01272,140,392143
6798,EV01666,156,234712
6798,EV00030,230,12378776
6798,EV00307,259,28621710
6799,EV01715,141,281434
6799,EV01322,150,93133
6800,EV00348,145,475896
6800,EV00955,163,1018461
6800,EV01191,171,1217647
6801,EV01883,26,2387924
6801,EV01019,120,122737
6801,EV01346,122,28589
6801,EV01177,171,140747
6801,EV00358,194,216719
6801,EV00118,243,16632930
6802,EV00850,114,165728
6802,EV01251,167,88876
6802,EV00679,189,77129
6803,EV00460,111,1458141
6803,EV00145,241,78142323
6803,EV00113,296,1642356
6804,EV00797,126,267562
6804,EV00917,163,192105
6804,EV00651,171,127933
6804,EV00561,198,163439
6804,EV00632,201,1238802
6804,EV00090,256,2604263
6805,EV01488,121,182793
6805,EV01158,126,89305
6805,EV00814,142,661704
6805,EV01500,157,270295
6805,EV01746,187,707886
6805,EV00387,222,1268481
6806,EV01869,5,1840371
6806,EV00712,113,201847
6807,EV01760,100,3183
6807,EV00957,118,443904
6808,EV01551,73,64139
6808,EV00607,96,117184
6808,EV00866,133,265894
6808,EV01351,144,33833
6808,EV00616,162,227266
6808,EV01673,167,232465
6809,EV01608,109,52229
6809,EV00382,137,41311
6809,EV00600,161,20286
6809,EV00370,191,1776464
6810,EV01276,160,71066
6810,EV01540,192,499018
6810,EV01842,359,474920
6811,EV00412,103,198363
6811,EV00388,112,84082
6811,EV00950,121,497920
6812,EV01326,112,288422
6812,EV01183,119,62463
6812,EV01638,184,462253
6812,EV00416,202,558816
6812,EV00251,281,8216385
6813,EV00719,100,28341
6813,EV00850,139,137756
6813,EV01625,142,374583
6813,EV00629,153,2143323
6813,EV00247,263,5358504
6813,EV00110,270,17946298
6814,EV01176,98,857583
6814,EV00841,120,141049
6814,EV00614,149,466950
6815,EV00664,103,1747194
6815,EV00993,105,15802
6815,EV00057,284,24968858
6816,EV00839,121,137848
6817,EV01677,147,901404
6817,EV00250,254,660276
6818,EV00184,291,5773983
6819,EV01342,131,45398
6819,EV00496,138,70494
6819,EV00022,267,48851066
6820,EV00973,70,163226
6820,EV00491,74,112569
6820,EV00429,129,389989
6820,EV00470,139,11802
6820,EV00493,166,149253
6820,EV00156,308,6497287
6821,EV01551,240,83514
6822,EV01010,141,188307
6822,EV01065,169,960643
6822,EV00520,188,3149398
6823,EV00030,248,7620745
6824,EV01677,197,585704
6824,EV00078,253,10936072
6825,EV01306,176,57432
6825,EV01893,348,1397715
6826,EV00943,98,1193240
6826,EV01631,123,128574
6826,EV00423,129,685537
6826,EV00271,306,11274242
6826,EV01838,362,1582785
6827,EV00759,60,789387
6827,EV00408,152,78882
6827,EV01669,192,232263
6827,EV00110,255,4483810
6828,EV00540,131,47161
6828,EV00358,133,274260
6828,EV01341,137,106166
6828,EV01566,153,240236
6829,EV01079,138,223180
6829,EV01858,348,1969470
6830,EV00460,93,930387
6830,EV01570,105,149581
6830,EV01466,114,5541700
6830,EV00712,146,240302
6831,EV01766,144,446475
6831,EV00964,154,542188
6831,EV01029,176,93570
6832,EV00660,98,761603
6832,EV00667,111,495776
6832,EV00432,134,765908
6832,EV00792,156,44188
6832,EV00500,158,93299
6832,EV00709,197,159508
6833,EV00896,151,107399
6833,EV00509,163,89016
6833,EV00370,202,1177909
6834,EV01915,37,3469622
6834,EV00750,121,935457
6834,EV01034,139,1236474
6834,EV01623,179,164041
6835,EV01291,140,128751
6836,EV00562,113,36523
6836,EV01214,120,563334
6836,EV00574,166,881828
6836,EV01304,167,280749
6836,EV00104,247,9634913
6837,EV01582,118,755461
6837,EV00258,222,26047117
6838,EV00703,90,18893
6838,EV01289,104,36340
6838,EV00597,113,74993
6838,EV00251,288,21898213
6839,EV01956,24,1815074
6839,EV00903,108,217402
6839,EV01423,190,136509
6839,EV00206,219,1236598
6840,EV01551,113,93462
6840,EV01063,170,462638
6840,EV00076,263,4573792
6841,EV01076,142,41999
6841,EV00245,238,33821548
6841,EV00076,263,2785411
6842,EV01351,111,58698
6842,EV00773,140,240017
6842,EV01769,149,226625
6843,EV01083,106,2265431
6843,EV01721,128,311063
6843,EV01487,130,91696
6843,EV01780,144,48972
6843,EV01451,166,155300
6843,EV00024,288,22405910
6844,EV00775,128,446119
6844,EV00754,205,209623
6845,EV00830,118,82139
6845,EV00628,121,38636
6845,EV01551,131,50172
6845,EV00123,256,21477305
6846,EV01013,90,185383
6846,EV01142,116,38145
6846,EV01310,149,22895
6846,EV01067,181,84242
6846,EV00195,264,233131051
6847,EV01041,103,132654
6847,EV01349,115,131327
6847,EV01141,168,56721
6847,EV01537,181,538497
6847,EV00093,256,1582647
6848,EV01753,88,155050
6848,EV01240,102,428039
6848,EV01768,204,417087
6848,EV01359,234,271070
6849,EV01585,123,524675
6849,EV00624,128,874012
6849,EV01476,202,48033
6850,EV01408,74,129069
6850,EV00923,77,44377
6850,EV01060,91,67970
6850,EV00532,130,200155
6850,EV00873,135,273297
6851,EV00382,92,57074
6851,EV00574,152,458291
6852,EV01967,17,356413
6852,EV01404,131,525517
6853,EV01937,16,1326302
6853,EV00960,114,694446
6853,EV00614,118,590798
6853,EV00336,132,74744
6853,EV01276,134,49440
6853,EV01046,156,163376
6853,EV01260,160,353324
6853,EV00550,185,1114934
6854,EV00447,87,145457
6854,EV00848,150,16005
6854,EV00783,157,121150
6854,EV01441,170,1025852
6854,EV00140,228,658069
6855,EV01272,175,303599
6856,EV01744,77,84574
6856,EV00491,114,199223
6856,EV00994,118,327166
6857,EV00839,66,231423
6857,EV00472,172,61514
6857,EV00191,230,3131741
6858,EV00408,126,226585
6858,EV01540,139,632321
6858,EV00848,150,12412
6858,EV01365,186,147119
6858,EV01793,200,18935
6859,EV01891,59,1602101
6859,EV00799,72,79459
6859,EV00584,97,98952
6859,EV01764,154,739064
6859,EV00447,157,305416
6859,EV01379,168,51257
6859,EV00090,281,3299324
6860,EV01051,150,1325696
6860,EV00871,157,995250
6860,EV00384,196,372133
6861,EV01961,14,1191676
6861,EV01697,138,2211187
6861,EV00683,143,183452
6861,EV01216,144,696419
6861,EV00600,146,45179
6863,EV00715,123,349300
6863,EV00459,160,207075
6863,EV00225,230,2481262
6864,EV00883,93,57987
6864,EV01500,131,142628
6864,EV01599,136,87735
6865,EV01530,113,180354
6865,EV00824,116,1093056
6865,EV01023,168,139376
6866,EV01580,122,83229
6866,EV00885,126,956511
6866,EV01180,132,166311
6866,EV01039,135,29364
6866,EV00672,159,55478
6866,EV01651,181,119203
6866,EV00118,216,31288318
6866,EV01447,231,182489
6867,EV01984,12,771858
6867,EV00765,69,661494
6867,EV01537,115,112874
6867,EV01693,125,234750
6867,EV01148,161,1943886
6868,EV01857,14,998962
6868,EV01591,92,258609
6868,EV01632,110,1777452
6869,EV01245,60,231210
6869,EV00431,164,145899
6870,EV01770,125,399007
6870,EV01226,128,69606
6870,EV01609,129,60895
6870,EV00941,147,53786
6870,EV01730,153,1170166
6870,EV01757,153,52449
6870,EV00751,155,38045
6871,EV00861,152,3930
6871,EV01403,157,262035
6871,EV00366,190,849862
6871,EV01938,356,506530
6872,EV01158,104,121697
6872,EV00472,109,57170
6872,EV01228,137,30777
6872,EV00680,138,919193
6872,EV00789,181,243319
6872,EV01436,218,6584802
6873,EV01329,165,29609
6873,EV00383,170,44933
6874,EV00366,123,1145883
6874,EV01297,132,50221
6874,EV00754,138,523898
6874,EV00998,155,237389
6875,EV01694,141,31404
6875,EV00093,244,1357198
6875,EV00246,245,3505948
6876,EV00580,123,65630
6876,EV00960,172,556329
6876,EV01659,176,55510
6876,EV01691,231,1086141
6877,EV01342,97,10317
6877,EV01557,119,87628
6877,EV01428,134,35485
6878,EV00651,63,398216
6878,EV00590,111,12501
6879,EV01138,152,172841
6879,EV00326,159,25679
6879,EV01173,164,20748
6879,EV00435,187,349401
6879,EV00120,241,9534106
6880,EV00459,114,67432
6880,EV00773,121,71100
6880,EV00949,131,1700000
6880,EV00383,180,57352
6880,EV01379,205,17380
6880,EV00146,208,9888171
6881,EV01346,117,49657
6881,EV01721,118,162702
6881,EV00512,121,307552
6882,EV01551,79,23662
6882,EV00368,126,86753
6882,EV01223,140,870586
6882,EV00904,200,651831
6882,EV00046,262,4801819
6883,EV00496,108,92400
6883,EV01781,129,1004963
6883,EV01428,131,178434
6883,EV01758,135,40818
6883,EV00545,143,285832
6883,EV00851,178,32667
6883,EV01250,210,37551
6883,EV00107,224,44676539
6883,EV00146,248,7918714
6884,EV01204,109,14361
6885,EV00732,89,9555373
6885,EV00376,119,131506
6885,EV01766,138,343262
6885,EV00712,166,410816
6885,EV00448,190,660365
6886,EV00498,79,142607
6886,EV00783,160,50891
6886,EV01183,190,198106
6886,EV01265,210,25550
6886,EV00295,281,33321233
6887,EV00915,121,23830
6887,EV00439,160,117472
6887,EV01742,198,270123
6888,EV01488,111,62476
6888,EV00665,161,81198
6888,EV00418,187,242506
6889,EV00621,96,67412
6889,EV01289,128,72861
6889,EV01745,153,77439
6889,EV00078,228,10362039
6890,EV01618,111,11440
6890,EV00654,112,636020
6890,EV01740,132,930657
6890,EV00406,164,248052
6891,EV00614,66,889908
6891,EV00686,66,1507691
6891,EV01557,104,124808
6891,EV00498,120,107992
6891,EV01180,144,123707
6891,EV01791,166,68273
6891,EV00096,178,476255
6891,EV00246,243,8777825
6891,EV00315,264,7250067
6891,EV00018,309,106013922
6892,EV00787,146,236429
6892,EV01080,151,605609
6893,EV00896,158,184219
6893,EV00732,170,2333673
6893,EV00518,172,442760
6893,EV00037,256,3724408
6894,EV01698,112,227625
6894,EV00641,130,1402662
6894,EV01514,154,1184259
6894,EV00717,177,18991
6894,EV00078,251,4601570
6895,EV00512,192,130852
6895,EV00288,240,817749
6896,EV01037,99,169292
6896,EV01266,113,414788
6896,EV01023,114,151701
6896,EV01429,135,79984
6896,EV01633,163,78726
6896,EV00620,205,742167
6897,EV01516,170,1982428
6898,EV01051,119,1082005
6898,EV00498,132,241712
6898,EV01777,195,102662
6898,EV00159,206,10147673
6898,EV00312,208,8623477
6898,EV01346,220,113627
6899,EV00964,83,367646
6899,EV01307,210,2588689
6899,EV00059,233,8022756
6899,EV00095,274,355106
6900,EV00740,122,1809727
6900,EV01629,134,113771
6900,EV00455,212,1360316
6900,EV01848,351,4140910
6901,EV00636,141,54850
6901,EV00391,198,74481
6902,EV00607,129,108486
6902,EV01091,146,41051
6902,EV00291,260,7655832
6902,EV00008,261,14502509
6903,EV01029,71,81485
6903,EV01722,118,28570
6903,EV01288,122,159763
6904,EV01796,90,101423
6904,EV00682,121,86494
6904,EV01039,135,16764
6905,EV00722,121,106362
6905,EV01402,138,1126433
6905,EV00641,143,4758632
6905,EV01285,172,157718
6906,EV01578,119,13476
6906,EV00445,128,256681
6906,EV01590,160,82844
6906,EV01501,177,299526
6906,EV00570,204,1075309
6907,EV01694,139,112704
6907,EV00390,152,1087505
6907,EV01310,162,38938
6907,EV01262,188,150308
6908,EV01166,178,146700
6908,EV01808,185,140858
6909,EV01158,128,392824
6909,EV00549,130,427398
6909,EV01018,205,133055
6909,EV01903,352,1682077
6910,EV01905,44,912614
6910,EV00438,116,391662
6910,EV00959,117,296498
6910,EV00972,159,3218090
6910,EV00246,266,5865837
6911,EV00427,126,74499
6911,EV01072,130,330523
6911,EV00666,137,30778
6911,EV01030,175,253942
6912,EV01444,87,225854
6912,EV01278,222,2308467
6913,EV01223,115,891107
6913,EV00051,218,11941549
6913,EV00133,240,59133484
6913,EV00225,262,1699131
6914,EV00591,95,1720337
6914,EV00827,114,2874632
6914,EV00709,156,77544
6914,EV01118,159,808546
6914,EV01051,183,1203674
6915,EV01104,116,379376
6915,EV00723,120,46949
6915,EV01591,137,109369
6915,EV00616,164,370108
6916,EV00397,126,97175
6916,EV01325,156,751723
6916,EV00288,277,831869
6917,EV01938,28,1707810
6917,EV00584,120,178218
6917,EV01741,145,284707
6917,EV00249,260,1378461
6918,EV00915,87,244624
6918,EV01488,133,71099
6918,EV01351,137,110033
6918,EV01289,139,31411
6918,EV01515,143,170888
6918,EV00542,187,249893
6918,EV00408,195,81531
6919,EV01768,101,839670
6920,EV01590,109,80138
6920,EV00722,142,229817
6920,EV00338,160,4436760
6920,EV00022,233,92689347
6921,EV00540,137,54271
6921,EV01708,139,722715
6921,EV01049,155,497263
6921,EV00657,170,317374
6922,EV01812,83,707618
6922,EV00868,160,140222
6923,EV01898,32,4531082
6923,EV00366,113,1480151
6923,EV00740,145,1376219
6924,EV00558,79,797564
6924,EV00030,238,14151233
6925,EV01575,94,50559
6925,EV00358,101,106405
6925,EV00384,130,596967
6925,EV01664,172,2980426
6926,EV00500,152,379987
6926,EV01895,350,2113560
6927,EV00552,104,278550
6927,EV00589,125,1137319
6927,EV01647,126,2197849
6927,EV00435,169,541575
6927,EV00206,227,1257829
6927,EV00134,238,9283904
6928,EV01557,237,53534
6929,EV01364,139,2603664
6930,EV01570,71,149487
6930,EV00413,147,105480
6930,EV01333,165,92646
6931,EV00993,95,83502
6931,EV01059,104,66810
6931,EV00636,125,48507
6931,EV00154,237,44396329
6931,EV00027,267,31571956
6932,EV00718,123,24887
6932,EV01036,128,3634725
6932,EV01804,132,93966
6932,EV00752,143,921754
6932,EV00983,148,170500
6932,EV00816,155,162538
6932,EV00663,159,1629939
6933,EV00651,141,152593
6933,EV00816,143,204480
6933,EV00841,148,49186
6933,EV00735,166,638168
6933,EV00140,252,741482
6934,EV00665,96,80226
6934,EV00993,120,20609
6934,EV01433,165,203285
6934,EV00383,169,34712
6934,EV00258,307,25179656
6935,EV01681,116,88648
6935,EV00886,137,2119535
6935,EV00419,147,231307
6936,EV00920,81,155136
6936,EV00383,84,19228
6936,EV01804,168,95213
6936,EV00185,204,17435358
6936,EV00011,210,32392401
6937,EV00265,249,20842569
6938,EV01814,98,25070
6938,EV01768,104,218384
6938,EV01170,106,1503841
6938,EV00574,153,326715
6938,EV00446,157,43697
6938,EV00959,167,584149
6939,EV01650,112,831432
6939,EV00847,114,29263
6939,EV00871,128,846983
6939,EV01356,149,292365
6939,EV01194,177,314827
6940,EV00857,135,1414808
6940,EV00777,143,30098
6940,EV00391,175,97821
6940,EV01846,360,1069363
6941,EV00950,144,644131
6941,EV01119,176,417824
6942,EV01869,38,2725773
6942,EV00344,101,4365149
6942,EV01631,120,381915
6942,EV01666,142,1036804
6943,EV00550,121,444181
6943,EV01422,137,5384
6943,EV01345,154,82890
6943,EV01132,172,1014872
6943,EV01997,360,2372203
6944,EV01041,132,138526
6944,EV00339,136,570415
6944,EV01463,161,843904
6944,EV00793,173,129460
6944,EV01413,178,147307
6944,EV00338,186,2314199
6945,EV00949,95,1768749
6945,EV00660,149,2362594
6945,EV01180,159,97872
6946,EV00510,104,238027
6946,EV01508,141,494113
6946,EV01332,177,867862
6946,EV01059,208,68513
6946,EV00330,224,472226
6947,EV00671,133,49969
6947,EV01663,170,89973
6947,EV01228,180,19309
6948,EV01292,125,660725
6948,EV00002,253,5459697
6949,EV00433,108,1893512
6949,EV01111,112,182895
6949,EV00576,182,188331
6949,EV00135,239,6918288
6950,EV01669,126,262766
6950,EV01076,209,83024
6951,EV01836,11,601587
6951,EV01279,143,367438
6951,EV00737,178,361023
6951,EV01565,196,659108
6952,EV01402,120,577704
6952,EV01709,187,506522
6953,EV00839,60,141476
6953,EV01408,163,101376
6954,EV00329,175,228667
6954,EV01136,202,886456
6954,EV00282,280,29474553
6954,EV00180,300,3876882
6955,EV00361,114,223998
6955,EV01382,126,92234
6955,EV01718,148,483682
6955,EV01687,152,396101
6955,EV01484,163,245604
6955,EV00113,207,1560014
6956,EV01385,121,72529
6956,EV00638,135,107149
6956,EV01175,153,43161
6956,EV00583,156,102450
6956,EV00764,183,313945
6956,EV00267,298,21408899
6957,EV01471,81,143106
6957,EV00699,91,108623
6957,EV01742,96,377803
6957,EV01164,100,1446736
6957,EV01750,120,8605778
6957,EV00731,160,437051
6957,EV00519,184,75527
6958,EV01707,112,309378
6958,EV00605,115,162530
6958,EV00703,153,143578
6958,EV01303,160,302433
6958,EV00515,168,934077
6958,EV01089,169,318057
6958,EV00391,190,39573
6958,EV00255,306,9561953
6959,EV00871,122,741137
6959,EV01780,139,79640
6959,EV01115,165,525190
6959,EV00913,188,8319251
6960,EV00447,93,343018
6960,EV00731,100,622933
6960,EV00323,141,599393
6960,EV01188,181,600281
6960,EV01758,184,25098
6960,EV00312,232,12030121
6960,EV00207,236,20131766
6961,EV00915,140,30988
6961,EV00565,154,47932
6961,EV01914,362,565521
6962,EV01414,115,38290
6962,EV01591,152,98246
6962,EV00068,272,3359494
6963,EV01672,60,35405
6963,EV01618,133,14235
6963,EV00621,136,28915
6963,EV01381,152,627178
6964,EV01049,138,373135
6964,EV01113,165,768889
6964,EV01382,184,253721
6964,EV00223,266,15578943
6965,EV01323,91,1940403
6965,EV00545,93,412315
6965,EV00534,98,654960
6965,EV01513,115,1541187
6965,EV01385,162,23246
6965,EV00841,192,103576
6965,EV00264,218,1508525
6966,EV01854,19,298415
6966,EV01571,125,562627
6966,EV00983,152,286938
6967,EV00767,199,54122
6967,EV00115,233,819232
6967,EV00020,259,2278887
6968,EV01388,127,121918
6969,EV01313,67,3880712
6969,EV01512,108,663155
6969,EV00711,115,497137
6969,EV01206,125,2195719
6969,EV00805,145,120974
6969,EV00471,155,1617764
6969,EV01772,158,17686
6969,EV00255,255,3971292
6970,EV00857,157,1455806
6970,EV01350,165,234731
6970,EV01701,191,18267
6970,EV00005,303,38667624
6971,EV00899,134,91162
6971,EV01090,167,210805
6972,EV01439,140,2127605
6972,EV00655,162,55253
6972,EV00066,236,46657097
6972,EV00084,252,26914288
6973,EV01492,101,553701
6973,EV01625,162,273169
6973,EV01634,168,136144
6973,EV01510,227,916351
6974,EV01559,102,255895
6974,EV01717,114,34507
6974,EV00886,123,3048375
6974,EV01558,202,212739
6975,EV01294,101,3888916
6975,EV01080,115,946658
6975,EV00867,196,403826
6976,EV01745,125,100720
6976,EV00703,198,79590
6976,EV00793,210,139765
6977,EV01381,113,579015
6977,EV00574,132,516623
6977,EV01742,184,296258
6977,EV00288,326,644522
6978,EV01404,99,491168
6978,EV00451,110,69712
6978,EV01427,137,318291
6978,EV00510,160,352279
6979,EV01550,106,470790
6979,EV00361,126,173344
6979,EV01752,127,105592
6979,EV00494,140,236710
6979,EV00930,148,973297
6979,EV01474,222,1798707
6980,EV00286,224,71853007
6981,EV01346,60,70589
6981,EV00843,124,37467
6981,EV00249,271,2392690
6982,EV00509,73,25530
6982,EV00604,123,626615
6983,EV01277,94,81049
6983,EV00691,125,573146
6983,EV01255,132,1000471
6983,EV00309,280,4507833
6984,EV00881,124,1076457
6985,EV01395,109,29858
6985,EV00541,174,128847
6986,EV01526,92,24035
6986,EV01304,134,99827
6986,EV00855,152,3476985
6986,EV00489,156,334845
6987,EV00780,135,253676
6987,EV00431,161,108836
6988,EV00682,108,26812
6988,EV01158,116,166867
6988,EV01306,118,104290
6988,EV00843,196,213028
6989,EV00723,73,26921
6989,EV01796,93,283814
6991,EV01521,60,2068992
6991,EV01548,61,96212
6991,EV01215,141,101600
6991,EV01059,150,46295
6992,EV00404,108,272127
6992,EV01550,113,1197306
6992,EV00908,152,281503
6992,EV00123,214,5886266
6992,EV00083,225,2418293
6993,EV01427,98,363778
6993,EV01717,107,35993
6993,EV01585,122,480487
6994,EV01286,97,5280652
6994,EV00368,122,42739
6994,EV01006,132,477638
6994,EV01330,133,14697
6994,EV01672,145,53509
6995,EV00958,122,1735451
6995,EV01793,143,14822
6995,EV00438,144,159642
6996,EV01797,108,239858
6996,EV00664,171,782092
6996,EV01575,179,58065
6996,EV00313,259,35012056
6997,EV01124,122,903702
6997,EV00805,156,117550
6997,EV00868,168,72127
6998,EV00385,156,96740
6998,EV00158,202,1447595
6999,EV00766,85,57891
6999,EV01158,119,134744
6999,EV01346,127,42593
6999,EV00918,140,763361
6999,EV00365,141,706999
6999,EV00472,154,67233
6999,EV00336,155,18434
6999,EV00258,264,11644201
7000,EV00493,154,147254
7000,EV01360,170,1046246
7000,EV00917,188,435396
7000,EV00238,245,22498638
7000,EV00140,290,537599
7001,EV01273,91,154681
7001,EV00555,141,154610
7001,EV00843,166,155979
7001,EV00385,171,27987
7001,EV00085,269,810457
7002,EV01688,115,9945
7002,EV01429,154,206300
7002,EV01537,162,224989
7002,EV01806,166,185576
7003,EV01008,116,3204386
7003,EV01330,134,45936
7003,EV01804,190,46237
7004,EV00606,146,412772
7004,EV00970,161,302075
7004,EV00317,293,1757947
7005,EV00521,131,784698
7005,EV01356,145,390049
7005,EV01649,168,416739
7006,EV00358,109,165773
7006,EV01143,115,260206
7006,EV01594,223,165742
7007,EV01569,90,649882
7007,EV00432,159,887951
7007,EV01653,188,211730
7007,EV00082,221,1307825
7007,EV00115,243,3125984
7008,EV01703,107,73025
7008,EV00339,151,351345
7008,EV00064,203,18982874
7009,EV01932,26,250835
7009,EV01451,131,30973
7009,EV01717,153,90381
7010,EV01985,27,418039
7010,EV00597,106,24463
7010,EV01230,129,330185
7010,EV00444,182,38097
7010,EV00039,264,3177038
7011,EV01155,60,857388
7011,EV01250,101,35929
7011,EV00409,164,5970863
7011,EV01166,164,352102
7012,EV00884,74,846346
7012,EV00540,116,36114
7012,EV01296,148,345686
7012,EV01414,161,36848
7014,EV01085,60,1195998
7014,EV00715,121,108908
7014,EV00039,214,1414185
7014,EV01333,230,34136
7015,EV01423,63,89112
7015,EV00408,111,143118
7015,EV01414,133,16863
7015,EV00704,167,9817389
7016,EV01166,96,77221
7016,EV01557,145,66237
7016,EV00818,147,409273
7016,EV00099,265,4208618
7017,EV00470,102,19506
7017,EV01803,134,92515
7017,EV00717,166,23956
7017,EV00519,177,49225
7018,EV01079,132,201276
7018,EV01110,167,161988
7018,EV01421,174,54694
7018,EV01419,183,775486
7018,EV00073,263,11784924
7019,EV01672,164,130524
7020,EV01932,57,90701
7020,EV01190,120,673194
7020,EV00486,128,137872
7020,EV01431,130,1267518
7020,EV01695,132,1067712
7020,EV00725,187,704092
7020,EV00020,276,3836961
7021,EV00751,133,11969
7021,EV00442,160,8048
7021,EV01261,163,28733
7022,EV00704,109,5814983
7022,EV00623,132,103574
7022,EV01534,174,2789174
7022,EV01486,210,536664
7023,EV01085,83,1146241
7023,EV01728,107,597915
7024,EV01809,108,819016
7024,EV01669,110,268249
7025,EV00405,109,115859
7025,EV01158,111,482781
7025,EV01244,127,137420
7026,EV01311,101,259139
7026,EV01575,106,45594
7026,EV01349,117,81983
7026,EV00587,118,1039040
7026,EV01508,126,482508
7026,EV01384,133,86418
7026,EV00605,143,97536
7026,EV00951,167,195931
7026,EV00221,245,12484005
7027,EV01091,147,19148
7027,EV01274,154,19412
7027,EV00674,156,45915
7028,EV01568,161,909139
7028,EV00089,179,1036750
7028,EV00017,287,1211068
7029,EV01141,140,73296
7030,EV01435,120,29847
7030,EV01792,151,1884144
7030,EV00567,155,300283
7030,EV00309,226,5347899
7030,EV00258,255,7996750
7031,EV00846,106,192067
7031,EV01064,145,980765
7031,EV00384,188,668560
7031,EV00114,231,85098706
7031,EV00090,256,4598243
7032,EV01947,16,1534517
7032,EV01805,108,1382164
7032,EV01173,127,13459
7032,EV00651,138,127337
7032,EV00391,152,183022
7032,EV00194,222,44332023
7033,EV02000,7,1495688
7034,EV01073,115,240491
7034,EV00799,154,74601
7034,EV01784,165,43779
7034,EV00512,221,146771
7034,EV00275,239,8114877
7035,EV00342,105,283198
7035,EV01041,148,106885
7035,EV01253,155,169847
7036,EV00915,88,227521
7036,EV01112,135,611508
7036,EV01600,154,241598
7036,EV01501,187,257668
7037,EV01108,100,50776
7037,EV00748,223,55307
7038,EV01122,94,1759299
7038,EV00613,107,12866
7038,EV00738,132,346524
7038,EV01404,137,313338
7038,EV00287,267,15107789
7039,EV00897,90,773445
7039,EV00934,135,636837
7040,EV00008,255,9406034
7040,EV00250,259,1383823
7041,EV00559,122,19671
7041,EV01225,142,1594533
7041,EV00082,209,2018250
7041,EV01759,211,34935
7041,EV00216,260,167719
7042,EV01297,135,61817
7042,EV00869,137,857392
7042,EV00864,143,81774
7042,EV00342,189,760044
7042,EV00246,234,2379625
7042,EV00104,276,7671898
7043,EV00385,84,61902
7043,EV00406,132,159670
7043,EV01616,137,16791
7043,EV00334,160,96252
7043,EV01428,162,75703
7043,EV00761,170,1197890
7043,EV01760,224,12915
7045,EV01614,123,377589
7045,EV00126,215,3603225
7045,EV00093,254,315569
7045,EV00255,281,4536061
7046,EV01919,25,957672
7046,EV01267,131,1315914
7046,EV00871,150,221730
7047,EV01263,143,137831
7047,EV01321,177,262459
7047,EV01518,188,252646
7047,EV01124,191,1082432
7047,EV00112,228,1443727
7048,EV01590,126,143274
7048,EV01438,144,293706
7048,EV00816,203,218726
7049,EV00978,182,1077164
7049,EV00221,227,13506438
7049,EV01937,348,660348
7050,EV00864,141,37363
7050,EV01012,162,663919
7050,EV00738,198,201746
7051,EV01394,60,1302588
7051,EV00473,114,448126
7051,EV01729,137,2341504
7051,EV00542,201,140842
7051,EV00096,275,330275
7052,EV00535,149,52736
7052,EV00541,151,84843
7053,EV01753,129,113050
7053,EV01012,138,317083
7053,EV01737,176,2401898
7053,EV00732,177,1934744
7054,EV00211,262,23811956
7055,EV01515,113,107265
7055,EV00614,126,539851
7055,EV01365,160,205580
7055,EV00996,192,1299826
7056,EV00767,113,44309
7056,EV00113,300,3282842
7057,EV01188,160,473577
7057,EV01997,336,4992747
7058,EV00447,89,948686
7058,EV00669,128,196426
7058,EV00424,161,466581
7059,EV01760,130,19038
7059,EV01681,131,275656
7059,EV01285,181,304745
7059,EV00600,191,27588
7059,EV01500,200,31619
7059,EV00102,209,10060024
7060,EV00903,159,257877
7061,EV01059,121,27980
7062,EV01947,8,574018
7062,EV01351,140,13140
7062,EV01597,153,398401
7062,EV01614,203,769569
7063,EV01319,83,50426
7063,EV00068,247,11377426
7064,EV01224,89,263316
7064,EV00509,116,34930
7064,EV01027,174,510508
7065,EV01824,47,411376
7065,EV00727,83,127085
7065,EV00363,108,103306
7065,EV01421,156,48654
7065,EV00158,270,2192397
7066,EV01188,103,349175
7066,EV01570,113,127784
7066,EV01462,129,1571355
7066,EV01043,138,443735
7066,EV01111,162,35009
7066,EV00583,194,73405
7067,EV01000,121,42989
7067,EV01793,130,68755
7068,EV01740,91,921049
7068,EV01072,107,1437656
7068,EV00555,127,169634
7068,EV00685,158,1372222
7068,EV00574,160,626183
7068,EV00533,170,1912838
7068,EV00603,182,76048
7068,EV00861,204,16312
7069,EV01869,30,1605959
7069,EV01913,43,793515
7069,EV01248,92,289065
7069,EV01332,165,1078633
7070,EV01893,29,1376082
7070,EV01367,83,418203
7070,EV00595,142,72114
7070,EV01049,151,427584
7070,EV01502,235,119482
7071,EV01669,85,125606
7071,EV00026,223,632977
7071,EV01316,240,361647
7072,EV00941,125,12206
7072,EV01659,146,166635
7073,EV01053,131,539375
7073,EV00543,150,262220
7073,EV01313,180,821968
7073,EV00710,208,1299495
7073,EV01298,219,248087
7073,EV00231,224,6039144
7073,EV00059,242,8014404
7074,EV01444,133,182255
7074,EV00809,136,96051
7074,EV00991,196,128041
7075,EV01195,122,2075718
7075,EV01748,186,483627
7076,EV00723,69,19845
7076,EV01817,103,207033
7076,EV01297,107,37663
7076,EV00528,118,95577
7076,EV01761,121,1037951
7076,EV00608,157,2346818
7076,EV00897,175,1763715
7077,EV01105,183,102349
7078,EV01105,114,274855
7078,EV01569,121,1510160
7078,EV01525,149,63123
7078,EV00938,156,31645
7078,EV00294,268,9648609
7079,EV01856,30,922448
7079,EV01955,34,2380778
7079,EV01599,112,102265
7079,EV00463,129,15656
7079,EV01269,141,129878
7079,EV01512,170,955547
7079,EV00328,211,1196540
7079,EV00271,243,2065201
7079,EV00166,273,5442817
7080,EV01768,66,185217
7080,EV01040,98,126476
7080,EV00976,113,4548736
7080,EV00669,156,224943
7080,EV01322,172,81176
7080,EV00638,195,321311
7081,EV00514,123,28901
7081,EV01313,142,1566357
7082,EV01100,142,54148
7082,EV01277,151,88360
7082,EV00391,152,40603
7082,EV00838,154,461663
7083,EV00994,178,133188
7083,EV00987,180,1405683
7083,EV01333,203,23303
7083,EV00665,206,24552
7084,EV00917,98,639277
7084,EV00716,135,1308928
7084,EV00635,172,226413
7084,EV00146,274,6714326
7085,EV01815,84,168316
7085,EV01656,120,174966
7085,EV01795,127,209935
7085,EV00651,183,714663
7086,EV01356,104,270727
7086,EV00372,111,287865
7086,EV01638,131,580723
7086,EV01721,136,328517
7086,EV00549,169,338537
7086,EV00718,171,12400
7086,EV00159,230,7726612
7087,EV01591,72,160167
7087,EV01609,141,9555
7087,EV00709,151,87757
7087,EV01513,166,1732313
7087,EV00679,182,328183
7087,EV00158,219,2649675
7088,EV00539,169,907125
7088,EV00019,242,3132883
7089,EV01533,179,248768
7090,EV01465,110,275782
7090,EV00367,137,2965977
7091,EV00628,104,92424
7091,EV01509,116,64313
7091,EV01313,138,2010127
7091,EV01617,153,108256
7091,EV00778,204,53444
7091,EV00200,253,75130586
7092,EV01776,169,1284048
7092,EV00305,233,30458527
7093,EV00356,108,612251
7093,EV00589,113,575129
7093,EV01640,140,43991
7093,EV01702,201,77640
7093,EV00045,268,13134334
7094,EV01772,129,17521
7094,EV01672,135,94678
7094,EV00536,146,48585
7094,EV00366,148,1366504
7094,EV01239,155,301789
7094,EV01424,175,873218
7095,EV01530,133,76911
7095,EV01465,151,168436
7095,EV01374,152,362208
7095,EV01784,153,38797
7095,EV00594,177,64088
7095,EV00602,216,38861
7095,EV01795,220,212586
7096,EV01327,71,41174
7096,EV01428,187,72284
7096,EV00289,272,2911148
7097,EV01813,110,1724882
7097,EV01052,136,47736
7097,EV01651,173,170623
7097,EV00168,223,2966189
7098,EV01791,60,39343
7098,EV01702,89,62781
7098,EV00361,122,216097
7098,EV00860,126,1182756
7098,EV00620,138,1001461
7098,EV01414,172,17281
7099,EV00651,128,676789
7099,EV01567,143,3741185
7099,EV01176,186,445845
7099,EV01124,190,1639719
7099,EV00090,258,2979470
7100,EV00684,109,180971
7100,EV00816,138,190756
7101,EV01414,131,37957
7101,EV01024,167,1048608
7102,EV01672,64,32801
7102,EV01651,78,535347
7102,EV01661,98,468375
7102,EV01423,114,104675
7102,EV00709,174,160287
7102,EV00251,263,24720973
7102,EV00253,302,3783742
7103,EV01701,182,28167
7104,EV01023,127,77179
7104,EV00281,266,4854377
7104,EV00168,275,2086987
7105,EV01526,105,102257
7105,EV00334,110,233835
7105,EV01718,147,1052137
7105,EV01804,189,104708
7105,EV00312,241,5341091
7106,EV01737,60,469193
7106,EV00508,89,542813
7106,EV00473,174,378904
7106,EV00264,238,1160856
7106,EV00150,257,13102229
7107,EV01342,88,28979
7107,EV01675,95,27537
7107,EV01467,140,685304
7107,EV01785,158,1001621
7107,EV01077,168,2236419
7108,EV00773,186,284297
7108,EV00773,204,497394
7109,EV00583,67,90832
7109,EV00831,74,473024
7110,EV01413,70,86845
7110,EV01810,98,44262
7110,EV01508,137,238439
7110,EV00943,205,341144
7110,EV00110,214,14438866
7110,EV00159,257,10906011
7111,EV01537,106,319750
7111,EV00270,253,4567536
7112,EV00359,136,3102166
7112,EV01738,166,445341
7113,EV01424,156,1839831
7113,EV00494,159,442802
7113,EV00947,240,79174
7114,EV00323,173,708523
7114,EV00225,279,918249
7115,EV01526,106,132657
7115,EV01228,159,16636
7115,EV01162,163,92627
7116,EV00786,195,49853
7116,EV00104,262,4183722
7117,EV01897,26,2386936
7117,EV00939,107,912241
7117,EV01742,197,309461
7118,EV00500,98,84468
7118,EV01677,172,777683
7118,EV00216,239,521619
7119,EV01993,53,2273698
7119,EV00938,105,52920
7119,EV00816,116,102579
7119,EV01291,131,83315
7119,EV01768,140,461896
7119,EV01760,143,45198
7120,EV00989,121,350943
7120,EV00598,147,2929984
7120,EV00888,157,765081
7120,EV01801,167,123549
7121,EV01882,42,521019
7121,EV01340,105,65997
7121,EV01729,119,1241493
7121,EV00370,160,1289600
7121,EV01220,177,2553126
7122,EV01476,119,75970
7122,EV00880,127,3143495
7122,EV01495,150,75660
7123,EV01607,60,912075
7123,EV01117,108,147072
7123,EV00711,115,620848
7123,EV01173,130,15768
7123,EV00423,167,202059
7124,EV01946,27,480807
7124,EV01131,89,11850
7124,EV01715,163,152664
7124,EV01109,173,423169
7125,EV00785,130,713256
7125,EV01818,132,554355
7125,EV01540,140,961286
7126,EV01804,100,59149
7126,EV00938,126,56686
7126,EV00113,227,2055621
7127,EV01762,102,3286510
7127,EV01027,177,261528
7128,EV01415,77,1085511
7128,EV01259,136,242927
7129,EV01768,88,251873
7129,EV01289,121,25026
7129,EV01381,121,1230500
7129,EV00528,124,172302
7129,EV01213,142,527469
7129,EV01571,149,792622
7129,EV01274,151,44305
7129,EV00636,204,60535
7129,EV00044,325,45872989
7130,EV01988,2,2994946
7130,EV00382,60,19031
7130,EV01012,60,468681
7130,EV00895,115,301213
7130,EV01183,117,104195
7130,EV01206,125,1962380
7130,EV01808,141,128820
7130,EV01613,142,9307
7130,EV00571,146,588996
7130,EV01519,156,241592
7130,EV01097,176,13316
7130,EV00693,186,2142432
7130,EV00005,298,87365642
7131,EV00640,107,1053430
7131,EV01672,115,44901
7131,EV01649,119,421894
7131,EV00391,131,41816
7131,EV00113,298,3859304
7132,EV00720,89,32903
7132,EV01788,127,180979
7132,EV00783,167,79632
7133,EV01976,49,2924774
7133,EV00456,111,1988704
7133,EV00764,165,778587
7133,EV00201,257,11316009
7134,EV01231,109,70033
7134,EV00918,128,806997
7134,EV01518,142,300843
7134,EV00724,151,4869184
7134,EV00366,157,557529
7134,EV01076,165,96667
7134,EV00167,264,19980876
7135,EV00833,101,292874
7135,EV00838,112,684463
7135,EV01297,113,60917
7135,EV00532,129,242781
7135,EV00717,141,83876
7135,EV00422,150,4849631
7135,EV01745,168,80119
7136,EV00772,124,290280
7136,EV01085,147,569795
7136,EV01804,150,136579
7137,EV00976,91,551381
7137,EV01121,131,492774
7137,EV00923,140,52699
7137,EV00140,234,1457242
7138,EV00754,89,411345
7138,EV00548,93,63167
7138,EV01095,129,301672
7139,EV01980,11,387385
7139,EV00925,103,699943
7139,EV00001,275,3683583
7140,EV01165,126,114657
7140,EV01154,135,1881187
7140,EV01136,140,741589
7140,EV01260,194,559892
7140,EV00776,240,1997278
7140,EV00108,272,12302513
7141,EV01429,95,150585
7141,EV00991,136,265286
7141,EV01023,147,351948
7141,EV01574,163,295486
7142,EV01414,161,24813
7142,EV00020,249,6662996
7142,EV00037,279,3271162
7143,EV00443,128,179862
7143,EV00502,133,620629
7143,EV00720,138,65301
7143,EV00586,139,327017
7143,EV01218,158,830540
7143,EV01806,207,39272
7143,EV01091,213,54667
7143,EV00013,279,6342801
7144,EV00810,60,571861
7144,EV00862,120,284443
7144,EV01678,147,1970115
7144,EV00304,268,11713340
7145,EV00447,97,324598
7145,EV01389,133,27604
7145,EV01795,171,176280
7146,EV01721,119,65600
7146,EV00820,127,2967027
7146,EV01263,136,493767
7146,EV01321,138,222120
7146,EV01111,150,123225
7147,EV00682,111,67293
7147,EV01269,129,108228
7147,EV01262,143,180279
7147,EV01684,180,51746
7147,EV00888,209,1593732
7147,EV00046,269,6201686
7148,EV00848,79,27029
7148,EV00636,107,111043
7148,EV01297,120,42097
7149,EV00684,97,622138
7149,EV01770,109,246175
7149,EV00592,118,330955
7149,EV01408,153,73384
7149,EV01214,179,1566437
7149,EV00111,239,323375
7150,EV01324,74,2647213
7150,EV01451,75,227644
7150,EV01259,136,269268
7150,EV00449,142,1392506
7150,EV01422,145,38302
7150,EV00787,171,55169
7150,EV00818,192,559971
7150,EV00246,275,10014401
7151,EV01024,191,1653410
7151,EV00288,248,389718
7152,EV01165,98,187505
7152,EV01770,115,77358
7152,EV01079,156,185325
7152,EV00651,157,463429
7152,EV01246,158,735503
7152,EV00131,237,69351998
7153,EV01698,96,187250
7153,EV00722,103,109126
7153,EV00431,136,72703
7153,EV00260,208,30082517
7154,EV00358,60,274935
7154,EV01119,96,269209
7154,EV00746,116,483346
7154,EV01211,126,56981
7154,EV01228,139,24282
7155,EV00992,67,21246
7155,EV00506,100,75788
7155,EV01429,117,57533
7155,EV01475,123,1648485
7155,EV01394,141,955753
7155,EV01228,167,18366
7155,EV00161,251,1924457
7156,EV01057,96,50549
7156,EV01452,138,188730
7156,EV00979,192,148499
7156,EV01298,211,1019626
7156,EV00039,248,2935710
7156,EV00206,269,559989
7157,EV00773,63,191612
7158,EV01505,179,133036
7158,EV00148,294,41927030
7159,EV00698,95,174103
7160,EV00854,203,92809
7161,EV01292,125,1085212
7161,EV00897,131,511332
7161,EV00466,132,89771
7161,EV01780,170,30584
7162,EV00470,118,39598
7162,EV01649,128,193284
7162,EV01332,152,606246
7163,EV00390,153,2944679
7163,EV00312,243,8797207
7164,EV01503,108,566110
7164,EV00634,123,124963
7164,EV01188,125,330039
7164,EV00372,173,226066
7164,EV01404,176,444843
7165,EV01599,60,141083
7165,EV00768,72,138223
7165,EV00833,111,327473
7165,EV01763,183,46593
7165,EV00242,222,71182110
7166,EV01702,124,27886
7166,EV01159,143,503033
7166,EV01780,175,53895
7166,EV00156,257,2340786
7167,EV00720,130,136569
7167,EV00854,164,186415
7167,EV00614,178,195689
7167,EV00970,184,71140
7167,EV00605,195,83338
7167,EV00304,273,35232915
7168,EV00493,110,216491
7168,EV01514,176,963390
7168,EV00020,191,3315683
7169,EV00943,117,616102
7169,EV00717,139,67004
7169,EV01269,211,215333
7170,EV01759,108,17879
7170,EV00538,119,121966
7170,EV00655,126,203870
7170,EV00725,206,2064641
7171,EV01343,132,223766
7171,EV01134,143,103693
7171,EV00463,166,83881
7171,EV01540,168,1241264
7172,EV01766,108,452519
7172,EV00510,152,759373
7173,EV01214,86,3779079
7173,EV01204,149,46003
7173,EV01124,190,1016504
7174,EV01371,97,550081
7174,EV01720,110,430338
7174,EV01489,116,925319
7174,EV00911,171,44761
7174,EV01070,214,258090
7175,EV00936,116,432337
7175,EV01138,136,133008
7176,EV01221,171,139994
7176,EV00318,240,3756927
7177,EV00950,88,279762
7177,EV01134,113,94736
7177,EV01238,135,96773
7177,EV00473,149,678695
7178,EV01974,13,632681
7178,EV00571,156,747392
7179,EV01073,80,290216
7179,EV01254,128,1492205
7179,EV01923,351,1554916
7180,EV01451,129,167990
7181,EV01845,53,3208980
7181,EV01512,85,862201
7181,EV00613,228,51654
7181,EV00231,254,5488525
7182,EV01870,39,1922990
7182,EV01814,100,159255
7182,EV01322,144,37591
7182,EV00389,153,354579
7182,EV00510,153,771957
7182,EV01346,155,47125
7183,EV01062,114,84223
7183,EV01345,147,43429
7184,EV01423,60,98405
7184,EV01269,128,228907
7184,EV01405,144,1593167
7185,EV00560,160,762066
7185,EV01165,163,382398
7186,EV01934,14,3449201
7186,EV00975,93,463380
7186,EV00574,125,357828
7186,EV01235,137,173301
7187,EV01120,71,165242
7187,EV01755,150,947585
7187,EV01453,161,2445776
7188,EV00397,90,506110
7188,EV00934,149,319320
7188,EV00249,267,2765526
7189,EV00500,96,119604
7189,EV01801,110,83972
7189,EV01395,120,26719
7190,EV00730,83,5750357
7190,EV00657,103,563175
7190,EV01158,123,154259
7190,EV01693,130,70640
7190,EV01617,169,43465
7191,EV01202,132,42730
7191,EV00863,135,259206
7192,EV00816,102,70870
7192,EV01041,115,256010
7192,EV00669,148,334996
7192,EV00531,156,2338520
7192,EV00193,238,2113203
7193,EV01947,51,946716
7194,EV00510,90,1547489
7194,EV01362,111,440988
7194,EV00869,162,430075
7194,EV01281,166,566647
7194,EV01158,197,171365
7194,EV00722,205,202177
7194,EV01404,224,353909
7195,EV01062,70,217786
7195,EV00531,77,985364
7195,EV01636,134,1101309
7195,EV00433,141,1122476
7195,EV01030,154,403054
7195,EV00988,156,94607
7196,EV01382,60,56667
7196,EV01269,125,131897
7196,EV01051,135,225256
7196,EV00683,148,36520
7196,EV00684,169,215473
7196,EV01548,179,63835
7196,EV00249,235,1242286
7197,EV00567,96,543707
7197,EV01545,106,19189
7197,EV00566,117,99160
7198,EV00511,115,675455
7198,EV01113,140,313806
7198,EV01524,155,340845
7198,EV00898,157,90249
7198,EV00636,167,207698
7199,EV01450,143,3061764
7200,EV00168,262,3084396
7201,EV01570,105,122765
7201,EV01408,128,124187
7201,EV00216,210,339754
7201,EV00938,213,34059
7202,EV00565,94,21991
7202,EV01093,129,2216172
7202,EV00382,139,25421
7202,EV01791,152,18427
7202,EV01039,154,61658
7202,EV01158,197,160817
7202,EV00938,204,14728
7202,EV00715,205,163808
7203,EV01037,102,50453
7203,EV00545,119,478976
7203,EV00943,125,696191
7203,EV00544,127,178662
7203,EV00714,176,244120
7203,EV00636,177,179804
7203,EV00291,236,4990830
7203,EV01967,360,309786
7204,EV01478,84,1336114
7204,EV01394,106,549716
7204,EV01651,107,85671
7204,EV01037,109,178816
7204,EV00692,136,974411
7205,EV01237,92,12611
7205,EV01755,127,1755819
7205,EV00837,149,60296
7205,EV01744,167,41715
7205,EV01238,169,307140
7205,EV01675,171,13042
7205,EV01166,173,317847
7205,EV00226,180,1443468
7206,EV00883,144,178186
7206,EV00915,144,72005
7206,EV00786,185,264481
7207,EV01246,60,453670
7207,EV00815,70,1183188
7207,EV00729,109,68878
7207,EV00719,142,73483
7207,EV00720,179,76987
7207,EV00312,249,7602229
7208,EV01772,117,9168
7208,EV01575,139,24319
7209,EV00819,154,148407
7209,EV00843,163,112873
7209,EV00278,238,24320070
7210,EV00698,142,171491
7210,EV00712,144,146576
7210,EV00507,170,1564749
7210,EV01596,172,1123412
7210,EV01796,195,296714
7210,EV01694,209,149553
7211,EV01307,113,939720
7211,EV01656,122,179745
7211,EV00503,167,111376
7212,EV01591,136,127619
7213,EV01764,135,1125409
7213,EV00603,185,203686
7214,EV00773,107,242882
7215,EV00687,103,224614
7215,EV00544,132,88965
7215,EV00391,145,102248
7215,EV01423,156,67462
7215,EV00712,170,442725
7215,EV00250,238,540916
7216,EV01339,129,646392
7217,EV00336,93,47903
7217,EV01805,123,1130354
7217,EV00360,172,1016057
7217,EV00188,189,49647330
7218,EV01379,160,29705
7218,EV01473,168,185377
7218,EV01190,179,419372
7220,EV01158,136,106527
7220,EV01285,140,474372
7220,EV00166,228,2538701
7220,EV00102,259,10982584
7221,EV00547,134,84815
7221,EV00858,137,281526
7221,EV01502,153,231849
7221,EV00473,170,366928
7222,EV01444,155,217699
7222,EV00513,174,58459
7222,EV01720,177,1617749
7222,EV00108,232,29344854
7223,EV01582,83,1255446
7223,EV00405,104,51385
7223,EV01817,120,318876
7223,EV01649,121,190497
7223,EV01779,139,198948
7223,EV00779,146,83915
7223,EV00202,326,584446
7223,EV01975,361,391634
7224,EV01672,166,88086
7224,EV01285,174,242547
7224,EV01072,176,971284
7224,EV00140,258,684836
7225,EV00389,144,160115
7226,EV00363,99,79498
7226,EV00973,115,69675
7226,EV00674,119,49133
7226,EV00037,234,5950916
7227,EV00607,120,64561
7227,EV00711,140,560216
7228,EV00761,69,537035
7228,EV00641,141,4559715
7228,EV00930,145,509593
7228,EV00260,249,51710102
7229,EV01796,146,168431
7230,EV01504,94,2756496
7230,EV00535,141,45462
7230,EV01641,174,277591
7230,EV00747,226,57639
7231,EV01984,33,2745535
7231,EV01812,101,401671
7231,EV01079,126,148266
7232,EV00805,100,79757
7232,EV01504,108,5064091
7232,EV01404,121,860655
7232,EV00660,131,599320
7232,EV01552,152,161401
7232,EV00096,280,333043
7232,EV00255,292,8225776
7233,EV00955,132,3213517
7233,EV01384,134,117753
7233,EV01077,144,245771
7233,EV00140,224,935136
7234,EV00375,120,153865
7234,EV00515,193,306906
7235,EV00677,106,535713
7235,EV00321,137,450182
7235,EV01551,147,6446
7235,EV01634,221,102875
7236,EV01009,93,154010
7236,EV01799,110,1223498
7236,EV01629,113,124679
7236,EV00651,132,292337
7236,EV01041,148,248270
7236,EV01600,185,194618
7236,EV01665,214,1483439
7236,EV00175,260,1884522
7237,EV01693,84,90636
7237,EV00915,101,212867
7237,EV01731,139,1800707
7237,EV00351,198,137294
7237,EV00104,251,6085895
7238,EV00990,111,1209494
7238,EV00368,156,33610
7238,EV00948,173,116715
7238,EV01697,175,171260
7238,EV00023,302,3883177
7239,EV00342,148,672509
7239,EV00642,149,180225
7239,EV00116,232,2089908
7240,EV00715,81,229916
7240,EV01646,100,28766
7240,EV00815,134,642061
7240,EV01618,146,10997
7241,EV00997,96,49886
7241,EV01403,98,768815
7241,EV01693,103,123325
7241,EV00553,139,1748055
7241,EV00532,161,359503
7241,EV01489,166,1010678
7241,EV00720,169,53152
7241,EV00140,283,1166428
7242,EV01111,117,145005
7242,EV01537,119,384035
7242,EV01399,136,413507
7242,EV01221,218,70965
7243,EV01890,8,1022346
7243,EV01565,120,893088
7243,EV01062,123,146260
7244,EV00515,111,218680
7244,EV01421,182,50735
7245,EV00773,133,388816
7245,EV01149,148,253267
7245,EV00370,201,1531553
7246,EV00587,125,1698815
7246,EV01103,147,76696
7246,EV00545,169,391747
7246,EV00068,214,5404535
7247,EV01905,40,172954
7247,EV01242,119,122583
7247,EV00731,147,527790
7247,EV01424,148,1051668
7247,EV00772,191,302995
7248,EV01444,77,682710
7248,EV00446,135,133180
7248,EV01732,162,60596
7249,EV00988,92,56583
7249,EV01204,126,61021
7249,EV01143,149,179844
7249,EV00032,262,8240432
7250,EV01847,6,628859
7250,EV01180,127,67084
7250,EV01208,152,56521
7250,EV01476,192,55064
7251,EV01226,134,24596
7251,EV00611,136,290522
7252,EV00715,228,188275
7253,EV00723,115,26838
7253,EV01166,127,174380
7253,EV01074,153,385102
7254,EV00764,124,1456014
7254,EV01397,133,1062370
7254,EV01604,195,909377
7255,EV01476,145,80531
7255,EV00032,214,15914260
7256,EV01825,39,404661
7256,EV00805,146,148428
7256,EV01261,158,137328
7256,EV00816,180,192625
7257,EV01721,133,139257
7258,EV01556,179,317508
7259,EV01981,36,9017946
7259,EV01037,127,32530
7259,EV00917,167,734867
7259,EV00291,249,6113413
7261,EV00635,112,392509
7261,EV00515,174,345257
7261,EV00059,215,10830972
7261,EV00087,274,57701047
7262,EV01111,90,10488
7262,EV00950,105,478546
7262,EV01618,121,5495
7262,EV01382,129,96063
7262,EV01503,150,626423
7263,EV01575,111,16727
7263,EV00539,118,894661
7263,EV01732,124,61232
7263,EV01617,129,83750
7263,EV00831,217,334974
7264,EV00681,122,251980
7264,EV01700,155,5853971
7264,EV01717,163,21182
7265,EV00624,88,330204
7265,EV01285,102,459824
7265,EV01280,124,78939
7265,EV01723,141,830990
7266,EV01428,149,136073
7266,EV00814,207,1137796
7266,EV00250,280,2219739
7267,EV00702,125,1161154
7267,EV00649,143,10210228
7267,EV01121,149,437783
7268,EV00640,73,1044600
7268,EV00970,118,172934
7268,EV00918,124,867755
7268,EV01347,124,524149
7268,EV00510,138,1197919
7268,EV01793,150,45926
7268,EV01027,177,687692
7268,EV00051,285,8997925
7269,EV01884,64,637497
7269,EV01194,104,445162
7269,EV00690,133,65560
7269,EV01417,140,305448
7269,EV01006,153,131988
7270,EV01651,103,263361
7271,EV00975,67,861597
7271,EV00636,87,189660
7271,EV01598,109,487233
7271,EV00517,143,512001
7271,EV01324,148,888554
7271,EV01673,151,474521
7271,EV00394,157,402886
7271,EV00255,257,2137289
7272,EV00731,125,1580439
7272,EV01221,130,32012
7272,EV01533,134,97018
7272,EV00225,251,1722185
7273,EV01278,153,235650
7273,EV01504,176,1767300
7273,EV00223,246,37741727
7273,EV00113,286,2912908
7274,EV00352,149,773454
7274,EV01814,158,107688
7274,EV01778,174,114268
7275,EV01362,129,94567
7275,EV00191,217,1559403
7276,EV00382,121,18726
7276,EV01717,137,39354
7276,EV00746,180,476781
7277,EV01027,93,322226
7277,EV01300,135,79926
7277,EV00736,162,135738
7277,EV00288,248,1099141
7278,EV01242,131,46005
7278,EV01745,137,153309
7278,EV01277,149,7449
7278,EV00660,196,1309672
7278,EV00288,270,596960
7279,EV01014,131,35613
7279,EV00620,165,483921
7279,EV01514,170,1284991
7279,EV00206,254,1734369
7280,EV00720,105,53746
7280,EV01063,159,313428
7280,EV01332,190,1174931
7280,EV00060,222,3264875
7280,EV00315,262,5666255
7280,EV01858,332,1439294
7281,EV00952,141,1111023
7281,EV01103,145,116974
7282,EV00496,99,166083
7282,EV00918,171,2222863
7282,EV00001,278,1001790
7283,EV01657,80,524069
7283,EV01796,109,151551
7283,EV01506,123,7677157
7283,EV00831,125,379585
7283,EV01361,135,203222
7283,EV01634,149,287905
7283,EV00165,252,12373420
7284,EV01930,15,468607
7284,EV00988,82,46673
7284,EV00843,110,155005
7284,EV00496,112,76266
7284,EV00419,126,51131
7284,EV00499,165,27868
7284,EV00884,170,918340
7284,EV00078,211,3264770
7285,EV00443,98,99285
7285,EV01277,133,109540
7285,EV00501,136,549905
7285,EV01467,137,2951296
7285,EV00833,164,294167
7285,EV01119,199,1027879
7286,EV00873,69,633552
7286,EV01752,79,24586
7286,EV00648,123,33875
7286,EV01651,142,120081
7286,EV00738,149,586916
7286,EV01756,149,189990
7286,EV00084,213,20091520
7287,EV01625,96,499628
7287,EV00954,120,80939
7288,EV01213,74,1900456
7288,EV00757,102,212417
7288,EV00571,141,218066
7288,EV00703,154,49697
7288,EV00376,169,46162
7288,EV00618,196,833768
7288,EV01180,200,87209
7288,EV00073,241,16716288
7288,EV00206,282,2603371
7289,EV01128,148,208974
7289,EV01996,365,3954562
7290,EV00773,100,386006
7290,EV01652,110,5651872
7291,EV00773,129,472587
7291,EV00773,143,143859
7291,EV00084,192,11693476
7291,EV00997,194,49406
7291,EV01581,220,262568
7292,EV01741,111,329116
7292,EV00569,130,87498
7293,EV01155,136,1286010
7293,EV00757,150,361458
7293,EV00246,234,8006503
7293,EV00186,245,32438580
7294,EV00514,60,30177
7294,EV01630,101,4428559
7294,EV00790,157,101936
7294,EV00655,184,216085
7295,EV00661,137,294239
7295,EV00355,159,80524
7296,EV00359,69,3387760
7296,EV00954,95,103239
7296,EV01778,97,30850
7296,EV01044,131,141400
7296,EV01147,140,430574
7296,EV01649,189,257681
7296,EV00543,202,150734
7297,EV01526,131,80557
7297,EV01590,155,31336
7297,EV01533,156,199501
7297,EV01281,205,149277
7297,EV00159,248,6857526
7298,EV00689,153,2883182
7298,EV01529,177,121527
7299,EV01225,97,3322541
7299,EV01405,103,2674026
7299,EV00725,129,1334066
7299,EV01176,159,1394688
7299,EV00515,165,512800
7299,EV01382,200,66085
7300,EV00777,96,58991
7300,EV00483,108,1289366
7300,EV00858,128,178175
7300,EV00112,171,999075
7300,EV00903,186,228001
7301,EV01399,168,438979
7301,EV01274,174,9250
7302,EV00866,137,482229
7303,EV00783,96,103796
7303,EV01575,110,16469
7303,EV01759,115,15346
7303,EV01214,130,1399142
7303,EV00277,252,11051559
7304,EV00903,60,553629
7304,EV01777,122,30437
7304,EV01164,145,823585
7304,EV01501,208,149102
7305,EV00936,158,1789600
7305,EV01634,177,278368
7305,EV01656,192,54708
7305,EV00165,236,9373024
7306,EV01180,118,44968
7306,EV01261,143,64822
7306,EV01556,149,235043
7306,EV01317,181,186357
7307,EV01591,128,184980
7307,EV01438,156,219966
7308,EV00953,144,93292
7308,EV00737,163,223870
7308,EV00843,173,160331
7308,EV01421,240,46081
7309,EV00541,60,200320
7309,EV01762,161,1553832
7310,EV00358,186,238645
7311,EV01641,103,176582
7311,EV00655,120,211264
7311,EV00509,218,102689
7312,EV00509,88,65780
7312,EV01327,158,75960
7313,EV01164,60,1556902
7313,EV01456,112,388689
7313,EV01346,140,116879
7313,EV00387,142,583651
7313,EV00642,145,251923
7314,EV00363,138,68629
7314,EV01235,168,97194
7314,EV00225,246,984614
7314,EV00225,271,3069488
7315,EV00816,77,69982
7315,EV01103,111,29483
7315,EV00600,113,132113
7315,EV01434,140,176233
7315,EV01221,143,90451
7315,EV00792,148,110373
7316,EV00489,110,311419
7317,EV01490,112,408703
7317,EV00969,147,72006
7317,EV00060,257,1056064
7318,EV01240,120,726695
7318,EV01504,157,2470377
7318,EV00022,239,36251372
7319,EV01175,161,60059
7319,EV01455,163,469539
7320,EV01187,101,71968
7320,EV00955,127,3111472
7320,EV01081,140,153421
7320,EV01029,142,210305
7320,EV00682,195,27153
7320,EV00028,216,62069589
7321,EV01084,96,325721
7321,EV00715,137,207554
7321,EV01568,140,1198009
7321,EV00812,172,1159040
7322,EV00382,83,22559
7322,EV00928,100,25957
7322,EV01488,184,175852
7323,EV01164,68,2858325
7323,EV01699,105,128215
7323,EV00768,158,291587
7323,EV00288,241,203797
7324,EV01289,103,21076
7324,EV00988,125,46901
7324,EV00557,131,214687
7324,EV00786,135,73821
7324,EV00577,136,20207
7324,EV01063,141,355011
7324,EV01079,143,228065
7325,EV00657,123,71159
7325,EV01533,133,112614
7325,EV00413,135,66877
7325,EV01345,143,117518
7325,EV01758,148,28008
7325,EV01204,164,82859
7326,EV00383,108,23334
7326,EV01277,156,44276
7327,EV00377,95,767809
7327,EV01487,116,64219
7327,EV01165,135,315069
7327,EV00862,139,515290
7327,EV01023,150,404837
7327,EV00807,154,157915
7328,EV00594,176,82364
7329,EV00328,93,790015
7329,EV01123,125,14808646
7329,EV01352,143,2648032
7329,EV00050,196,14505314
7330,EV01547,109,449756
7330,EV00638,115,151449
7330,EV00384,164,790458
7330,EV01768,184,269164
7331,EV00864,115,53371
7331,EV00863,135,161137
7331,EV00988,172,31113
7331,EV00039,226,1365005
7332,EV00926,79,1204911
7332,EV01760,145,13886
7332,EV01568,159,431861
7332,EV01341,160,231286
7333,EV01367,105,493609
7333,EV00915,130,219994
7333,EV00010,245,7784484
7334,EV00680,113,754037
7334,EV00569,127,132113
7334,EV01545,161,16848
7334,EV01285,183,270087
7335,EV00515,117,425274
7335,EV00479,122,117346
7335,EV01362,124,139019
7336,EV01960,27,1309387
7336,EV00871,137,482150
7336,EV01620,175,39235
7336,EV00112,200,2370752
7337,EV01518,168,238009
7337,EV01353,176,103387
7338,EV01661,60,1021720
7338,EV00602,88,69547
7338,EV00389,101,117708
7338,EV01639,134,143995
7338,EV01684,197,56618
7338,EV00093,228,903602
7339,EV01715,84,161762
7339,EV00981,87,161173
7339,EV00617,117,315064
7339,EV00705,187,626197
7339,EV00093,237,4499266
7340,EV01519,113,264346
7340,EV01058,129,29383
7340,EV00808,135,132545
7340,EV01734,162,195451
7340,EV00045,214,5506719
7340,EV00083,225,6378289
7340,EV00224,275,7732699
7341,EV00337,60,332101
7341,EV01289,127,42081
7341,EV01040,139,59041
7341,EV00462,156,2707680
7341,EV00046,231,8382340
7342,EV01264,75,1983503
7342,EV00175,295,5791272
7343,EV01435,121,97105
7343,EV01333,130,103315
7343,EV00504,182,490598
7343,EV00809,197,106264
7343,EV00188,216,10179006
7344,EV01783,125,158661
7344,EV01131,138,28117
7344,EV00303,214,2085705
7344,EV00003,268,1678233
7345,EV00479,117,139255
7345,EV01494,183,2060464
7346,EV00915,97,122300
7346,EV01063,118,726591
7346,EV00871,186,793459
7346,EV00350,218,28805
7347,EV00513,84,44487
7347,EV01274,124,5990
7347,EV00502,160,720093
7348,EV01683,146,270289
7348,EV01025,205,11112003
7348,EV00200,273,92179256
7349,EV01580,87,65773
7349,EV01412,116,626002
7349,EV01668,120,570576
7349,EV00220,262,41306230
7350,EV00965,67,949167
7350,EV00492,85,761124
7350,EV00888,98,3277200
7350,EV01037,100,205330
7350,EV01518,120,474572
7350,EV00794,183,641533
7350,EV01634,196,161442
7351,EV00595,86,284246
7351,EV01158,103,117375
7351,EV00637,129,472996
7352,EV00582,60,193339
7352,EV00956,105,189313
7352,EV00372,153,718566
7352,EV01510,172,2082942
7353,EV00848,103,16390
7353,EV01473,130,248106
7353,EV00178,250,189038
7355,EV01351,76,53323
7355,EV01326,100,132761
7355,EV01769,100,303036
7355,EV00516,128,1354439
7355,EV01310,157,38637
7355,EV01640,165,124669
7355,EV01488,169,273904
7355,EV00389,180,505196
7355,EV00868,181,51370
7355,EV00214,227,17849138
7356,EV00535,117,129412
7356,EV01770,124,303526
7356,EV01769,137,162000
7356,EV00407,206,406832
7357,EV00761,122,884951
7357,EV01433,131,117081
7357,EV00734,135,34171
7357,EV00720,195,78632
7357,EV01189,209,269757
7357,EV00710,211,2041681
7357,EV00259,234,6168755
7357,EV00206,243,1925947
7357,EV00287,251,20025033
7358,EV01609,120,171985
7358,EV01599,126,38286
7358,EV01285,135,412092
7358,EV00883,213,55745
7359,EV01895,17,5730329
7359,EV00335,111,1029751
7359,EV00893,137,203748
7359,EV00953,157,57002
7359,EV00186,219,14844277
7359,EV00246,222,2955846
7359,EV00096,236,210306
7360,EV01575,106,49768
7360,EV01230,166,118535
7361,EV01760,82,18183
7362,EV01351,122,10184
7362,EV00817,137,999228
7362,EV00904,161,858492
7362,EV01693,199,136012
7363,EV00614,60,1331169
7363,EV01004,86,262027
7363,EV01633,117,37982
7363,EV00869,138,168652
7363,EV00903,163,55847
7363,EV01421,183,28847
7364,EV00928,102,65354
7364,EV00823,114,2150185
7364,EV01012,199,172975
7364,EV00271,213,4876154
7364,EV00946,216,93712
7365,EV01657,150,1049547
7365,EV00946,162,111153
7366,EV01313,67,423994
7366,EV01083,109,2911147
7366,EV01170,125,3838166
7366,EV01087,136,71347
7366,EV01488,138,111556
7366,EV00465,146,416002
7367,EV00686,160,1839549
7367,EV00126,203,3611858
7368,EV01381,135,879507
7369,EV01134,91,35427
7369,EV00937,152,322321
7369,EV01793,159,42205
7369,EV01365,196,95522
7369,EV00007,262,13424860
7370,EV00941,111,14755
7371,EV00728,78,1210789
7371,EV01085,163,537974
7371,EV01560,168,317897
7371,EV01424,202,1965445
7371,EV00236,256,6454813
7372,EV00594,128,59895
7373,EV00496,102,129032
7373,EV01467,131,2701333
7374,EV00443,88,200536
7374,EV00712,131,196257
7374,EV01105,145,134762
7375,EV00832,150,830061
7375,EV00124,238,32511662
7376,EV01110,158,84505
7376,EV00838,168,983137
7376,EV00899,209,61218
7376,EV01784,228,56418
7377,EV00881,141,1516246
7377,EV00709,142,169392
7377,EV01078,147,497768
7377,EV00373,171,52706
7378,EV00738,89,319355
7378,EV01739,95,147617
7378,EV00250,284,1492664
7379,EV00707,125,556686
7379,EV00060,182,1337015
7379,EV00043,271,30086681
7380,EV01669,157,70965
7380,EV01546,160,308963
7380,EV00253,210,4743363
7381,EV01448,136,182771
7381,EV00002,253,10240380
7382,EV01778,91,74348
7382,EV01642,121,1925987
7382,EV00479,132,46189
7382,EV01385,150,50696
7382,EV00660,160,1550733
7382,EV00560,176,938099
7382,EV00140,224,1501864
7382,EV00214,260,11079993
7383,EV01251,128,191406
7384,EV01289,103,29229
7384,EV01205,130,133590
7384,EV01140,134,59952
7384,EV00170,247,7435349
7384,EV00083,255,2896681
7384,EV00039,258,1622050
7385,EV01310,148,15409
7385,EV01019,174,346260
7385,EV00237,206,60157215
7385,EV00001,269,629284
7386,EV00845,60,2465706
7386,EV00651,152,101566
7386,EV01211,191,92642
7386,EV00039,235,2126986
7386,EV01887,354,18637661
7387,EV00748,134,33215
7387,EV01272,148,126435
7387,EV00039,264,1863705
7388,EV00396,141,101671
7388,EV01438,158,80408
7388,EV01435,167,33452
7388,EV00967,189,58178
7388,EV00512,202,263252
7388,EV00941,206,10164
7389,EV01431,100,2042610
7389,EV00868,124,96341
7389,EV00383,148,23517
7389,EV00776,217,620937
7389,EV00159,218,11392858
7390,EV01100,108,24418
7390,EV00355,139,250009
7390,EV00565,142,69564
7390,EV01469,164,2660544
7390,EV00775,188,902269
7391,EV00637,132,362252
7391,EV00570,216,862960
7392,EV00291,231,2383394
7392,EV00096,236,104199
7393,EV00651,124,261352
7393,EV01043,127,576165
7394,EV01475,96,2387376
7394,EV00331,99,955289
7394,EV01246,119,603978
7394,EV00819,154,38603
7395,EV01288,60,327468
7395,EV01302,79,2697388
7395,EV01722,139,30089
7395,EV01202,155,36217
7395,EV00002,239,18966015
7395,EV00288,254,415134
7395,EV00017,277,1618261
7396,EV01001,139,40534
7396,EV01354,180,2666800
7397,EV01089,112,231236
7397,EV00132,154,60703428
7397,EV01619,194,2881155
7398,EV01385,144,16918
7398,EV00342,145,334696
7398,EV00781,203,297789
7399,EV00734,112,78559
7399,EV00913,126,7792648
7399,EV01478,137,2847129
7399,EV00467,166,603711
7400,EV00358,138,235045
7400,EV01059,147,30266
7400,EV00903,148,268765
7400,EV00836,172,1387617
7400,EV01529,195,129077
7401,EV01255,69,384282
7401,EV00522,130,311438
7401,EV00879,149,177987
7401,EV01112,157,576471
7401,EV01190,165,145889
7401,EV01545,177,8850
7402,EV01177,65,88097
7402,EV00330,122,220039
7402,EV00973,140,137975
7402,EV00843,162,111352
7402,EV00787,168,64893
7402,EV00476,179,160548
7403,EV00584,70,134306
7403,EV00423,132,329793
7403,EV00496,137,71487
7403,EV01342,154,45447
7403,EV01628,156,147896
7404,EV01429,86,70062
7404,EV01138,136,161823
7404,EV00544,170,93293
7404,EV00329,176,250297
7405,EV00336,112,22440
7405,EV01070,146,719032
7405,EV00447,148,197990
7406,EV01414,135,33989
7406,EV00727,183,183682
7407,EV01136,116,2102009
7407,EV01433,131,315201
7407,EV00368,132,37696
7407,EV01760,146,14200
7407,EV01485,152,129203
7407,EV00711,157,432751
7407,EV00500,161,215021
7407,EV00216,195,715472
7408,EV01413,192,449967
7408,EV00140,227,218037
7408,EV00216,255,576743
7408,EV01930,365,353596
7409,EV00548,135,52664
7409,EV00975,171,207342
7409,EV00026,295,1197733
7410,EV01143,97,302139
7410,EV00718,155,16935
7410,EV00873,172,670102
7411,EV01671,148,206136
7411,EV01111,168,177803
7412,EV00898,117,108889
7412,EV00435,182,571507
7413,EV00532,111,683385
7413,EV00682,175,31161
7413,EV01614,180,1782740
7413,EV01634,223,194604
7414,EV01855,43,2728458
7414,EV01167,97,130620
7414,EV01459,121,2217858
7414,EV00729,132,130944
7414,EV00449,150,430392
7414,EV00869,172,289246
7414,EV00174,253,5072484
7415,EV00416,117,1375775
7416,EV00772,128,146427
7416,EV00780,141,76903
7416,EV01483,160,2453284
7416,EV00206,264,2989769
7417,EV01190,99,278322
7417,EV00821,144,166325
7417,EV01700,168,1177549
7417,EV00300,232,4435597
7417,EV00319,239,15415977
7418,EV00366,117,641787
7418,EV01514,118,1581383
7418,EV01313,129,2255220
7418,EV01306,142,20336
7418,EV00898,149,103589
7418,EV01070,158,261691
7418,EV01262,181,93416
7418,EV00039,260,2108938
7419,EV01087,83,45346
7419,EV00896,135,143489
7419,EV01362,135,294376
7419,EV00967,150,88044
7419,EV00953,151,154880
7420,EV01599,114,90712
7420,EV01625,129,481807
7420,EV01608,152,95558
7420,EV01158,160,271181
7420,EV00973,174,71971
7420,EV00043,237,13703161
7421,EV00501,120,410838
7421,EV00489,143,295759
7421,EV01191,143,6906562
7421,EV01314,158,1069790
7421,EV00843,169,99451
7422,EV00906,131,415524
7422,EV01209,171,260714
7422,EV00379,218,4418636
7423,EV01502,111,200032
7423,EV01360,182,983076
7424,EV01745,87,135506
7424,EV01051,116,618933
7424,EV01084,142,766673
7424,EV01772,176,22760
7424,EV00140,266,684010
7425,EV01410,134,234734
7426,EV00809,150,81508
7426,EV01289,156,14449
7426,EV00733,171,598946
7427,EV01478,94,2365334
7427,EV00613,140,67194
7427,EV01590,151,67198
7428,EV01923,29,963350
7428,EV01486,142,1351907
7428,EV00932,151,382118
7428,EV01456,159,1140669
7429,EV01166,132,178328
7430,EV01067,87,222592
7430,EV01288,113,202873
7430,EV00599,123,1974354
7430,EV01108,144,54644
7430,EV01783,157,93422
7430,EV01766,216,234317
7431,EV00225,265,1546306
7432,EV00738,158,268850
7432,EV00304,274,32839314
7434,EV01524,124,603639
7434,EV01143,161,191207
7435,EV00713,104,1944980
7435,EV01006,149,246357
7435,EV00255,218,7361475
7435,EV00312,240,7223221
7436,EV00884,106,501883
7436,EV00757,110,602928
7437,EV01476,139,65770
7437,EV00363,141,101051
7437,EV01187,162,138693
7437,EV00161,278,3215375
7438,EV00390,120,2163929
7438,EV01404,129,511602
7439,EV00355,124,69781
7440,EV00816,138,189328
7440,EV01616,161,11952
7440,EV01291,206,155583
7440,EV00773,207,274209
7440,EV00245,233,33396228
7441,EV00565,100,51445
7441,EV00714,131,138045
7441,EV01781,157,1167335
7441,EV01486,170,1660139
7442,EV01930,12,425368
7442,EV00401,84,2613638
7442,EV01528,135,299223
7442,EV00309,254,10902891
7443,EV01202,111,34088
7443,EV01570,116,103961
7443,EV01288,139,124899
7443,EV01562,157,2286578
7443,EV00812,162,1127756
7444,EV01903,26,1536495
7444,EV01772,80,21402
7444,EV00255,265,5098733
7444,EV00246,334,5398852
7445,EV00895,149,98347
7446,EV01148,61,1842813
7446,EV00565,93,54698
7446,EV01382,159,91145
7446,EV01487,203,17183
7447,EV00502,124,524095
7447,EV00993,150,48461
7448,EV01702,60,53071
7448,EV01757,105,161931
7448,EV01687,148,1037757
7448,EV01304,187,173046
7449,EV01840,23,1282474
7449,EV01883,39,2850822
7449,EV01086,128,627838
7450,EV01938,57,1515216
7450,EV01158,126,149334
7450,EV01607,151,416517
7450,EV00017,271,1756865
7451,EV00809,123,246338
7451,EV01464,145,48423
7451,EV01273,177,134611
7451,EV01343,184,185208
7451,EV01801,185,198044
7451,EV01962,357,2219485
7452,EV00723,125,37868
7452,EV01010,125,171507
7452,EV01585,129,501047
7452,EV01119,130,667448
7452,EV01340,162,127683
7453,EV01449,99,308834
7453,EV00510,156,859395
7453,EV00384,159,589628
7453,EV00946,169,62273
7454,EV00687,119,83522
7454,EV01756,138,128347
7454,EV01251,139,214410
7454,EV01135,153,1959183
7454,EV00803,156,329561
7454,EV01718,211,977305
7454,EV00990,222,666074
7455,EV00879,150,450864
7455,EV00121,232,6331875
7456,EV01688,118,28368
7456,EV01034,123,962875
7457,EV00841,111,145715
7457,EV01369,150,791379
7457,EV00787,173,42771
7457,EV00241,248,5389634
7457,EV00098,291,87386215
7458,EV00363,134,132450
7459,EV01403,99,559520
7459,EV00883,133,31849
7459,EV01465,158,189534
7459,EV00356,170,33937
7459,EV00361,211,369043
7459,EV00428,227,292133
7460,EV01846,17,497090
7460,EV00399,87,144546
7460,EV01790,128,3029299
7460,EV00358,134,237484
7460,EV00953,155,54141
7461,EV01164,133,2101594
7461,EV01514,135,538677
7462,EV00710,78,1813937
7462,EV01631,104,492935
7462,EV01609,119,43750
7462,EV00773,148,244221
7462,EV01220,150,977069
7462,EV00476,166,45806
7462,EV00437,184,129180
7463,EV01474,99,377424
7463,EV00815,137,3039198
7463,EV01297,139,62778
7463,EV01435,148,22232
7464,EV01398,142,230039
7464,EV01368,216,660703
7464,EV00068,263,3843631
7465,EV00502,109,211370
7465,EV00685,122,3841045
7465,EV01793,148,48131
7465,EV00792,156,85285
7465,EV01759,174,59659
7466,EV00422,112,10533210
7466,EV00608,115,3674973
7466,EV00548,121,15207
7466,EV01158,142,439038
7466,EV00361,160,120822
7466,EV01742,199,667844
7466,EV00126,255,4781242
7467,EV00887,153,246767
7467,EV01419,162,672580
7467,EV00699,171,47544
7467,EV01772,200,24029
7467,EV00115,228,1792603
7468,EV00967,72,38438
7468,EV00402,177,1356365
7469,EV01379,77,23610
7469,EV00722,132,164602
7469,EV00054,236,52034219
7469,EV00140,268,752435
7470,EV01975,62,992484
7470,EV01742,111,324826
7470,EV00543,119,397531
7470,EV01351,128,29835
7470,EV01313,131,683598
7470,EV01451,166,133318
7470,EV01641,172,213766
7470,EV00060,276,1525701
7471,EV00884,119,600138
7471,EV00375,160,118168
7471,EV00295,254,16027648
7472,EV01076,118,48208
7472,EV01399,133,711700
7472,EV00993,182,50996
7473,EV01141,109,109500
7473,EV01421,136,41724
7473,EV00616,164,121474
7473,EV01225,169,4660465
7474,EV01277,112,97543
7474,EV01729,118,834499
7474,EV01395,147,20891
7474,EV01768,171,358852
7474,EV00232,218,50079698
7475,EV01511,137,148270
7475,EV00787,138,87066
7476,EV00993,94,24990
7476,EV00896,105,147882
7476,EV01797,107,114089
7476,EV01349,112,276840
7477,EV01093,124,2986391
7478,EV00997,132,36630
7478,EV00316,235,64428375
7479,EV01382,83,207878
7479,EV00615,104,587239
7479,EV01213,119,681493
7480,EV00412,131,425361
7480,EV00374,145,1022172
7480,EV01421,165,46726
7480,EV00850,169,57337
7481,EV01193,138,7249157
7481,EV01044,219,71973
7481,EV01180,229,101417
7481,EV00099,279,12898656
7482,EV01551,64,24330
7482,EV00691,97,283439
7482,EV01706,118,241526
7482,EV01023,154,143649
7482,EV00846,205,351647
7483,EV01650,118,430236
7483,EV01404,156,527375
7483,EV01450,159,986669
7483,EV01633,201,38062
7483,EV00135,253,3224294
7484,EV01699,102,102364
7484,EV00671,115,34946
7484,EV01679,127,719850
7484,EV00964,178,381949
7484,EV00213,242,22594853
7484,EV00253,254,3926193
7484,EV00039,255,2772719
7485,EV00465,78,470020
7485,EV00171,218,12687973
7486,EV01896,25,3991862
7486,EV01345,131,112911
7486,EV01732,161,67823
7486,EV00866,163,409486
7486,EV01158,197,170131
7486,EV00002,254,13888503
7487,EV01327,134,70892
7487,EV01414,169,45299
7487,EV00303,180,1800374
7487,EV01023,188,135974
7488,EV00762,113,433703
7488,EV00767,131,54171
7488,EV01803,144,20002
7488,EV00447,165,245351
7488,EV00940,207,720754
7489,EV00541,111,159720
7489,EV00972,176,2223135
7490,EV01990,39,317185
7490,EV01751,89,176273
7490,EV00499,97,62420
7490,EV01044,155,82813
7490,EV00492,160,371138
7491,EV00321,80,108204
7491,EV01661,89,480224
7491,EV00876,106,2617332
7491,EV00628,112,72768
7491,EV01015,175,1961093
7492,EV00623,135,214388
7492,EV00928,136,79001
7492,EV01383,136,586101
7492,EV01424,168,1072121
7492,EV00767,214,40740
7493,EV01424,99,516578
7493,EV00930,103,1756922
7493,EV01142,111,223906
7493,EV01768,138,934231
7493,EV00793,149,78106
7493,EV01000,150,40874
7493,EV01467,182,3046985
7494,EV01198,133,255099
7494,EV01808,134,296602
7494,EV01845,359,1174217
7495,EV01193,106,6060540
7495,EV01601,113,4747282
7495,EV01697,118,738126
7495,EV01198,129,354479
7496,EV00439,109,356971
7496,EV00412,177,208334
7496,EV01111,183,26117
7497,EV00634,124,135631
7497,EV00846,157,1205546
7497,EV00618,183,602471
7497,EV00164,301,20297230
7498,EV01482,191,242136
7498,EV00154,203,17260754
7498,EV00140,241,173102
7498,EV00050,268,36601184
7499,EV01856,13,998328
7499,EV01784,111,48646
7499,EV00599,127,3311421
7499,EV01389,133,23854
7499,EV01435,185,53124
7499,EV01036,223,4796431
7500,EV00799,160,168499
7500,EV00555,161,225477
7500,EV00160,237,49323471
7501,EV01806,163,69149
7501,EV00115,222,1124243
7502,EV01180,139,134716
7502,EV01702,148,24327
7502,EV00509,180,65783
7502,EV00288,254,810459
7502,EV00007,257,9881874
7503,EV01237,75,34445
7503,EV00384,100,176694
7503,EV01285,110,299684
7503,EV00761,166,617424
7503,EV01918,353,468411
7504,EV00955,96,2242813
7504,EV00841,110,77133
7504,EV01747,133,119870
7505,EV01740,118,589547
7505,EV01285,121,319480
7505,EV01313,134,1179157
7505,EV00375,139,150476
7505,EV01053,145,2013572
7506,EV01780,60,40492
7506,EV01013,107,187990
7506,EV00970,118,151486
7506,EV01341,165,48587
7506,EV01557,173,113712
7507,EV00758,116,462213
7507,EV00851,147,21595
7507,EV00940,148,807550
7507,EV01006,155,328670
7507,EV00130,259,1936265
7508,EV01465,65,266421
7508,EV00948,101,58653
7508,EV01170,126,934542
7508,EV00669,142,53487
7509,EV01883,28,3377704
7509,EV01319,108,44176
7510,EV00993,77,10418
7510,EV01512,116,2310855
7510,EV01749,216,72015
7511,EV00509,105,45089
7511,EV00334,113,111354
7511,EV01533,133,180599
7511,EV00984,149,645816
7511,EV00312,204,8953529
7512,EV01011,163,235299
7512,EV00140,261,454166
7513,EV01933,28,623698
7513,EV01277,110,50712
7513,EV01238,124,313930
7513,EV01625,139,351001
7513,EV00238,227,30248426
7514,EV01571,125,332585
7514,EV01392,138,444747
7514,EV00981,203,109459
7514,EV01346,203,109188
7515,EV00707,106,295601
7515,EV01575,112,17657
7515,EV00387,139,810419
7515,EV00573,196,162948
7515,EV00238,202,22546306
7515,EV00059,217,6583774
7515,EV00085,255,1665230
7516,EV01490,116,465101
7516,EV01362,120,190322
7516,EV01558,141,296721
7516,EV01769,159,233083
7516,EV00718,166,49952
7517,EV01545,99,26889
7517,EV01810,102,47226
7517,EV01158,103,186840
7517,EV01349,122,97545
7517,EV00320,223,16412981
7518,EV01827,35,2044945
7518,EV00566,80,78867
7518,EV00671,94,51286
7518,EV00493,133,222556
7518,EV00538,144,218999
7518,EV00551,198,223760
7518,EV00140,245,1429173
7519,EV01693,123,69349
7519,EV01812,147,1189465
7519,EV01148,168,550552
7520,EV01489,71,944603
7520,EV00827,109,3741942
7520,EV00854,137,309557
7520,EV01389,178,46393
7521,EV01967,47,245308
7521,EV01814,104,179465
7521,EV01803,167,22486
7522,EV01408,80,87074
7522,EV01255,93,775080
7522,EV00687,169,216642
7522,EV01504,200,2470727
7522,EV00062,238,45914891
7523,EV01664,210,2432942
7524,EV01766,100,119226
7524,EV00071,232,74938578
7524,EV00157,246,29678695
7525,EV00399,64,122012
7525,EV00592,150,217684
7525,EV01244,150,91289
7525,EV00591,162,1309033
7525,EV01310,170,51171
7525,EV00288,251,410511
7526,EV00548,73,56894
7526,EV01693,160,289588
7526,EV01358,161,260035
7526,EV00226,235,1368206
7526,EV00112,253,2214283
7527,EV00419,83,168928
7527,EV00334,134,196105
7527,EV00418,140,76722
7527,EV01506,150,11012458
7527,EV00574,166,223473
7527,EV01634,182,580545
7527,EV00316,257,36493549
7527,EV00130,284,3415416
7528,EV00749,72,174005
7529,EV01839,9,523259
7529,EV01579,92,2847564
7529,EV00358,135,183499
7529,EV01158,154,236191
7529,EV00681,188,242685
7529,EV01695,199,735218
7530,EV01783,120,109408
7530,EV00790,125,53885
7531,EV01664,116,3226784
7531,EV00555,144,288766
7531,EV00535,145,65363
7531,EV00489,160,128323
7531,EV00865,161,2381153
7531,EV00628,162,228584
7532,EV01137,125,59453
7532,EV00742,161,518386
7532,EV01450,169,1072465
7532,EV00062,324,33815650
7533,EV00849,114,4111632
7533,EV01587,152,727870
7533,EV00220,219,89711587
7534,EV00788,101,101038
7534,EV00711,163,760156
7534,EV01709,168,579020
7534,EV01138,194,79791
7535,EV00590,83,10294
7535,EV01808,84,237892
7535,EV00938,107,29795
7535,EV01539,108,74863
7535,EV00267,242,14544627
7535,EV00037,250,5705577
7536,EV01168,108,75209
7536,EV00560,131,223003
7536,EV01570,163,102600
7536,EV00347,169,926074
7537,EV00992,121,74248
7537,EV01820,121,4282349
7537,EV00339,131,355672
7537,EV01067,136,62792
7537,EV00837,137,25011
7537,EV01798,205,344589
7538,EV01433,115,310364
7539,EV01350,112,182891
7539,EV00720,127,62264
7539,EV01250,142,29478
7539,EV00783,159,63047
7539,EV01755,161,439594
7539,EV00112,250,1907292
7539,EV00305,253,23333421
7540,EV00500,132,55956
7540,EV01675,140,26738
7541,EV00425,113,289076
7541,EV01614,140,773852
7541,EV00655,157,298965
7541,EV00046,248,4634861
7542,EV01871,19,13035435
7542,EV00803,161,271028
7542,EV00191,253,490449
7543,EV01846,41,834303
7543,EV00326,101,73737
7543,EV00858,130,182203
7543,EV01052,132,47824
7544,EV01077,88,261339
7544,EV00540,137,21447
7544,EV01468,147,11161
7544,EV00309,281,6158418
7545,EV01300,136,31699
7545,EV00613,155,53820
7545,EV01575,187,25991
7545,EV00153,241,28172600
7545,EV00295,269,14424703
7546,EV01978,41,3507566
7546,EV01897,49,2966979
7546,EV00579,169,326173
7546,EV00093,287,2017340
7547,EV01869,28,1123624
7547,EV01634,119,460868
7547,EV00635,140,693066
7547,EV01385,143,93252
7547,EV00815,153,777082
7547,EV00941,154,22043
7547,EV01519,174,387236
7547,EV01088,229,140635
7547,EV00009,230,44564740
7547,EV00212,279,21641348
7548,EV01633,102,63217
7548,EV01170,130,1208448
7548,EV01590,182,36882
7549,EV00809,130,75903
7549,EV01238,156,133644
7549,EV01047,173,1379518
7549,EV01037,179,82206
7549,EV00129,235,47752358
7550,EV01875,22,1996882
7550,EV01793,109,59833
7550,EV01429,121,170193
7550,EV00539,122,606317
7550,EV01399,124,340316
7550,EV01060,145,53713
7550,EV01235,157,166410
7550,EV00574,162,994160
7550,EV00651,192,228080
7550,EV00299,299,6472690
7551,EV01651,149,297873
7551,EV00960,168,651450
7552,EV00427,104,89341
7552,EV01573,108,109644
7552,EV00621,126,65778
7552,EV01063,155,411766
7552,EV00018,319,58342587
7553,EV00917,80,611703
7553,EV01550,102,723718
7553,EV01285,168,154576
7553,EV00399,169,270307
7554,EV01866,16,2611381
7554,EV00854,172,451406
7554,EV00075,256,11186475
7555,EV00838,123,435919
7555,EV01414,168,15586
7555,EV00338,178,3941718
7555,EV01262,179,175698
7556,EV00714,116,48287
7556,EV01067,150,96875
7556,EV00819,153,54946
7556,EV01333,185,80701
7556,EV00161,259,4086781
7557,EV01050,94,67797
7558,EV00503,75,145359
7558,EV01551,132,25788
7558,EV00634,165,88264
7559,EV01677,134,695755
7559,EV00497,136,5569557
7559,EV00541,137,359212
7559,EV00114,241,41252802
7560,EV00414,131,23896
7560,EV00814,179,540970
7561,EV01394,123,1825343
7561,EV00216,263,358396
7562,EV00809,122,269708
7562,EV00964,155,348320
7562,EV01070,159,615311
7562,EV00225,242,4234332
7562,EV00222,299,966333
7563,EV00913,113,12842456
7563,EV01537,121,197685
7563,EV01708,127,2338122
7563,EV01818,136,272743
7563,EV01419,144,641888
7563,EV01324,157,1274196
7563,EV00564,162,2271814
7564,EV01162,67,159097
7565,EV00347,88,729845
7565,EV01691,131,1695063
7565,EV01246,139,1051905
7565,EV01742,179,377680
7565,EV00079,265,1563384
7567,EV01126,99,63304
7567,EV00843,151,302707
7567,EV01511,153,244988
7567,EV01801,156,126124
7567,EV01518,173,665922
7567,EV00191,243,1679574
7567,EV00078,268,6506589
7567,EV00268,277,121489002
7568,EV01961,37,2225649
7568,EV00908,93,446237
7568,EV00883,118,80690
7568,EV01005,218,328698
7568,EV00277,261,7845110
7569,EV01316,110,167800
7569,EV01771,141,40744
7569,EV00467,145,893050
7569,EV00311,256,5122822
7570,EV01023,137,117815
7570,EV01404,177,736000
7570,EV00509,178,71985
7570,EV00083,245,5293632
7571,EV01681,173,117591
7571,EV01653,184,120374
7572,EV01346,113,116582
7572,EV01455,116,1079768
7572,EV01701,175,35299
7572,EV01118,178,230521
7572,EV00475,179,1184765
7572,EV01254,189,1237028
7572,EV00797,200,236272
7572,EV00019,253,6487816
7572,EV00260,255,42904626
7572,EV00033,298,24297583
7573,EV01905,23,927994
7573,EV01825,27,693400
7573,EV00423,99,538298
7573,EV00466,139,72438
7573,EV00431,157,124766
7573,EV01698,176,308610
7573,EV00585,195,141066
7574,EV00692,172,809843
7574,EV01342,182,20208
7575,EV01936,60,2335452
7575,EV00975,110,891489
7575,EV01269,140,56800
7575,EV01234,152,878364
7575,EV00699,169,54515
7576,EV00941,72,28338
7577,EV01566,100,84032
7577,EV00651,134,703236
7577,EV01124,140,613659
7578,EV00595,85,85186
7578,EV00886,115,1308157
7578,EV00842,130,17576
7579,EV00786,66,220021
7579,EV00624,142,165855
7579,EV01352,166,1468942
7579,EV00758,169,1050572
7580,EV01618,142,12618
7580,EV00887,153,101948
7581,EV01149,100,622156
7581,EV01661,143,224823
7581,EV00594,145,137296
7581,EV01770,148,199593
7581,EV00569,152,161143
7581,EV01782,224,2442560
7581,EV00264,248,306238
7582,EV00597,146,35923
7582,EV01489,172,1953732
7582,EV00298,227,13496535
7582,EV01869,357,955694
7583,EV01975,10,554752
7583,EV01180,77,106579
7583,EV01202,141,79070
7583,EV01304,157,222842
7583,EV00563,173,47316
7584,EV01197,122,41725
7584,EV00620,131,1584335
7584,EV01814,146,105560
7585,EV00620,76,978134
7585,EV01131,155,13392
7585,EV00479,220,71257
7585,EV00106,287,6693503
7586,EV01103,107,126317
7586,EV00540,135,54303
7586,EV00891,149,6601234
7587,EV00475,96,890231
7587,EV01141,123,91081
7587,EV00285,285,29223517
7588,EV00647,88,2107760
7588,EV01080,102,633390
7588,EV01014,154,148021
7588,EV00603,209,309590
7589,EV00366,122,1084218
7589,EV00624,132,88101
7589,EV00759,134,911349
7589,EV00619,163,61021
7590,EV01825,34,782494
7590,EV00880,139,5674690
7590,EV01744,142,44179
7590,EV01037,145,137697
7590,EV01277,153,99448
7590,EV01633,181,9572
7591,EV01750,131,7127687
7591,EV01091,161,34042
7591,EV00009,235,23417653
7591,EV01857,336,2264214
7592,EV01244,89,119709
7592,EV00275,173,5359128
7592,EV00729,214,326472
7593,EV01366,60,273917
7593,EV01758,95,42763
7593,EV00773,144,327019
7593,EV01060,153,36987
7593,EV01634,186,322812
7593,EV00250,261,1318931
7594,EV00391,110,44998
7594,EV01033,151,246307
7594,EV01177,154,107245
7595,EV00831,125,646030
7595,EV00845,126,1399067
7595,EV01027,150,249397
7595,EV00045,236,20426264
7596,EV00829,99,7683447
7596,EV01037,144,60725
7596,EV01699,170,49712
7597,EV01076,71,33443
7597,EV01158,148,143802
7597,EV01022,162,275151
7597,EV00061,274,17455639
7598,EV01392,124,656366
7598,EV00466,163,166726
7598,EV00116,236,4552998
7599,EV01791,60,52075
7599,EV00444,155,74507
7599,EV01671,159,246687
7599,EV01486,167,658818
7599,EV01288,179,144429
7599,EV00264,269,1140194
7600,EV00999,98,1538044
7600,EV01023,160,135841
7600,EV00120,275,10106754
7601,EV00565,124,30464
7601,EV01063,125,233122
7601,EV01310,173,15095
7601,EV01173,180,21913
7601,EV00020,240,3037987
7601,EV00298,259,2259724
7602,EV00593,117,356734
7602,EV00941,180,43226
7603,EV00338,84,4756400
7603,EV00493,111,66769
7603,EV01622,120,53716
7603,EV01240,142,797102
7603,EV01642,228,1765627
7604,EV01341,133,107160
7604,EV01627,146,55482
7604,EV01297,151,44477
7604,EV00222,178,3449765
7604,EV00255,270,4329879
7605,EV00847,85,38342
7605,EV00715,115,90253
7605,EV00981,163,148883
7605,EV00917,167,455072
7606,EV00964,90,254333
7606,EV00696,104,1785588
7606,EV01277,108,77039
7607,EV01226,103,31902
7607,EV01211,113,60278
7607,EV01322,144,83978
7607,EV01103,154,209902
7608,EV00472,107,42821
7608,EV01514,113,850106
7608,EV00408,129,350933
7608,EV01065,131,652264
7608,EV00086,272,5500484
7608,EV00210,321,22934060
7609,EV01704,124,6117388
7609,EV00337,133,243186
7609,EV00838,188,729116
7610,EV00198,234,35187310
7611,EV00699,158,58665
7612,EV01350,176,282255
7613,EV00816,98,52383
7613,EV01616,99,18755
7613,EV01582,114,868375
7613,EV00358,125,266053
7614,EV01382,220,148800
7614,EV01889,365,1835849
7615,EV01565,109,1068321
7615,EV01248,147,80135
7615,EV00312,252,11118016
7615,EV00224,262,7288968
7616,EV00991,105,386216
7616,EV00982,141,2540554
7616,EV00690,171,92484
7616,EV00886,193,1187473
7617,EV01659,166,121911
7617,EV01232,203,2704235
7617,EV01373,217,106553
7617,EV00305,235,28185187
7618,EV00805,164,168147
7618,EV00821,213,110212
7618,EV00843,216,52334
7619,EV00684,144,225011
7619,EV00060,259,2072642
7620,EV01947,27,1040307
7620,EV00555,167,259232
7621,EV01579,88,1841930
7621,EV00405,123,267669
7621,EV01257,153,2493013
7621,EV00549,159,394365
7621,EV00784,185,685914
7621,EV00202,197,1898541
7621,EV00062,234,32532159
7621,EV00183,241,6035620
7622,EV01651,117,97743
7622,EV00386,143,220235
7622,EV00719,214,267806
7623,EV00423,98,855448
7623,EV00854,109,334536
7623,EV00730,110,1192182
7623,EV01039,123,113305
7623,EV01149,151,567694
7623,EV01116,152,28748
7623,EV00399,157,34014
7623,EV01444,167,413036
7623,EV01190,178,228268
7623,EV00171,218,7183250
7623,EV00134,248,5297072
7623,EV00020,263,3852034
7624,EV00512,93,437508
7624,EV01575,199,53099
7625,EV01204,60,75822
7625,EV01760,74,20331
7625,EV00501,112,194468
7625,EV00329,142,105199
7625,EV00754,194,323207
7625,EV00060,275,1413305
7626,EV00816,71,93077
7626,EV01235,103,82048
7626,EV00760,116,92440
7626,EV01322,122,46162
7626,EV00896,131,315877
7626,EV01634,136,102844
7626,EV01252,179,1070745
7627,EV01099,135,915749
7627,EV00299,247,2782382
7629,EV01571,119,489203
7629,EV00709,137,97846
7629,EV00884,139,237552
7629,EV00896,160,119380
7630,EV00567,137,84722
7630,EV00889,186,707742
7630,EV01310,186,31371
7630,EV00202,248,1303201
7630,EV00113,272,2107641
7631,EV00898,141,59963
7631,EV00541,143,140601
7631,EV00413,150,202319
7631,EV01788,194,42715
7631,EV00115,247,2476280
7631,EV00213,255,25159552
7632,EV01645,149,444398
7632,EV01760,203,20438
7632,EV00175,213,4383654
7632,EV00170,288,10919392
7633,EV01552,89,118423
7633,EV01076,100,35953
7633,EV01354,135,3982667
7633,EV01755,149,727062
7633,EV01607,190,632508
7634,EV00578,145,11335106
7634,EV01537,152,358444
7634,EV00942,171,909911
7634,EV00631,190,154693
7635,EV00388,60,357069
7635,EV01079,68,76511
7635,EV01591,116,199711
7635,EV00413,151,152932
7635,EV01085,219,439572
7636,EV00941,112,20915
7636,EV01452,113,155093
7636,EV00534,121,374788
7636,EV00710,180,1679419
7636,EV00078,193,6763389
7636,EV01292,209,267558
7636,EV00124,219,36155499
7636,EV00271,230,894211
7637,EV01627,87,29362
7637,EV00422,89,4840173
7637,EV01690,124,27516
7637,EV00749,129,392498
7637,EV00539,139,1658741
7637,EV01441,148,206862
7637,EV00461,176,140769
7638,EV00156,205,10024428
7639,EV01341,117,96055
7640,EV01273,108,99872
7640,EV01039,129,32470
7640,EV01565,145,610518
7640,EV00731,163,846897
7640,EV01550,180,1060399
7640,EV00628,181,74059
7640,EV00168,291,1639986
7641,EV00988,62,81697
7641,EV01387,95,54412
7641,EV01551,109,27166
7641,EV00512,137,155958
7641,EV00487,172,6392357
7641,EV00130,257,834707
7642,EV01373,126,67483
7642,EV00734,158,35433
7642,EV00783,171,77422
7642,EV00838,171,516802
7642,EV01494,174,1588690
7642,EV00703,201,72023
7642,EV00082,213,3020422
7643,EV01910,49,1146435
7643,EV01475,112,1788004
7643,EV01126,153,129587
7643,EV01693,156,93510
7643,EV00413,160,153624
7643,EV00250,231,1283177
7643,EV00138,259,9770873
7644,EV01372,81,973300
7644,EV00792,111,160368
7644,EV01351,136,64720
7644,EV00953,140,59593
7644,EV00078,248,10304739
7645,EV01337,60,77771
7645,EV01766,125,120336
7645,EV01632,160,2737716
7645,EV00684,164,130238
7645,EV01079,174,41409
7646,EV01285,98,429753
7647,EV01237,108,30790
7647,EV00375,142,138101
7647,EV00899,153,72087
7647,EV00830,168,127248
7647,EV01023,206,396874
7649,EV01029,118,53320
7649,EV00720,157,61838
7649,EV00281,277,3583044
7650,EV01392,76,340629
7650,EV01537,115,351736
7650,EV00470,213,45597
7651,EV00326,124,132914
7651,EV01405,127,1756863
7651,EV01721,164,167429
7651,EV00137,191,5515593
7651,EV01158,204,78068
7652,EV00779,90,160834
7652,EV01367,104,440938
7653,EV00805,110,235102
7653,EV01533,123,213556
7653,EV00998,166,337142
7653,EV01244,176,327270
7654,EV01892,4,2611221
7654,EV00981,135,163076
7654,EV01006,150,160116
7655,EV00426,130,955410
7655,EV00548,134,41894
7655,EV01079,138,148627
7655,EV01546,180,236922
7655,EV00045,269,7994833
7656,EV01997,30,2546345
7656,EV01180,137,246789
7656,EV01114,159,182125
7656,EV00710,160,1293047
7656,EV00546,166,79188
7656,EV00026,255,1271340
7656,EV00087,256,39190599
7657,EV01815,125,381472
7657,EV00821,143,125117
7657,EV01239,167,470546
7658,EV00790,70,74699
7658,EV01387,88,160012
7658,EV00863,103,447409
7658,EV00650,136,2033672
7658,EV01277,144,143565
7658,EV01289,191,66732
7659,EV01625,87,202338
7659,EV00954,111,59388
7659,EV01485,128,52540
7659,EV01341,140,177927
7659,EV01766,180,119442
7659,EV01772,180,10925
7660,EV01801,162,37867
7660,EV00118,269,15819601
7661,EV00970,114,402937
7661,EV00911,125,103055
7661,EV00084,214,5456989
7662,EV01795,104,142506
7662,EV00574,125,329937
7662,EV01459,136,1339541
7662,EV01230,154,64195
7662,EV01395,183,24939
7664,EV01099,111,343771
7664,EV01413,200,41887
7664,EV00002,227,17698326
7664,EV00249,289,3683344
7665,EV00715,91,191163
7665,EV00368,108,39756
7665,EV01428,112,95023
7665,EV01642,119,1151652
7665,EV00225,233,2292623
7666,EV00355,88,148891
7666,EV00766,150,56701
7666,EV00879,158,420495
7666,EV00960,217,836097
7666,EV00002,241,16855023
7667,EV01110,141,68653
7667,EV01480,159,233703
7667,EV00456,179,1844028
7667,EV00720,190,64434
7668,EV01546,132,635611
7668,EV00710,148,814693
7668,EV00939,175,1544254
7668,EV00792,190,20406
7669,EV00405,119,137191
7669,EV01634,146,289441
7669,EV01524,168,284260
7670,EV00541,112,64421
7670,EV01245,164,164488
7670,EV01250,188,11700
7671,EV00555,122,531309
7671,EV01131,123,31453
7671,EV01360,130,952032
7671,EV00997,137,31509
7673,EV01693,87,267835
7673,EV01758,123,60666
7673,EV01708,158,2107413
7673,EV01755,164,721227
7673,EV00981,174,93833
7673,EV00098,264,35664531
7673,EV01919,360,1192293
7674,EV01414,99,42154
7674,EV00578,171,12930327
7674,EV01202,174,92750
7674,EV00569,179,147547
7674,EV01366,196,1167836
7675,EV00773,60,428288
7675,EV01760,119,34805
7675,EV00435,133,137778
7675,EV01234,222,485345
7676,EV00368,135,17126
7677,EV01764,104,936521
7678,EV00884,92,1348518
7678,EV01518,115,96914
7678,EV00613,145,54818
7678,EV01434,161,105062
7678,EV00303,224,1798710
7679,EV02000,13,3712680
7679,EV00799,112,77573
7679,EV01368,117,213479
7679,EV01647,164,394724
7679,EV00017,241,2487979
7680,EV01608,142,135435
7680,EV01211,152,50169
7680,EV01514,157,946610
7680,EV01233,161,347968
7680,EV00790,170,13296
7681,EV01294,97,8226267
7681,EV01094,113,234106
7681,EV01520,144,858150
7681,EV01020,146,576592
7681,EV00476,151,163194
7681,EV00445,173,138701
7682,EV01874,21,845565
7682,EV00536,103,40898
7682,EV00703,106,118475
7682,EV00376,121,72616
7682,EV01115,123,552908
7682,EV01201,185,51524
7682,EV00214,289,16156710
7683,EV01067,60,57817
7683,EV00908,86,310272
7683,EV01697,180,1270101
7683,EV00093,241,988642
7684,EV01311,129,187610
7684,EV00904,131,587234
7684,EV00603,148,118259
7684,EV01132,158,1453126
7684,EV01428,166,85311
7684,EV00158,264,3799565
7685,EV01346,60,147716
7685,EV00594,114,20188
7685,EV01044,127,102814
7685,EV00941,143,18864
7686,EV01575,69,22690
7686,EV00758,130,1806349
7686,EV01001,134,29144
7686,EV01650,154,323879
7686,EV00839,173,117768
7686,EV01226,180,30270
7686,EV00037,249,5560858
7687,EV01766,76,185101
7687,EV00203,218,2752720
7688,EV01526,125,158308
7688,EV00772,134,91037
7688,EV00206,251,2491736
7689,EV01140,85,61995
7689,EV01636,87,406460
7689,EV01252,168,492446
7689,EV01424,184,391172
7689,EV00211,253,27690062
7689,EV00116,267,2248346
7690,EV01424,132,881275
7690,EV00678,219,479823
7691,EV01949,23,1456484
7691,EV01079,100,179727
7691,EV00325,127,238440
7692,EV01650,129,215590
7692,EV01198,133,112560
7692,EV01260,159,619356
7692,EV01252,167,1160710
7692,EV01131,180,42294
7693,EV00385,121,19244
7693,EV00499,192,37631
7694,EV00568,87,631022
7694,EV00116,270,3543763
7695,EV01072,143,1085333
7696,EV01173,154,48491
7696,EV00271,286,8813118
7697,EV01629,161,441370
7697,EV01649,240,223609
7697,EV00039,258,5688239
7698,EV01756,119,153514
7698,EV00658,139,1444299
7700,EV01548,97,72089
7700,EV01435,115,30983
7700,EV00709,123,129307
7700,EV01762,149,691572
7700,EV00493,167,219841
7700,EV01229,211,580058
7700,EV00043,281,23453143
7701,EV01166,94,199613
7701,EV01230,117,28731
7701,EV01500,143,160787
7701,EV00973,221,211025
7701,EV00300,265,5126923
7702,EV01073,126,285869
7703,EV01011,122,324677
7703,EV01518,137,246267
7703,EV01274,151,67674
7703,EV00288,198,222258
7704,EV00788,124,75445
7704,EV00981,165,259227
7704,EV00299,217,2373250
7705,EV01273,150,75697
7705,EV00541,167,95595
7705,EV00253,271,3602012
7706,EV01996,40,5094528
7706,EV00846,92,598622
7706,EV00364,155,538768
7706,EV01450,168,1667097
7707,EV01961,47,1608974
7707,EV01105,80,101712
7707,EV00922,109,1470700
7707,EV01633,131,63931
7708,EV01932,38,298108
7708,EV00372,159,553042
7708,EV00930,159,1294361
7708,EV01023,164,424066
7709,EV01232,85,4876946
7709,EV00081,242,470419
7710,EV01780,109,145118
7710,EV01687,152,477187
7710,EV01434,155,98904
7710,EV01439,198,971469
7710,EV00073,244,17397504
7711,EV01067,127,159076
7711,EV01533,152,203330
7712,EV00812,60,752450
7712,EV00727,99,201320
7712,EV00232,262,40851345
7713,EV01650,152,376341
7713,EV00907,175,1851921
7714,EV00794,169,561260
7714,EV00896,187,203438
7715,EV01962,52,3215494
7715,EV01183,111,62254
7715,EV01591,134,225160
7715,EV01513,142,1312967
7715,EV01505,165,496915
7716,EV00509,112,92266
7716,EV01633,116,72751
7716,EV01221,119,44539
7716,EV00585,137,217160
7717,EV01984,6,710151
7717,EV00549,126,425647
7717,EV01105,159,140361
7718,EV01427,82,341138
7718,EV01693,88,102899
7718,EV01240,106,383759
7718,EV00877,155,2577247
7718,EV01202,185,61917
7718,EV01032,207,159244
7719,EV00033,246,35061732
7719,EV00093,278,2054799
7720,EV01503,120,920153
7721,EV01077,74,1538161
7721,EV00655,102,184887
7721,EV01288,159,148809
7721,EV00199,273,66145952
7722,EV01570,134,94473
7722,EV00579,139,241023
7722,EV00354,207,744658
7723,EV01103,97,178557
7723,EV00455,120,393405
7723,EV00826,126,2905337
7723,EV01646,158,30614
7723,EV00726,167,1165043
7723,EV00191,231,2175635
7724,EV01027,107,293766
7724,EV01616,221,22309
7725,EV00281,259,3782170
7726,EV00682,141,29251
7726,EV00672,157,76114
7726,EV01023,167,293267
7726,EV00720,168,70709
7726,EV01770,204,259083
7727,EV01267,115,878932
7727,EV01641,128,273810
7727,EV01616,129,37172
7727,EV01022,142,679109
7727,EV00039,273,926675
7728,EV01431,108,832341
7728,EV01566,127,254210
7728,EV00966,159,1656126
7728,EV01718,159,316480
7728,EV01762,167,1724308
7728,EV00202,243,2235396
7728,EV00294,257,8682885
7729,EV00778,132,174446
7729,EV00579,153,307618
7729,EV01508,200,293168
7729,EV00184,255,8986174
7730,EV01037,60,72081
7730,EV00729,173,96527
7731,EV00691,136,220731
7731,EV00772,160,89153
7731,EV00577,175,9899
7731,EV01471,196,296292
7732,EV01326,156,444308
7732,EV00030,293,9253320
7733,EV00416,106,2061882
7733,EV00642,143,402637
7733,EV01190,198,190364
7734,EV01760,142,31687
7734,EV01471,146,238930
7734,EV00788,161,106956
7734,EV00778,162,103027
7734,EV01613,170,40966
7734,EV01198,178,227800
7734,EV00002,247,9687701
7734,EV00066,266,221519775
7735,EV00473,112,448809
7735,EV00684,118,316019
7735,EV01726,160,906403
7735,EV01687,179,1460706
7735,EV00476,219,260853
7735,EV01589,230,1182500
7735,EV00253,243,3497167
7735,EV00255,258,5587894
7736,EV00509,110,29947
7736,EV00502,119,1134348
7736,EV01653,131,123078
7736,EV00754,137,193636
7736,EV00692,139,950946
7736,EV01761,141,1004642
7736,EV01356,165,217136
7737,EV00696,94,1088014
7737,EV01010,113,330743
7737,EV01488,141,87866
7737,EV00895,176,380885
7738,EV01869,39,1877565
7738,EV00773,69,359548
7738,EV00866,113,168165
7738,EV00992,157,20458
7738,EV01020,191,85814
7738,EV00153,242,43912745
7739,EV01340,60,65271
7739,EV00587,140,1263678
7739,EV00116,256,5058682
7740,EV00542,118,34088
7740,EV01475,126,4700530
7740,EV00438,139,235835
7740,EV01034,188,1277624
7740,EV00305,239,14336433
7741,EV01551,143,64739
7741,EV00937,164,138003
7741,EV01158,181,358985
7742,EV00140,222,641511
7742,EV00192,257,16409439
7743,EV00466,93,87791
7743,EV00938,103,69309
7743,EV00222,222,2488842
7744,EV00763,163,96108
7744,EV00603,183,136612
7744,EV01115,197,363547
7744,EV00246,203,17121160
7745,EV01881,37,2005731
7745,EV01354,111,2692513
7745,EV00419,157,65939
7745,EV01782,163,1587957
7745,EV00368,187,37416
7746,EV01528,79,270533
7746,EV01614,110,304240
7746,EV00805,117,357090
7746,EV01103,178,96140
7746,EV01241,201,1012206
7746,EV01805,218,368887
7747,EV00778,128,78411
7747,EV01239,143,607449
7747,EV00451,162,279096
7747,EV01257,165,1273718
7747,EV00983,194,75483
7748,EV01634,115,227747
7748,EV01681,173,125941
7748,EV01687,184,787512
7748,EV01546,193,659927
7748,EV00104,243,12288369
7748,EV01962,345,2350229
7749,EV01809,87,188262
7749,EV00872,106,612379
7749,EV01049,137,366374
7749,EV00423,148,289665
7749,EV01381,154,393299
7751,EV01759,109,20724
7751,EV00710,135,1840248
7752,EV01745,66,147351
7752,EV01550,107,816991
7752,EV01474,126,1248529
7752,EV01492,153,1118458
7753,EV00391,87,31413
7753,EV01089,90,179680
7753,EV00188,272,14593644
7754,EV00751,161,21823
7754,EV01812,176,340512
7754,EV00346,197,263234
7755,EV01289,102,30519
7755,EV01094,103,179003
7755,EV01233,122,2862744
7755,EV01625,142,824090
7756,EV01741,130,252672
7756,EV01575,145,26908
7756,EV00740,165,1016712
7756,EV01237,174,59492
7756,EV00161,293,2023564
7757,EV01722,60,45916
7757,EV00669,116,386932
7757,EV01230,119,115981
7757,EV00605,127,50308
7757,EV01045,139,1044394
7757,EV00850,153,79749
7757,EV00696,187,1662074
7757,EV00253,236,5026684
7757,EV00189,290,5642071
7758,EV01843,26,7936121
7758,EV00486,202,244193
7758,EV00236,244,35574809
7758,EV00156,258,7300656
7759,EV00391,130,149966
7759,EV01288,168,61756
7759,EV01389,174,49348
7759,EV01395,189,30247
7759,EV00099,202,5703931
7759,EV00164,216,2814713
7760,EV00473,158,997413
7760,EV00037,248,3587071
7760,EV00171,263,18709368
7761,EV00857,103,1520827
7761,EV01039,128,83372
7761,EV01672,134,76238
7762,EV01155,123,1391264
7762,EV00358,136,219750
7762,EV01650,148,355054
7762,EV01473,156,196959
7763,EV00715,82,434309
7763,EV00469,92,160876
7763,EV01570,172,82406
7763,EV01659,205,119468
7764,EV00738,116,245156
7764,EV01158,119,73214
7764,EV00087,232,107737260
7764,EV00225,270,1289484
7765,EV00622,85,320129
7765,EV01616,129,28045
7765,EV00387,166,474275
7765,EV01335,170,3229665
7765,EV00010,177,4261124
7766,EV01869,49,1730899
7766,EV01343,136,152873
7766,EV00897,173,1910442
7766,EV00154,192,10945760
7766,EV00060,239,3001590
7767,EV01170,124,1794266
7767,EV00996,127,1924572
7768,EV01963,16,2671680
7768,EV00653,89,123701
7768,EV00499,96,57748
7768,EV01175,123,14855
7769,EV00123,283,21321681
7770,EV01984,20,1742079
7770,EV00901,216,562686
7771,EV00790,144,97499
7771,EV01051,148,1412892
7771,EV01732,159,75044
7771,EV01386,188,51798
7772,EV01228,104,23694
7772,EV01029,137,96948
7772,EV01799,156,1802156
7772,EV00311,274,5434996
7773,EV01453,93,1496086
7773,EV01481,134,140804
7773,EV00534,192,700777
7773,EV00078,265,7256343
7774,EV01529,112,67619
7774,EV00198,225,54971535
7774,EV00118,278,36640849
7775,EV01449,104,234393
7775,EV01063,109,607762
7775,EV01202,111,52779
7775,EV00690,191,78226
7776,EV01870,14,2750918
7776,EV01683,115,173804
7776,EV01131,126,34777
7776,EV00626,152,169248
7776,EV01036,163,2128909
7776,EV01023,180,186109
7776,EV00288,210,556276
7777,EV00818,81,411584
7777,EV00580,107,21910
7777,EV00602,146,52303
7777,EV00941,239,42507
7778,EV01550,85,472416
7778,EV01124,137,1721665
7778,EV00683,142,234696
7778,EV01687,176,1270243
7779,EV01435,88,36589
7779,EV00712,120,207750
7779,EV00225,266,939170
7780,EV00901,91,345920
7780,EV01738,108,601789
7780,EV01462,189,5641562
7780,EV00247,276,7461469
7780,EV00045,285,7337968
7781,EV00820,103,1414621
7781,EV01818,117,281471
7781,EV01322,118,102911
7781,EV00255,244,2638385
7782,EV00438,106,285042
7782,EV01394,118,1354899
7782,EV01168,120,24612
7782,EV01546,136,509040
7782,EV01767,138,1284834
7782,EV00714,167,348055
7783,EV01467,139,3464392
7783,EV00514,176,50535
7783,EV01565,180,259024
7784,EV00684,99,402134
7784,EV01429,108,126476
7784,EV01216,115,937497
7784,EV00473,156,1088751
7784,EV01768,170,601754
7784,EV00873,171,1917699
7784,EV00115,208,487274
7785,EV00955,118,2742169
7785,EV01023,130,154910
7785,EV00864,206,36663
7786,EV01427,81,299276
7786,EV01060,99,54795
7786,EV01431,128,1641775
7786,EV01360,154,400829
7786,EV00786,155,101592
7786,EV01580,155,57429
7786,EV01793,163,13564
7787,EV00369,60,64317
7787,EV01404,124,297392
7787,EV01766,137,609389
7787,EV01289,143,19609
7787,EV01452,162,205971
7788,EV00592,60,306529
7788,EV00374,139,709755
7789,EV01693,173,154166
7790,EV01190,60,243083
7790,EV00566,91,194880
7790,EV00618,125,1209956
7790,EV00882,137,386731
7790,EV00512,145,384073
7790,EV01230,190,42660
7790,EV00249,251,3445457
7790,EV00009,293,13957468
7791,EV00566,120,165888
7791,EV01496,136,1225387
7791,EV00846,143,291725
7791,EV00950,174,417832
7791,EV00768,181,256533
7791,EV01267,196,395770
7791,EV00997,202,14263
7792,EV00496,99,89223
7792,EV01079,109,87812
7792,EV00754,156,264173
7793,EV01930,32,209775
7793,EV00826,153,2200162
7793,EV01813,164,442302
7793,EV00024,270,35118574
7794,EV00470,143,15993
7794,EV00740,157,2681543
7795,EV01820,152,1940608
7795,EV00121,250,3821165
7795,EV00112,266,3015871
7796,EV01354,139,873943
7796,EV01234,156,254147
7796,EV00595,175,91719
7796,EV01487,202,58264
7796,EV00076,236,4058821
7797,EV01324,60,1806565
7797,EV01953,73,2160010
7798,EV01223,78,732525
7798,EV01216,132,1977246
7798,EV00955,174,9669840
7798,EV00158,219,2607429
7799,EV00918,177,1351635
7800,EV00981,181,90697
7800,EV01368,204,746745
7800,EV01590,227,29185
7800,EV00271,269,1972791
7801,EV00748,147,37219
7801,EV01299,188,4143965
7801,EV00068,197,5069579
7801,EV01093,206,1156252
7802,EV01276,122,60902
7802,EV01546,126,260236
7802,EV01327,128,157606
7802,EV00356,159,494723
7803,EV00453,84,536883
7803,EV00567,104,199079
7803,EV01450,116,2567127
7803,EV00773,171,425489
7803,EV00026,221,1787589
7803,EV00071,285,37248128
7804,EV00843,132,107552
7804,EV01107,137,171099
7804,EV01383,164,913642
7804,EV01198,182,277580
7805,EV00720,60,41832
7805,EV00517,62,462136
7805,EV01641,76,145037
7805,EV01105,130,232939
7805,EV01292,183,563203
7805,EV01537,195,229087
7805,EV01885,315,723906
7806,EV01065,95,555290
7806,EV00498,132,228111
7806,EV01687,155,801896
7807,EV00896,77,166172
7807,EV01199,87,1959512
7807,EV01649,139,294051
7807,EV00738,180,359000
7807,EV01158,199,70408
7807,EV00285,258,10734269
7808,EV01167,152,63170
7808,EV00499,173,33370
7808,EV01156,178,754617
7808,EV00120,242,11555828
7809,EV00953,184,16721
7809,EV00062,260,11276867
7810,EV01104,96,1809957
7810,EV00762,142,845645
7810,EV01337,210,56519
7811,EV00486,127,77979
7811,EV00942,146,799301
7811,EV01542,146,992986
7811,EV00542,150,40406
7811,EV01590,154,35402
7812,EV00372,123,267877
7812,EV01575,143,12368
7812,EV01313,152,691564
7812,EV01661,156,838990
7812,EV01403,169,1056903
7812,EV01291,170,74496
7813,EV00691,169,286856
7813,EV00223,217,12443292
7813,EV00068,227,8805200
7813,EV00296,267,2902068
7814,EV00427,71,73971
7814,EV00462,151,2267209
7815,EV01048,117,556491
7815,EV01628,152,79086
7815,EV01339,166,844029
7815,EV00496,180,81294
7815,EV00539,187,628190
7815,EV00009,266,30426942
7816,EV01936,35,6155852
7816,EV01481,93,364883
7816,EV01202,103,71922
7816,EV01037,208,85669
7816,EV00298,213,3237524
7817,EV01801,131,84652
7817,EV00501,137,127308
7817,EV00964,171,425180
7817,EV00030,301,7908407
7818,EV00450,92,1307439
7818,EV01442,141,455199
7818,EV01385,143,44348
7818,EV00774,172,3362850
7818,EV01518,177,399132
7818,EV01778,186,71665
7818,EV00096,245,81119
7818,EV00149,260,4292207
7819,EV01277,123,31716
7819,EV00837,131,83471
7819,EV00126,227,2167193
7820,EV00444,110,126924
7820,EV01039,119,18006
7820,EV01033,132,440253
7820,EV01723,135,452016
7820,EV01688,151,58942
7820,EV01487,157,82424
7820,EV00213,247,23818105
7821,EV01519,101,78103
7821,EV01345,123,8662
7821,EV01500,129,86348
7821,EV01609,147,58811
7821,EV00223,285,32287789
7822,EV01955,1,3221834
7822,EV01923,59,1817442
7822,EV00725,101,918709
7822,EV01093,128,611683
7822,EV01289,138,20158
7822,EV00110,240,11649681
7823,EV01119,93,1176319
7823,EV00726,130,326034
7825,EV00895,138,208671
7826,EV01523,103,432018
7826,EV00584,115,56104
7826,EV00298,244,4282534
7827,EV01634,171,440310
7827,EV01414,189,39260
7827,EV01234,220,224820
7827,EV00023,245,9704211
7828,EV00975,94,309422
7828,EV00438,152,668945
7828,EV00093,261,2182909
7829,EV01518,153,276529
7829,EV01780,167,85198
7830,EV00720,122,93062
7830,EV01654,127,709098
7830,EV01641,128,207579
7830,EV01680,182,430265
7831,EV00579,83,170882
7831,EV01277,115,156393
7831,EV00362,122,2903179
7831,EV00607,135,77224
7832,EV01815,127,160830
7832,EV00571,128,1035687
7832,EV00992,140,445569
7832,EV01661,140,893968
7832,EV00805,142,239175
7833,EV00189,157,4085363
7834,EV01465,78,63209
7834,EV01658,154,3711542
7834,EV01656,161,101216
7834,EV01415,177,1253895
7834,EV01390,180,814016
7834,EV00118,215,31010461
7835,EV00879,157,559065
7835,EV01321,172,576168
7835,EV01368,175,1158076
7835,EV00175,235,9577072
7835,EV00203,268,1142496
7836,EV01633,126,35472
7836,EV00734,132,12784
7836,EV00745,164,78547
7837,EV00723,75,9548
7837,EV00440,106,1837317
7837,EV01327,123,96971
7837,EV01498,145,134933
7837,EV01600,151,12325
7837,EV01039,154,106541
7837,EV01702,205,66663
7838,EV01813,144,1724915
7838,EV01211,166,45368
7838,EV01651,174,122442
7839,EV00722,136,59199
7839,EV00652,200,3194431
7840,EV00624,154,38052
7840,EV01099,191,523715
7841,EV00360,98,914429
7841,EV00790,102,84706
7841,EV00946,108,55789
7841,EV01580,121,112121
7842,EV01235,127,192403
7842,EV00699,161,38574
7842,EV01275,167,638755
7842,EV01646,196,96809
7843,EV01784,122,37390
7843,EV01125,139,331864
7843,EV00510,163,869538
7843,EV01277,181,83586
7844,EV00939,105,848622
7844,EV00470,118,17620
7845,EV01646,139,34159
7845,EV01394,143,403252
7845,EV01732,169,31784
7845,EV00298,247,5219179
7846,EV01006,126,482409
7846,EV00493,169,219493
7847,EV01846,21,805987
7847,EV00354,170,380753
7848,EV00692,113,742089
7848,EV00717,122,17317
7848,EV00113,236,2425541
7849,EV00884,127,1796875
7849,EV01404,137,267847
7849,EV01418,183,592984
7849,EV00106,206,7687489
7850,EV00923,93,96252
7850,EV01629,102,236203
7850,EV01746,113,3105625
7850,EV01167,114,20256
7850,EV00665,131,92797
7850,EV01020,157,343465
7850,EV01003,165,8422087
7850,EV01770,184,205506
7850,EV00857,215,527433
7851,EV00603,115,313830
7851,EV01170,119,1482025
7852,EV01615,109,622946
7852,EV00615,122,440728
7852,EV00326,148,61109
7852,EV01627,153,117144
7852,EV01158,169,176043
7852,EV00039,215,2873698
7852,EV01939,353,1337177
7853,EV01526,135,42206
7853,EV01672,146,83581
7853,EV00306,177,58921968
7853,EV00901,182,212907
7854,EV01919,43,832875
7855,EV01488,151,96686
7855,EV01651,174,161129
7855,EV00024,296,17438998
7856,EV01717,60,73986
7856,EV01105,101,68221
7856,EV01228,103,6549
7856,EV00665,141,107189
7856,EV01230,215,117597
7857,EV00363,117,47528
7857,EV01528,240,317925
7857,EV00149,249,3722761
7859,EV00940,143,894397
7859,EV01557,176,139602
7860,EV01654,60,1467558
7860,EV01274,89,40046
7860,EV01183,156,51816
7860,EV00387,170,896234
7860,EV01651,183,482810
7860,EV00003,237,2695959
7860,EV00158,256,3204198
7861,EV01063,60,933981
7861,EV01155,93,1314511
7861,EV00884,134,642420
7861,EV01681,175,61865
7861,EV00827,188,2225236
7862,EV01038,114,2616803
7862,EV00569,128,146202
7862,EV00579,143,438643
7862,EV00303,234,1835394
7863,EV01944,17,6810279
7863,EV00967,124,62739
7863,EV00327,187,188158
7864,EV00460,138,2787195
7864,EV00540,157,91666
7865,EV01623,90,43492
7865,EV00848,115,18856
7865,EV00755,117,114296
7865,EV00400,146,943782
7865,EV01766,154,303905
7865,EV01103,195,206182
7866,EV01488,120,105407
7867,EV00331,135,1103824
7867,EV01421,149,40623
7867,EV01656,181,139244
7867,EV01671,182,122288
7867,EV00164,255,14869096
7868,EV01254,120,1187766
7868,EV01110,127,49468
7868,EV01745,140,101859
7868,EV01757,146,65476
7868,EV00211,227,16833436
7868,EV00299,245,8234584
7869,EV00440,138,1795511
7869,EV00386,174,807950
7869,EV01570,175,124998
7870,EV00808,96,126824
7870,EV01533,106,165781
7870,EV01368,127,270692
7870,EV00751,143,29170
7870,EV01365,145,66016
7870,EV01651,151,116371
7870,EV00846,166,725643
7871,EV01006,124,135416
7871,EV00034,258,108183692
7871,EV00298,269,4097936
7872,EV01691,194,938705
7873,EV01693,107,278292
7873,EV01100,141,41629
7873,EV01339,159,416648
7873,EV00783,178,60793
7874,EV00918,111,698044
7874,EV01240,116,1315478
7875,EV01076,161,44320
7875,EV00247,255,5568545
7875,EV00120,285,8941371
7876,EV00658,142,742394
7876,EV00577,186,28919
7877,EV01509,78,61422
7877,EV00620,115,161556
7877,EV00569,130,157033
7878,EV00655,121,211823
7878,EV00548,159,60297
7879,EV01662,89,451693
7880,EV01063,108,669984
7880,EV00512,116,223849
7880,EV01487,197,52653
7880,EV00288,223,619088
7880,EV00282,257,17766170
7881,EV01111,122,104030
7881,EV01383,146,1072013
7881,EV00933,158,94068
7881,EV00965,169,600300
7881,EV01044,217,59846
7882,EV01010,178,383554
7882,EV00559,226,64414
7883,EV00550,111,431169
7883,EV01797,146,27013
7883,EV00939,175,953047
7883,EV01675,193,17855
7884,EV01715,86,284400
7884,EV00729,132,148449
7884,EV01225,141,1556345
7884,EV00068,233,3391404
7884,EV00288,244,1016978
7885,EV00939,170,2051956
7886,EV01845,12,1482339
7886,EV01545,117,39025
7886,EV01427,153,298306
7887,EV00954,122,64384
7887,EV00972,149,3620743
7887,EV00306,241,47171483
7887,EV00224,287,6974148
7888,EV00441,142,7602
7888,EV00882,178,507083
7889,EV00387,109,731411
7890,EV01093,115,2086067
7890,EV00773,143,284941
7890,EV01685,158,255746
7891,EV01424,71,2563368
7891,EV01075,79,24671
7891,EV00799,91,223265
7891,EV00968,98,135518
7891,EV00382,122,23633
7891,EV01289,142,34438
7891,EV00394,164,142009
7891,EV00172,278,65204827
7892,EV00769,91,524292
7892,EV01190,116,413667
7892,EV00740,126,7748375
7892,EV00548,179,41126
7892,EV00881,181,758646
7892,EV00246,258,7704320
7892,EV00301,304,5431438
7893,EV01375,82,93895
7893,EV01760,165,27110
7893,EV00130,211,3703836
7894,EV01430,116,365302
7894,EV00326,129,35919
7894,EV00896,163,117630
7894,EV00523,165,1026583
7894,EV01303,215,48498
7894,EV00046,248,10197768
7895,EV01190,164,651952
7895,EV00641,187,986467
7895,EV01001,195,68621
7895,EV00638,220,497408
7896,EV00960,104,530517
7896,EV00718,106,31630
7896,EV01170,126,1336857
7896,EV01120,186,341797
7897,EV01958,12,1312761
7897,EV01034,143,363360
7897,EV00299,228,4497052
7897,EV00026,256,6408737
7898,EV01464,103,61982
7898,EV00600,167,42532
7898,EV00270,214,12070394
7899,EV00614,100,720859
7899,EV01798,139,642905
7900,EV01181,91,83901
7900,EV00657,118,106686
7900,EV01796,194,221423
7901,EV00479,126,34603
7902,EV01967,58,196846
7902,EV00435,129,159459
7902,EV00128,250,45840859
7903,EV01008,99,2451426
7903,EV00361,125,119397
7903,EV00535,166,103906
7903,EV00728,176,556389
7903,EV01070,179,71966
7903,EV00191,252,1780413
7904,EV00879,60,165687
7904,EV01413,91,160381
7904,EV01451,99,168014
7904,EV01809,100,1204342
7904,EV01259,150,171054
7904,EV00847,162,30650
7904,EV01289,186,8388
7905,EV01961,25,1957937
7905,EV01414,94,26727
7905,EV00251,248,33736303
7906,EV00391,156,119875
7906,EV00010,261,15480709
7906,EV00187,280,94906540
7907,EV01695,105,1238162
7907,EV00882,200,1291132
7908,EV00323,103,273886
7908,EV00792,131,98982
7908,EV01658,136,1833954
7908,EV01649,152,262436
7909,EV01687,158,391285
7909,EV00317,250,1806130
7909,EV00017,259,1178828
7910,EV01487,137,92203
7911,EV01930,69,281637
7911,EV00989,87,436697
7911,EV01116,113,23902
7911,EV00577,129,12899
7911,EV01079,131,187057
7911,EV00833,160,159401
7912,EV01290,132,110683
7912,EV00855,147,3034683
7913,EV00738,160,351116
7914,EV01543,126,2984030
7914,EV01207,130,1251491
7914,EV01304,176,108226
7915,EV01810,104,33976
7915,EV00947,133,116100
7915,EV00767,136,16726
7915,EV00786,153,114483
7916,EV01863,32,219794
7916,EV01074,106,363444
7916,EV01654,130,3423830
7916,EV00026,261,978662
7917,EV01573,150,169041
7917,EV00383,156,30319
7917,EV00116,231,2671098
7918,EV01782,90,673869
7918,EV01227,104,1034414
7918,EV01414,137,29677
7918,EV01500,138,45527
7919,EV01617,118,84118
7919,EV01665,129,581523
7919,EV01023,197,229560
7920,EV01764,81,1230430
7920,EV01484,111,664812
7920,EV00436,174,137516
7920,EV00705,192,375990
7921,EV01675,144,19756
7922,EV00394,116,222612
7922,EV01469,150,1311485
7922,EV01292,152,534535
7922,EV00207,284,14673042
7923,EV01213,85,1556057
7923,EV00225,247,745600
7923,EV00275,279,17851465
7924,EV01778,117,50108
7924,EV01037,128,122580
7924,EV01421,133,83455
7924,EV01078,182,440850
7924,EV00896,189,325956
7924,EV01623,205,58331
7925,EV00738,123,343170
7925,EV01238,126,363447
7925,EV01273,134,154801
7925,EV01086,166,64517
7926,EV00079,230,1630422
7926,EV00052,258,58833976
7927,EV00790,139,131708
7927,EV00532,142,384256
7927,EV01575,150,19460
7927,EV00076,205,2247238
7928,EV01552,109,197728
7928,EV01251,154,378203
7928,EV00883,157,51205
7928,EV01276,186,43330
7929,EV00479,151,89083
7929,EV01271,166,79020
7929,EV00288,211,761424
7930,EV00385,121,52282
7930,EV01505,138,331917
7930,EV01641,149,269022
7930,EV01385,150,71605
7930,EV00690,157,38823
7931,EV00896,118,203441
7931,EV00764,146,561412
7931,EV00504,159,298088
7932,EV01634,136,393108
7933,EV01659,115,83086
7933,EV01770,153,459792
7933,EV00238,271,30238810
7934,EV00549,131,358698
7934,EV00699,149,96595
7935,EV01803,144,45579
7935,EV01539,145,172691
7935,EV01224,162,1052484
7935,EV00472,168,8096
7936,EV01580,77,81028
7937,EV01715,71,113963
7937,EV01391,107,809197
7937,EV00731,120,1898492
7937,EV01067,128,116865
7937,EV00431,140,65857
7937,EV00999,155,2910073
7937,EV00666,182,92141
7938,EV01954,9,4009752
7938,EV00526,70,663764
7938,EV00865,117,2559923
7938,EV00399,181,148833
7938,EV00222,244,2209976
7939,EV01101,163,3006817
7940,EV01100,111,12155
7940,EV01424,149,1598546
7940,EV01653,173,74128
7940,EV00560,184,205212
7941,EV01148,83,1103067
7941,EV01307,93,685795
7941,EV01526,108,49669
7941,EV01558,154,173451
7941,EV00928,170,20882
7941,EV00301,298,6961596
7942,EV00372,78,248856
7942,EV01122,132,1969915
7942,EV00189,244,2590639
7943,EV01884,17,686035
7943,EV01264,99,1606684
7943,EV01327,99,63774
7943,EV01168,110,31666
7943,EV01744,110,22022
7943,EV01230,145,165831
7943,EV00565,188,36918
7943,EV00255,251,6839709
7944,EV01693,60,125501
7944,EV01103,152,123146
7944,EV01225,170,2937058
7944,EV00211,237,31707826
7945,EV01244,101,141688
7945,EV00941,149,38934
7945,EV00380,223,215253
7946,EV00568,73,328511
7946,EV01332,87,669072
7946,EV00699,165,88094
7946,EV00313,202,53117451
7947,EV00742,110,909528
7947,EV00754,143,274989
7948,EV00819,105,76032
7948,EV00399,178,279913
7949,EV00426,84,484335
7949,EV00366,107,577616
7949,EV01076,108,46165
7949,EV00779,111,49729
7949,EV01237,155,50979
7949,EV00032,251,23464778
7949,EV00135,256,19101895
7950,EV01332,133,992557
7950,EV01696,162,2954000
7950,EV00089,221,696930
7951,EV00447,90,411704
7951,EV01384,113,32156
7951,EV00383,164,51559
7951,EV00883,171,158211
7951,EV01700,205,2886889
7951,EV01072,206,1198561
7951,EV00076,285,1799521
7952,EV01693,89,97602
7952,EV00383,105,26264
7952,EV01031,123,201641
7952,EV01172,147,142070
7952,EV01557,158,152784
7952,EV00964,182,395814
7952,EV00202,267,1395320
7952,EV01825,354,913655
7953,EV01552,60,146091
7953,EV01492,124,1456291
7953,EV01700,157,2662903
7953,EV00399,167,86520
7953,EV00513,183,52214
7953,EV00286,292,28030005
7954,EV00837,135,44026
7954,EV00758,145,315869
7954,EV01585,146,750562
7954,EV01198,170,67399
7954,EV00815,190,1414714
7955,EV00386,98,196700
7955,EV00879,115,448193
7955,EV00744,130,182721
7955,EV00863,136,393762
7955,EV01281,150,211091
7955,EV00742,168,554987
7956,EV00399,131,210335
7956,EV00435,191,637732
7956,EV00165,266,5840983
7957,EV00625,101,5446162
7957,EV00502,202,654563
7957,EV00017,279,2333925
7958,EV01079,126,54407
7958,EV01188,169,570162
7958,EV00413,178,172129
7958,EV00158,236,5683968
7959,EV00712,115,316232
7959,EV01045,139,1928272
7959,EV00164,272,8247747
7960,EV01512,85,603921
7960,EV01165,133,442750
7961,EV01677,60,324310
7961,EV01052,78,28414
7961,EV01697,111,720218
7962,EV01590,143,26084
7962,EV00151,227,15822359
7962,EV00228,236,224839537
7963,EV01288,141,386346
7963,EV01422,147,38862
7963,EV01084,172,301590
7963,EV00061,260,19105507
7963,EV00106,265,7730430
7964,EV01306,101,58019
7964,EV00751,127,34770
7964,EV01186,182,2864754
7965,EV01414,122,22974
7965,EV00837,143,47981
7965,EV00431,151,103160
7965,EV00643,187,3253566
7965,EV00716,212,1499808
7966,EV01778,123,28109
7966,EV00492,137,825698
7966,EV00552,197,607489
7967,EV01029,128,123866
7967,EV01793,141,21703
7967,EV00842,149,91578
7967,EV00116,245,4290422
7967,EV00211,245,14071438
7968,EV01811,97,42431
7968,EV01204,134,44236
7968,EV00674,158,83459
7968,EV01778,203,51209
7969,EV01088,117,200662
7969,EV01373,129,212964
7971,EV01427,156,66893
7971,EV01404,176,613542
7971,EV00164,230,18229535
7972,EV01715,79,128045
7973,EV00612,104,27459
7973,EV00775,109,184238
7973,EV00366,112,868796
7973,EV00941,125,32302
7973,EV01128,133,129809
7973,EV01615,150,570627
7973,EV00536,160,17977
7973,EV00177,183,7189392
7974,EV01108,127,106441
7974,EV01557,130,67063
7974,EV00779,131,87977
7974,EV01557,155,67120
7974,EV00405,159,133836
7974,EV00890,179,76677
7975,EV01068,69,334894
7975,EV01647,87,387589
7975,EV01815,147,150629
7975,EV00262,232,3923781
7975,EV00154,263,30915008
7976,EV01112,134,548900
7976,EV01575,154,66867
7976,EV01744,154,38113
7976,EV01580,191,101222
7977,EV01983,15,3538365
7977,EV01028,111,645317
7977,EV00681,129,413356
7977,EV01460,134,101576
7977,EV01634,134,281945
7977,EV01110,182,59158
7978,EV01961,15,1300572
7978,EV00881,142,1039934
7978,EV00046,227,1388510
7978,EV00073,259,15322793
7979,EV00661,115,395810
7979,EV01640,137,123921
7979,EV00162,255,21200425
7980,EV00983,143,239053
7980,EV00700,176,202627
7980,EV00477,182,386693
7980,EV00171,245,13152265
7981,EV00881,135,298005
7981,EV00717,142,75871
7981,EV01747,147,99973
7981,EV00476,156,125110
7981,EV00637,167,257874
7981,EV00211,240,20435619
7982,EV01262,117,70220
7982,EV00702,132,1958501
7982,EV00318,227,8294252
7983,EV00896,74,175262
7983,EV01346,121,75485
7983,EV00083,271,5072774
7984,EV00615,154,735628
7984,EV01416,180,1268749
7984,EV00121,240,10017627
7985,EV01292,88,489021
7985,EV00580,89,20119
7985,EV00655,139,61067
7985,EV00821,166,40959
7986,EV01838,2,2175648
7986,EV00662,138,183057
7986,EV00720,140,20487
7986,EV01226,153,86193
7986,EV01332,158,454743
7986,EV00323,179,446165
7987,EV00890,182,55573
7988,EV01810,89,41510
7988,EV00363,111,57369
7988,EV00698,134,816913
7988,EV00915,134,236028
7988,EV01672,195,111929
7989,EV01183,151,68780
7990,EV00717,129,56421
7990,EV00583,153,95499
7990,EV00641,166,1732267
7990,EV01090,193,301172
7990,EV01398,200,363480
7990,EV01747,214,158515
7990,EV01359,216,742586
7990,EV00216,261,359753
7991,EV00420,95,1100449
7991,EV01346,120,72686
7991,EV00225,197,3704743
7992,EV00546,166,126699
7992,EV00696,193,512429
7992,EV00285,252,45147090
7993,EV01023,99,122769
7993,EV01274,102,6712
7993,EV01026,113,1369030
7993,EV01335,114,4883191
7993,EV01712,219,135319
7994,EV01000,141,20383
7994,EV01570,161,94137
7994,EV01381,194,908303
7995,EV00496,114,40128
7995,EV01676,132,795739
7995,EV00375,147,155026
7995,EV00001,280,362266
7996,EV00651,113,355982
7996,EV01685,116,59674
7996,EV01292,131,140303
7996,EV01634,149,137137
7996,EV00819,168,137845
7996,EV00703,170,202917
7997,EV01954,51,2135646
7997,EV01304,112,101542
7998,EV00416,119,1058100
7998,EV01180,123,186657
7998,EV00604,143,444115
7999,EV01539,145,87793
7999,EV01557,148,58083
7999,EV01034,152,1728719
7999,EV00840,210,105335
8000,EV00655,147,202872
8000,EV00214,244,7514431
8001,EV01728,107,300511
8001,EV01528,134,181376
8001,EV01701,138,25178
8001,EV01609,142,25413
8001,EV01766,169,660180
8001,EV00471,190,1854459
8002,EV00618,138,1109830
8002,EV01511,162,312231
8002,EV00720,172,32743
8003,EV01565,60,680482
8003,EV00594,83,19347
8003,EV01134,151,115327
8004,EV00981,107,97293
8004,EV00970,128,307224
8004,EV00493,147,98430
8004,EV01569,189,1695595
8004,EV00246,298,3355554
8005,EV01019,114,373970
8005,EV01141,209,34270
8006,EV01306,122,66961
8006,EV01071,164,2301490
8006,EV00589,185,471989
8007,EV01787,134,92871
8007,EV01789,135,85963
8008,EV00615,74,1262484
8008,EV00969,92,57774
8008,EV00683,101,194126
8008,EV01752,116,126394
8008,EV01760,123,51569
8008,EV01806,129,84701
8008,EV01201,183,69841
8009,EV00957,95,398389
8009,EV01225,113,1880044
8009,EV00973,131,100744
8009,EV01475,135,5772259
8010,EV01788,84,47337
8010,EV00039,242,1649965
8011,EV01770,125,438507
8011,EV00687,145,188792
8011,EV01751,147,267242
8011,EV01801,164,120362
8011,EV00762,212,370551
8012,EV01535,87,412965
8012,EV00499,104,24383
8012,EV01395,123,21459
8012,EV00583,131,74080
8012,EV00925,202,1901452
8012,EV00075,268,35916656
8013,EV00503,153,199877
8013,EV01578,160,70172
8014,EV00651,100,363990
8014,EV00089,247,217755
8015,EV00931,91,89031
8015,EV01490,97,273274
8015,EV00786,130,33296
8015,EV00710,171,1071308
8015,EV01729,172,938494
8015,EV00592,219,487105
8015,EV00275,221,9885736
8016,EV00983,121,199327
8016,EV01142,156,120792
8016,EV01261,159,49921
8016,EV00245,299,3709597
8017,EV00883,87,79845
8017,EV00849,134,3401775
8017,EV00075,225,27117466
8018,EV01846,6,1008890
8018,EV01310,152,17822
8018,EV00363,156,100667
8018,EV01090,162,76716
8018,EV01452,199,349012
8018,EV01780,210,31381
8019,EV01717,122,73256
8019,EV00470,137,29545
8019,EV00339,140,886950
8019,EV00099,231,4184243
8019,EV00303,237,1324911
8020,EV01984,12,577874
8020,EV01487,115,60798
8020,EV00502,161,1282780
8020,EV00981,168,135755
8020,EV01651,200,63508
8021,EV01618,130,30166
8021,EV00856,148,1880774
8021,EV00760,167,70805
8021,EV01741,183,456442
8022,EV00466,141,79727
8023,EV00615,120,314748
8023,EV01669,171,476389
8023,EV00983,179,109155
8023,EV01688,189,34539
8023,EV00316,257,18255333
8024,EV00368,82,65674
8024,EV00512,93,202725
8024,EV00389,157,415463
8024,EV00345,175,29246
8025,EV00841,105,144357
8025,EV00849,122,5006177
8025,EV00376,134,139203
8025,EV00140,213,593848
8026,EV01110,145,236190
8026,EV01793,165,15637
8027,EV01485,79,32808
8027,EV01788,167,204172
8028,EV00422,112,9382199
8028,EV01274,116,20092
8029,EV00368,177,35945
8029,EV00077,210,33266668
8030,EV01641,93,100291
8030,EV00807,107,99771
8030,EV01795,163,149038
8030,EV00220,245,49588854
8030,EV00043,300,6457975
8031,EV01812,77,228016
8031,EV00803,141,81694
8031,EV00942,167,1188030
8032,EV00921,102,3845319
8032,EV01383,123,717129
8032,EV01728,168,1655723
8032,EV00288,231,361129
8033,EV00786,60,40007
8033,EV00776,100,1281258
8033,EV01379,149,53633
8033,EV00045,271,9917607
8034,EV01158,89,296629
8034,EV00838,130,528723
8034,EV00746,150,256762
8034,EV00720,165,57703
8034,EV00688,188,2829435
8035,EV01572,166,39551
8035,EV01030,174,295392
8035,EV00158,294,2584765
8036,EV01664,138,3422893
8036,EV01665,140,497887
8036,EV00564,148,3528716
8036,EV00112,304,1121253
8038,EV01484,82,406748
8038,EV01052,150,18273
8038,EV00367,165,4677902
8039,EV00557,163,43316
8040,EV00458,74,9193528
8040,EV00203,247,3959743
8041,EV00476,98,92136
8041,EV00879,99,162595
8041,EV00820,142,1054521
8041,EV01003,145,10753554
8042,EV00565,114,47946
8042,EV00989,114,224295
8042,EV00595,119,161678
8042,EV01134,120,160256
8042,EV01029,156,95651
8042,EV01777,178,75166
8042,EV00288,278,1030238
8043,EV01653,130,76573
8043,EV01693,148,318828
8043,EV00312,214,11504741
8043,EV01933,348,796743
8044,EV01262,100,136215
8044,EV01508,118,557004
8044,EV01507,156,1183347
8044,EV00548,162,38184
8044,EV00314,283,41399557
8045,EV00761,103,181032
8045,EV01793,104,26234
8045,EV00143,231,59367438
8045,EV00313,236,91320582
8046,EV00376,91,151553
8046,EV00658,104,981827
8046,EV01760,161,11244
8047,EV00947,106,95703
8047,EV00848,157,25848
8048,EV01026,129,767708
8048,EV01691,132,830746
8048,EV00850,139,155389
8048,EV00451,177,122839
8048,EV00476,184,97679
8048,EV00491,192,197326
8048,EV00250,246,692995
8049,EV01784,149,28899
8049,EV01809,187,879554
8049,EV00312,255,6161727
8050,EV01737,82,1181103
8050,EV00848,110,15278
8050,EV01717,162,71752
8050,EV00082,265,5064404
8051,EV01110,114,75389
8051,EV01076,120,70391
8051,EV01328,126,193998
8051,EV00446,129,234014
8051,EV01382,157,107641
8051,EV00476,185,186186
8051,EV01518,206,302988
8051,EV00068,267,7969806
8052,EV01709,135,353312
8052,EV00883,179,208545
8052,EV00258,230,20920006
8053,EV00714,119,177583
8053,EV01262,124,66720
8053,EV01549,145,159092
8053,EV00696,184,984805
8053,EV00655,207,216942
8054,EV01187,131,172075
8054,EV00604,157,492571
8054,EV00026,250,693225
8055,EV01250,106,16584
8055,EV00363,118,56838
8055,EV01010,137,159627
8055,EV01427,137,64724
8055,EV01428,144,179940
8055,EV01273,166,59163
8056,EV01429,133,42584
8056,EV00463,155,37128
8057,EV00651,72,363187
8057,EV00757,136,181700
8057,EV00365,161,270461
8057,EV01772,177,42194
8058,EV00557,116,173039
8058,EV01524,130,504860
8058,EV00758,168,1330004
8059,EV00555,159,442964
8059,EV01413,186,108680
8060,EV01760,119,24721
8060,EV01803,147,31019
8060,EV01111,171,72770
8060,EV01231,184,103053
8061,EV01382,101,137072
8061,EV00068,261,11376079
8062,EV00427,135,20991
8062,EV01419,162,467375
8063,EV01104,95,395932
8063,EV01745,109,124436
8063,EV00841,173,86492
8063,EV00104,317,5207285
8064,EV01766,169,616129
8064,EV01328,186,88699
8065,EV00711,68,649335
8065,EV01783,99,333120
8065,EV00943,131,587417
8066,EV00740,147,1477724
8066,EV00758,152,645148
8067,EV01204,87,50450
8067,EV00841,109,56033
8067,EV00115,266,2427527
8068,EV01862,5,594914
8068,EV00896,103,284027
8068,EV00401,106,1804317
8068,EV01277,148,49729
8068,EV01090,181,128524
8068,EV00312,200,7087943
8069,EV01076,135,74287
8069,EV00790,137,79533
8069,EV00253,243,5065271
8069,EV00078,259,9892633
8070,EV01932,22,564012
8070,EV00715,201,123663
8071,EV01722,87,127591
8071,EV00385,109,72424
8071,EV00752,134,892539
8071,EV01373,135,185819
8072,EV01561,128,78460
8072,EV00674,145,17261
8072,EV00532,159,259458
8073,EV01273,115,165073
8073,EV01447,149,114833
8073,EV00003,222,3502426
8074,EV01671,60,179234
8074,EV00639,169,1948026
8074,EV00720,185,44796
8075,EV00644,114,5993900
8075,EV01240,123,879378
8075,EV00720,124,75786
8075,EV01014,127,46070
8075,EV01801,137,81329
8075,EV00594,142,47277
8075,EV01634,170,474135
8075,EV01627,179,44188
8075,EV01481,197,431124
8075,EV00210,219,59340997
8075,EV00010,233,3752558
8076,EV01808,65,263550
8076,EV01755,125,409161
8076,EV01051,135,1636588
8076,EV01680,144,88056
8076,EV00376,160,74913
8076,EV01694,183,79951
8076,EV00106,221,5398794
8077,EV00841,168,115253
8077,EV01422,168,60819
8077,EV00046,216,8158973
8078,EV00882,96,527829
8078,EV01633,118,12032
8079,EV00473,142,925681
8079,EV00751,144,15224
8080,EV01614,110,821545
8080,EV01211,181,42557
8080,EV01086,190,265371
8080,EV00021,230,1474197
8081,EV00439,60,211473
8081,EV00512,105,676320
8081,EV01754,127,811310
8081,EV01616,130,5643
8082,EV01766,107,444495
8082,EV01791,138,64564
8082,EV01449,151,170533
8082,EV01074,153,386287
8082,EV00468,187,4720310
8082,EV00687,218,297193
8082,EV00141,240,7877212
8083,EV01273,72,301283
8083,EV01187,113,198697
8083,EV00684,114,278751
8083,EV00820,116,3268557
8083,EV01431,127,3550359
8083,EV01528,132,210789
8084,EV00705,113,204923
8084,EV01248,159,187846
8084,EV01661,202,283551
8084,EV01001,218,138448
8084,EV01672,229,85507
8085,EV01079,101,47294
8085,EV01360,138,558216
8085,EV01766,140,620793
8086,EV01698,78,344482
8086,EV00764,126,502893
8086,EV01099,152,512672
8086,EV00602,157,78897
8086,EV01427,163,164766
8086,EV00225,226,3995795
8086,EV00680,240,836289
8086,EV00684,240,233839
8087,EV01700,107,3477476
8087,EV00631,134,132598
8087,EV00895,163,430715
8088,EV01107,132,154632
8088,EV01136,150,304306
8088,EV00786,166,144549
8089,EV00722,115,47096
8089,EV00809,117,208446
8089,EV01321,140,262585
8089,EV01272,150,328656
8089,EV01156,181,737404
8089,EV00093,258,717568
8089,EV00168,282,1983728
8090,EV00848,73,11028
8090,EV00365,127,305424
8090,EV01127,159,132068
8090,EV00790,177,81222
8090,EV01360,201,218006
8091,EV01292,114,1012091
8091,EV01421,135,129018
8091,EV01788,150,143145
8091,EV01501,185,352951
8091,EV01044,187,219628
8092,EV00636,63,155927
8092,EV01360,96,563863
8092,EV00761,131,862602
8093,EV00326,99,129597
8093,EV00942,128,632383
8093,EV00803,136,155594
8093,EV00896,137,128136
8093,EV01432,175,528836
8093,EV00216,211,1089367
8094,EV01387,138,126559
8094,EV01747,229,234236
8095,EV00508,149,320861
8095,EV00944,161,1381600
8095,EV00416,212,990928
8096,EV01660,128,722119
8096,EV00264,261,1890722
8097,EV00809,88,210705
8097,EV01515,136,82677
8097,EV00206,262,671561
8098,EV01332,144,486908
8098,EV00550,162,581564
8098,EV00880,177,9967227
8098,EV00037,205,2060020
8098,EV00010,256,11807081
8099,EV00416,130,1595233
8099,EV00841,152,196334
8099,EV00412,164,424045
8099,EV00026,191,1213789
8100,EV01754,138,1424780
8100,EV00953,169,105476
8100,EV00428,171,532141
8101,EV01886,7,564057
8101,EV00638,108,341306
8101,EV01609,145,73427
8101,EV01382,167,84135
8101,EV00614,175,568529
8101,EV00655,195,197311
8102,EV01255,83,763405
8102,EV01782,100,1322065
8102,EV01484,103,425201
8102,EV01581,205,276742
8103,EV00915,88,135432
8103,EV00975,129,220470
8103,EV00655,170,271416
8103,EV00093,205,2922959
8103,EV00249,231,1351066
8103,EV00281,242,5133084
8104,EV00896,148,185895
8104,EV01656,158,131874
8104,EV00299,202,5162963
8105,EV01034,179,375520
8105,EV00251,253,22596468
8106,EV01687,99,664324
8107,EV00742,147,1835684
8108,EV01563,104,164835
8108,EV00734,140,27533
8109,EV01017,151,362487
8110,EV01794,82,95434
8110,EV00428,152,221445
8110,EV00717,161,97631
8110,EV01310,161,16747
8110,EV01761,177,319810
8111,EV00574,132,1166729
8111,EV01043,138,876601
8111,EV00838,177,876602
8111,EV01721,194,114521
8112,EV01501,99,363052
8112,EV01766,108,624261
8112,EV00206,281,1989580
8113,EV00774,145,1727761
8113,EV00920,152,99816
8113,EV01208,165,82914
8113,EV00026,244,1321399
8115,EV01752,114,37457
8115,EV00412,156,175089
8115,EV00093,263,504747
8116,EV01414,136,27293
8117,EV00537,116,54859
8117,EV01095,148,226320
8117,EV00769,156,543850
8118,EV01368,116,188912
8118,EV00375,119,181221
8118,EV01059,121,81961
8118,EV01052,187,43801
8119,EV00817,132,2219438
8120,EV01854,16,433286
8120,EV01498,112,112961
8120,EV01699,180,65276
8120,EV01020,211,293736
8120,EV00250,249,1103796
8120,EV00126,264,3706146
8121,EV01851,42,296435
8122,EV01791,62,38361
8122,EV01023,124,249653
8122,EV00852,140,211727
8122,EV00478,156,23222
8122,EV00834,174,2593845
8123,EV01399,155,275138
8123,EV00975,156,291038
8123,EV01052,171,75160
8123,EV00035,228,5101854
8124,EV00376,105,68706
8124,EV00391,144,93405
8125,EV00450,85,1592701
8125,EV00574,90,527442
8125,EV01111,95,55479
8125,EV01186,116,5230394
8125,EV01228,169,32928
8126,EV00970,118,188514
8126,EV01752,170,25363
8126,EV00312,265,6327076
8126,EV00226,271,1476519
8127,EV01869,17,1295256
8127,EV00363,104,20618
8127,EV00682,110,27540
8127,EV01706,110,1426086
8127,EV01414,166,6654
8127,EV00298,216,2531319
8127,EV00213,272,27079212
8128,EV00787,111,306963
8128,EV01328,120,396172
8128,EV01805,138,601278
8128,EV01310,156,33156
8128,EV00738,163,418769
8128,EV00146,198,5002770
8128,EV00161,284,877685
8129,EV01112,105,472537
8129,EV00423,117,244579
8129,EV00854,136,228277
8130,EV01288,129,346927
8130,EV01551,149,55430
8130,EV01120,163,142576
8131,EV01341,122,89649
8132,EV00351,108,604752
8133,EV01581,81,250025
8133,EV00281,244,7491448
8133,EV00238,289,37874817
8133,EV00115,304,1637948
8134,EV00566,97,158982
8134,EV00819,108,45704
8134,EV00746,156,345521
8135,EV01650,117,278993
8135,EV01374,119,235702
8135,EV01656,139,100930
8135,EV01596,151,2764361
8136,EV01610,143,463132
8136,EV01373,154,76099
8136,EV01254,161,1044215
8136,EV00032,201,19737144
8136,EV00159,270,8151901
8137,EV01190,69,468810
8137,EV01444,98,347625
8137,EV00751,113,11262
8137,EV00650,114,1143560
8137,EV00225,286,1386033
8138,EV00816,110,64895
8138,EV00590,113,6705
8138,EV00334,139,69516
8138,EV00237,291,62891750
8139,EV01701,125,36132
8139,EV01394,190,1089622
8140,EV00862,193,606523
8141,EV01088,134,158457
8141,EV01059,177,45146
8141,EV01134,187,69546
8141,EV00013,212,7655431
8141,EV00983,213,256853
8143,EV00997,132,97984
8143,EV01310,160,42728
8143,EV01036,177,5793796
8144,EV00698,98,145911
8144,EV01580,164,82758
8144,EV01534,181,3844758
8144,EV00123,286,14884287
8145,EV01930,20,277941
8145,EV00510,123,788230
8145,EV00544,140,66337
8145,EV01681,144,212153
8145,EV01691,166,2222884
8145,EV00426,227,470733
8146,EV00431,133,105150
8146,EV01745,166,74348
8146,EV01159,215,1884142
8146,EV00393,216,356931
8147,EV01036,60,4720377
8147,EV01057,129,87023
8147,EV01289,138,34302
8149,EV00727,94,186043
8149,EV01449,144,246444
8149,EV00849,154,2662766
8149,EV00799,180,180570
8149,EV00401,187,1754562
8150,EV00652,104,8689593
8150,EV01354,104,2450216
8151,EV01913,20,971525
8151,EV00624,122,402098
8151,EV00372,149,402333
8152,EV00838,128,745038
8152,EV01656,173,112298
8153,EV01190,117,299371
8153,EV00678,133,1655959
8153,EV00528,161,230354
8153,EV01254,172,999415
8153,EV00800,179,117702
8153,EV00089,265,1397461
8154,EV00571,110,1030610
8154,EV01111,112,100661
8155,EV01427,60,122341
8155,EV01102,122,579659
8155,EV01703,152,46450
8155,EV01333,194,127458
8156,EV01952,54,1333476
8156,EV01052,157,29740
8156,EV00935,180,692136
8157,EV01997,6,2703414
8157,EV00781,103,1702396
8158,EV01612,81,2266169
8158,EV01672,117,94399
8158,EV00376,148,65075
8158,EV00271,236,6036007
8158,EV00010,260,4687039
8159,EV00879,105,392902
8159,EV00745,114,125978
8159,EV00803,141,254466
8159,EV01677,165,301002
8159,EV00259,244,20787920
8159,EV00028,246,23602405
8160,EV01360,121,701735
8160,EV01291,216,35842
8160,EV00291,225,7011246
8161,EV01017,107,333560
8161,EV00438,143,227680
8161,EV00895,145,124984
8161,EV01780,182,61937
8161,EV01603,205,29904
8162,EV01566,141,420378
8162,EV01345,163,51482
8162,EV01627,207,51336
8162,EV00169,211,22244642
8162,EV00045,246,6693259
8163,EV00617,163,375716
8163,EV01028,182,1653491
8163,EV01202,214,95336
8163,EV00304,265,51303397
8163,EV00309,278,9633093
8164,EV01313,116,1713391
8164,EV01551,137,51028
8164,EV01491,145,674751
8164,EV01211,156,132967
8164,EV00884,167,863793
8164,EV00848,188,19383
8165,EV00500,88,167240
8165,EV00767,138,70843
8165,EV01791,161,7793
8165,EV00807,189,237806
8165,EV01663,195,73054
8166,EV01662,112,186357
8166,EV00856,169,806291
8166,EV01635,193,3207412
8167,EV00206,251,2568258
8167,EV00225,285,510916
8168,EV01789,113,80197
8168,EV00677,130,804555
8168,EV01681,204,86764
8168,EV00059,267,5766506
8168,EV00177,290,11748021
8169,EV01273,108,91473
8169,EV01621,147,279154
8169,EV01285,162,395539
8169,EV00754,181,194997
8169,EV00013,275,11010282
8170,EV01235,82,167738
8170,EV00432,128,945593
8170,EV00557,142,97410
8170,EV00204,285,15583958
8171,EV01874,10,387824
8171,EV01428,60,62844
8171,EV00604,76,399773
8171,EV01758,77,84960
8171,EV00887,83,64458
8171,EV00475,138,1253534
8171,EV01198,142,448416
8171,EV00704,151,7294017
8171,EV01569,173,1623880
8171,EV00644,179,6981428
8172,EV00894,67,4612671
8172,EV00375,179,73999
8172,EV00191,258,373871
8172,EV00130,260,4074802
8172,EV01886,360,330932
8173,EV01839,9,2014304
8173,EV01059,76,93313
8173,EV00245,262,12897003
8174,EV00869,152,472766
8174,EV01403,174,579811
8174,EV00134,287,4359452
8175,EV00790,111,108109
8175,EV01589,160,251849
8176,EV01369,109,613640
8176,EV01543,110,3465454
8176,EV01001,129,57124
8176,EV01649,133,156393
8176,EV01274,145,27216
8176,EV01138,159,156373
8176,EV01683,165,127984
8176,EV01580,167,28270
8176,EV01484,193,465974
8177,EV00841,146,51382
8177,EV01427,161,163273
8178,EV00869,115,313286
8178,EV01827,340,1940035
8179,EV01825,42,919562
8179,EV01306,116,104907
8179,EV01343,172,164280
8179,EV00319,269,48134365
8180,EV00206,271,1025197
8181,EV01413,81,142977
8181,EV00703,89,72922
8181,EV00387,154,465895
8181,EV01304,154,117328
8181,EV00941,177,38872
8181,EV00140,262,948115
8182,EV00560,87,1124975
8182,EV00657,142,477860
8182,EV01408,144,143209
8182,EV00104,250,5480788
8182,EV00298,283,5613484
8183,EV00628,79,200075
8183,EV01093,118,797056
8183,EV00742,132,662977
8183,EV01793,139,53706
8183,EV01545,178,7829
8183,EV00203,234,1965714
8183,EV00188,276,9367452
8184,EV01168,121,41854
8184,EV00722,128,92145
8184,EV00476,132,208216
8184,EV00715,143,171053
8184,EV00017,239,793635
8185,EV00941,91,42993
8185,EV00545,166,303261
8186,EV00567,122,313872
8186,EV00712,154,235677
8186,EV01540,174,308549
8187,EV00506,60,19495
8187,EV01803,84,34699
8187,EV01501,137,174322
8187,EV00426,140,383906
8187,EV00348,183,507305
8187,EV00955,202,3038695
8187,EV00019,243,5209350
8188,EV00422,157,5917515
8188,EV00861,158,56745
8188,EV01789,168,97496
8188,EV00819,174,35453
8188,EV00078,237,9957199
8189,EV01421,98,33299
8189,EV00185,243,11413953
8190,EV01474,150,845609
8190,EV00391,184,59738
8190,EV00282,251,10030542
8191,EV01817,127,378048
8191,EV01079,141,119995
8191,EV01416,161,1482901
8191,EV00183,172,8163872
8191,EV00003,198,1782548
8192,EV01054,135,351386
8192,EV01141,148,32062
8192,EV00718,157,16094
8192,EV01160,161,230632
8193,EV01580,166,87977
8194,EV00540,71,13378
8194,EV01556,71,382590
8194,EV00861,172,63262
8194,EV00008,208,12408243
8195,EV00914,95,299404
8195,EV01784,125,22324
8195,EV01744,140,65225
8195,EV00191,254,1044307
8196,EV00473,60,903250
8196,EV01473,87,535486
8196,EV01375,149,106000
8196,EV00075,253,25965275
8197,EV00356,93,539786
8197,EV01198,125,92946
8197,EV01521,146,3357924
8198,EV01362,153,281160
8198,EV00050,262,51188407
8198,EV00017,307,1929657
8199,EV01117,121,322406
8199,EV00950,138,1423975
8199,EV01683,164,93467
8199,EV01565,220,853211
8200,EV01330,98,93461
8200,EV01322,124,28987
8200,EV00682,126,18382
8200,EV00739,145,289064
8200,EV01599,197,32194
8201,EV00685,74,446424
8201,EV00751,132,29848
8202,EV01846,11,466792
8202,EV01306,166,103779
8202,EV00245,183,21907075
8202,EV01578,191,26834
8202,EV00111,249,1158887
8203,EV00854,99,339357
8203,EV01349,149,82195
8203,EV01608,170,84029
8203,EV00840,176,253244
8203,EV01385,178,28787
8203,EV01103,180,122040
8203,EV00068,289,5256422
8204,EV00095,210,159260
8204,EV00247,216,5004856
8204,EV00307,258,10704475
8204,EV00206,295,983682
8205,EV01858,81,2937619
8205,EV00799,139,87543
8206,EV01039,148,59272
8206,EV01383,177,1021446
8206,EV00275,231,12750642
8207,EV01858,41,1359243
8207,EV01608,94,35059
8207,EV01290,172,171130
8207,EV01451,177,103084
8207,EV01166,192,214503
8207,EV01695,193,902329
8208,EV00521,97,533611
8208,EV01617,123,8804
8208,EV00671,142,59814
8208,EV01744,154,79407
8209,EV00534,89,502043
8209,EV01675,110,29807
8209,EV00669,119,332809
8209,EV01551,152,43276
8209,EV00271,246,12182308
8210,EV00445,112,211994
8210,EV01470,116,74329
8210,EV01136,141,2151470
8210,EV00921,152,886314
8211,EV00655,115,237246
8211,EV01789,119,136420
8211,EV01144,144,568549
8211,EV01023,152,224676
8211,EV00321,153,389255
8212,EV01464,95,46432
8212,EV01627,102,93273
8212,EV00515,117,118767
8212,EV00838,169,1026694
8213,EV01190,143,549585
8213,EV01718,143,841235
8213,EV01022,157,181819
8213,EV00904,175,551666
8213,EV00712,201,123462
8213,EV00106,220,10625111
8214,EV00719,109,80544
8214,EV00351,180,265650
8215,EV00512,107,391818
8215,EV01516,150,1202418
8215,EV01261,172,39875
8215,EV00957,175,434338
8215,EV00532,182,434686
8216,EV00985,141,128951
8216,EV01275,154,667005
8216,EV01793,182,34284
8217,EV01669,105,244418
8217,EV01365,108,141260
8217,EV01188,124,486296
8217,EV00216,260,507090
8219,EV01119,95,461531
8219,EV01693,129,227791
8219,EV00861,133,49758
8219,EV01634,224,53839
8219,EV00065,262,32532072
8220,EV01134,125,102435
8220,EV01396,151,378467
8221,EV01158,77,151300
8221,EV01211,141,125517
8221,EV01121,149,187596
8221,EV00407,171,476037
8221,EV01365,177,131652
8222,EV01402,125,755717
8222,EV00773,130,222462
8222,EV01228,162,31348
8223,EV00433,105,1090634
8223,EV01075,171,21997
8224,EV00642,104,343793
8224,EV01809,153,888008
8224,EV01028,179,1089221
8224,EV00672,197,125127
8225,EV01037,85,139048
8225,EV01709,153,616257
8225,EV01289,168,30808
8225,EV00819,189,52655
8226,EV00288,277,401684
8227,EV01367,114,949641
8227,EV01659,125,148415
8227,EV01035,130,1066005
8227,EV00745,141,100157
8227,EV01753,163,16530
8228,EV01755,109,407370
8228,EV00863,136,96634
8228,EV01497,172,159861
8228,EV01565,188,506112
8229,EV00993,87,40232
8229,EV00775,94,832492
8230,EV01448,148,188415
8231,EV00043,226,16882146
8232,EV00863,83,267762
8233,EV00742,79,854356
8233,EV01103,152,113336
8233,EV01330,167,51995
8233,EV01614,173,641947
8233,EV01605,176,168479
8233,EV01120,194,307086
8233,EV00078,209,7616925
8234,EV01451,126,164747
8234,EV01166,181,89835
8234,EV01524,197,236948
8234,EV00267,223,45896966
8234,EV00037,251,3850023
8234,EV00206,257,1437862
8234,EV00115,274,1289490
8235,EV01228,117,6337
8235,EV00472,139,40615
8235,EV00911,142,62195
8235,EV01626,148,27316
8235,EV01310,161,17529
8237,EV00943,153,1857209
8237,EV01442,166,575915
8237,EV00435,179,887503
8237,EV00116,211,5125664
8237,EV00303,251,2890828
8237,EV00238,262,15635486
8238,EV01027,112,584019
8238,EV01262,183,115777
8238,EV00005,247,46397323
8238,EV00087,263,29036525
8238,EV00125,279,24546706
8239,EV00847,134,29373
8239,EV00210,262,28049565
8240,EV01273,116,114774
8240,EV01075,144,28332
8240,EV00871,159,1471747
8240,EV00039,259,2173466
8241,EV01327,157,43072
8241,EV00152,256,9325421
8242,EV00830,121,46834
8242,EV01488,134,90243
8243,EV00532,161,240768
8243,EV00376,168,54190
8243,EV01218,173,668606
8243,EV01786,196,1221960
8244,EV01032,81,189361
8244,EV01507,112,634547
8244,EV00623,148,134933
8244,EV00159,283,19317624
8245,EV01960,43,1868448
8245,EV00512,90,780914
8245,EV01570,108,103880
8245,EV00640,138,1578980
8245,EV01238,187,142540
8245,EV00113,238,1212219
8245,EV00293,280,8359897
8246,EV01155,97,1571756
8246,EV00757,103,451514
8246,EV00928,117,16859
8246,EV01742,143,801760
8246,EV00996,195,743033
8247,EV01600,77,229686
8247,EV01204,90,22468
8247,EV01037,99,232872
8247,EV00690,129,54434
8247,EV00499,134,46961
8247,EV01190,134,309273
8248,EV00498,98,117596
8248,EV00761,99,888895
8248,EV01503,123,1111843
8248,EV01565,126,483044
8248,EV00361,133,664571
8248,EV00405,139,193319
8249,EV01758,106,75869
8249,EV01687,165,1214665
8249,EV01441,188,553403
8250,EV01137,126,34840
8251,EV00677,102,451292
8251,EV00370,138,1357085
8251,EV01233,142,412770
8251,EV01141,164,60639
8251,EV00068,255,6619466
8252,EV01967,39,639092
8252,EV01282,110,1481206
8252,EV00333,116,5528780
8252,EV01508,139,489256
8252,EV01570,151,164378
8252,EV01264,173,421972
8253,EV01040,107,67724
8253,EV01500,177,181125
8253,EV00093,236,2798261
8254,EV00566,116,55320
8254,EV01716,129,5115538
8255,EV01045,123,2233155
8255,EV01416,194,1629357
8256,EV01653,111,136518
8256,EV00082,222,4699871
8256,EV00189,240,6016282
8256,EV01987,354,766800
8257,EV01023,112,385971
8257,EV01350,140,45192
8258,EV00937,125,721535
8258,EV01591,152,362879
8258,EV00773,178,259879
8258,EV00497,182,1514861
8259,EV01527,118,3361153
8259,EV00919,125,1016088
8259,EV01198,132,179747
8259,EV01008,148,2291445
8259,EV00260,248,17274419
8259,EV00030,296,3203168
8260,EV01742,150,478816
8261,EV01304,119,150958
8261,EV00140,252,291762
8262,EV01249,101,1146892
8262,EV00489,106,162513
8262,EV00674,114,28955
8262,EV01168,156,71234
8262,EV01485,169,93408
8262,EV01138,176,164617
8262,EV00383,204,58058
8262,EV01274,208,42731
8262,EV00394,240,270337
8263,EV01548,76,36309
8263,EV01467,108,1345815
8263,EV00388,114,374953
8263,EV00873,141,306601
8263,EV00216,240,558038
8264,EV01897,2,1002766
8264,EV00512,118,442651
8264,EV01721,128,215025
8264,EV01414,148,8763
8265,EV01930,51,371624
8265,EV01079,87,172420
8265,EV00512,180,255496
8266,EV01023,112,112241
8266,EV00954,122,220584
8266,EV00913,141,10462446
8266,EV00863,185,291339
8266,EV00805,193,194647
8266,EV00282,266,12174573
8267,EV00437,124,189921
8267,EV00582,137,298092
8267,EV01124,139,801534
8267,EV01195,179,1077888
8268,EV00571,89,1064566
8268,EV00931,89,45281
8268,EV00406,108,142314
8268,EV01661,108,745208
8268,EV01574,126,826417
8268,EV01755,147,680092
8268,EV00428,154,277990
8269,EV01059,91,42595
8269,EV01520,164,737054
8269,EV01237,184,61730
8269,EV01753,219,269891
8269,EV00153,228,15894618
8270,EV00435,111,1606342
8270,EV01561,130,144821
8270,EV00525,146,1588261
8270,EV01230,173,97782
8271,EV01078,100,604239
8271,EV00941,142,30390
8272,EV00476,70,105160
8272,EV01755,140,354730
8272,EV00375,160,129588
8272,EV01680,174,236004
8272,EV01321,227,86807
8273,EV01781,147,184779
8274,EV01658,161,1920223
8274,EV01464,207,56074
8274,EV00247,224,8274833
8275,EV00703,124,125624
8275,EV00928,131,26720
8275,EV01167,136,55028
8275,EV01036,168,2870272
8275,EV00787,174,78836
8276,EV01029,81,78483
8276,EV00538,86,238015
8276,EV01641,91,172010
8276,EV01116,105,33701
8276,EV00761,115,985747
8276,EV01688,132,49348
8276,EV01180,171,170934
8277,EV01503,138,594772
8277,EV01401,153,374820
8277,EV01641,238,355585
8277,EV00059,250,3829418
8277,EV00020,270,5429148
8278,EV00703,103,37420
8278,EV01444,136,244850
8278,EV00996,160,1815896
8278,EV01382,171,216212
8278,EV00211,261,13592697
8278,EV01882,321,711200
8279,EV00873,60,1823087
8279,EV00489,126,155410
8279,EV00805,159,176736
8279,EV01414,170,17700
8279,EV00967,171,113536
8280,EV00603,64,302907
8280,EV01521,140,908173
8280,EV00715,146,131454
8280,EV00871,163,350825
8281,EV01297,75,56566
8281,EV01054,132,210656
8281,EV00358,141,384809
8281,EV01742,156,254867
8281,EV00709,176,39254
8281,EV01253,176,246972
8282,EV01204,139,60999
8282,EV00583,205,88414
8282,EV00004,256,159512706
8282,EV00216,259,2319827
8283,EV00367,60,3314283
8283,EV00730,141,385064
8284,EV01190,79,130702
8284,EV00757,127,173846
8284,EV01634,180,237179
8284,EV00028,286,29593444
8285,EV01214,182,1408848
8285,EV00933,205,45843
8286,EV01671,107,329094
8286,EV01313,119,1223219
8286,EV00717,176,3776
8286,EV01103,195,64581
8287,EV00786,75,58563
8287,EV01167,124,178388
8287,EV01742,135,340949
8287,EV00737,205,218024
8287,EV00221,215,12943495
8288,EV00887,80,173961
8288,EV00206,252,2096169
8290,EV01138,125,33780
8290,EV00338,146,5790697
8290,EV01433,170,160238
8290,EV00249,207,1575974
8290,EV00039,270,1693332
8290,EV00221,280,25660500
8291,EV01346,77,65866
8291,EV01558,86,190141
8291,EV01190,127,471537
8292,EV00928,178,62177
8292,EV00154,223,49318770
8293,EV00621,158,43532
8293,EV00939,161,1075825
8293,EV00068,172,5082052
8294,EV00726,92,726035
8294,EV01627,143,105101
8294,EV01448,194,103751
8294,EV00117,249,47933994
8295,EV00820,116,2913363
8295,EV00779,126,70404
8295,EV00775,141,817017
8295,EV00895,179,253036
8295,EV00030,247,3319535
8295,EV01891,340,1949921
8296,EV00573,88,952939
8296,EV00460,118,2168571
8296,EV00043,250,27578255
8297,EV01115,126,721619
8297,EV01521,139,3023427
8297,EV00126,238,6652723
8298,EV01119,123,369928
8298,EV01480,158,1851274
8298,EV01494,159,1722985
8298,EV00375,168,52287
8298,EV01760,190,39876
8299,EV01780,102,40018
8299,EV00476,176,320229
8299,EV00090,221,2831540
8299,EV00191,244,1952986
8300,EV00805,114,67396
8300,EV00712,128,144656
8300,EV01431,155,1915640
8300,EV00288,253,189886
8300,EV00262,267,4326594
8301,EV00970,167,123170
8301,EV00459,182,72122
8302,EV01809,99,1151175
8302,EV00376,121,60937
8302,EV01305,141,507691
8302,EV01465,164,193819
8303,EV01211,102,82024
8304,EV00751,100,9262
8304,EV00950,142,1060382
8304,EV01074,146,623960
8304,EV01023,172,319089
8305,EV01883,16,7020087
8305,EV00849,97,1507768
8305,EV01778,110,84150
8305,EV00396,174,121679
8306,EV01818,125,464498
8306,EV01513,142,2621335
8306,EV01492,152,799103
8306,EV00812,208,1590980
8307,EV01249,118,987733
8307,EV00772,120,213407
8307,EV00535,141,34449
8307,EV01503,163,331170
8308,EV00491,108,185089
8308,EV01367,135,652559
8308,EV01136,146,1138544
8308,EV01526,197,25894
8309,EV01638,115,521704
8309,EV00209,224,16051555
8310,EV01342,109,54136
8310,EV01345,124,159370
8310,EV00328,139,1005862
8310,EV00751,142,31089
8310,EV00784,146,493165
8310,EV00988,168,21988
8310,EV01623,187,84474
8310,EV01063,193,261247
8311,EV01688,120,9787
8311,EV01076,141,113087
8311,EV01223,146,387784
8311,EV00719,147,113930
8311,EV00711,179,520317
8312,EV01810,125,15772
8312,EV01441,127,260744
8312,EV00002,223,11908095
8313,EV00587,117,2203940
8313,EV01076,119,288998
8313,EV01808,124,244912
8313,EV00866,177,45816
8314,EV01214,125,508020
8314,EV00426,142,107931
8314,EV00565,147,12406
8314,EV01594,158,77940
8314,EV01235,168,54156
8314,EV01050,180,141451
8314,EV00160,271,70458811
8314,EV00319,288,44303438
8315,EV00791,113,703279
8315,EV01075,138,22236
8315,EV00326,162,53268
8315,EV00099,231,15135457
8315,EV00225,286,2265807
8316,EV01449,79,158533
8316,EV00749,108,357174
8316,EV00520,137,515006
8316,EV00458,187,8978340
8316,EV01752,216,107637
8316,EV00153,255,13449198
8317,EV01672,106,141947
8317,EV00655,109,93592
8317,EV01813,130,1678892
8317,EV00472,141,39878
8317,EV01578,141,48638
8317,EV00657,147,77242
8317,EV00719,166,105267
8317,EV00291,210,5978519
8318,EV00812,101,623147
8318,EV01566,133,345019
8318,EV01806,176,56530
8318,EV00499,178,34585
8318,EV00376,193,68537
8318,EV00843,225,244418
8319,EV00660,95,462848
8319,EV00433,111,465203
8319,EV00790,115,121409
8319,EV00130,259,1784425
8319,EV00010,287,5386826
8320,EV00537,160,18568
8320,EV01655,169,1676617
8320,EV00017,218,2775203
8321,EV00880,103,6849328
8321,EV00786,140,107079
8321,EV00831,168,347790
8322,EV00076,238,5485632
8323,EV00191,258,1511449
8324,EV01349,95,179642
8324,EV01596,110,4433948
8324,EV01209,115,306919
8324,EV00626,127,73643
8324,EV01052,127,47992
8324,EV00438,163,459868
8324,EV01548,224,96050
8324,EV00211,243,11991982
8325,EV01728,142,469424
8326,EV00470,134,17633
8326,EV01287,138,1526077
8326,EV00206,209,3257488
8326,EV00083,255,4186656
8327,EV01785,223,834115
8327,EV00010,299,10426181
8328,EV00983,118,262276
8328,EV01801,124,75535
8328,EV00875,165,975584
8328,EV00786,167,46498
8328,EV00183,238,8905710
8328,EV00130,265,1903400
8329,EV00458,81,3432944
8329,EV01310,139,22618
8329,EV01126,161,37858
8330,EV01938,14,1353250
8330,EV00461,145,212703
8330,EV00988,146,70826
8330,EV00303,190,1443559
8331,EV00711,110,373092
8331,EV01526,132,99915
8331,EV01752,156,50226
8332,EV01183,105,49682
8332,EV01235,113,264309
8332,EV01609,123,55191
8332,EV00752,143,904156
8332,EV00886,153,5466942
8333,EV01424,83,806769
8333,EV00582,112,171133
8333,EV01209,125,267454
8333,EV01558,136,148699
8333,EV00602,164,44227
8334,EV01734,101,342010
8334,EV01333,133,51362
8334,EV01228,144,84644
8334,EV00255,231,4802888
8334,EV00250,250,1851343
8335,EV01634,90,185698
8335,EV01558,119,258350
8335,EV01441,154,1048116
8335,EV00076,268,4726150
8336,EV00548,125,60761
8336,EV00288,221,482386
8336,EV00303,276,1569733
8337,EV00751,142,21336
8337,EV01335,153,5388935
8337,EV01363,171,300487
8337,EV01166,172,237147
8338,EV01195,143,1306183
8338,EV01424,152,927962
8339,EV01266,70,365255
8339,EV00825,103,538386
8339,EV01665,108,1523828
8339,EV01574,111,1000159
8340,EV01026,152,366251
8340,EV01006,155,344842
8340,EV01572,183,111058
8341,EV01170,83,628022
8341,EV00355,128,319225
8342,EV01518,123,266712
8342,EV01341,142,117580
8342,EV01633,165,23803
8342,EV00149,276,1654441
8342,EV00050,297,11337648
8343,EV01262,65,102952
8343,EV00879,99,266336
8343,EV01502,142,131633
8343,EV00096,234,97411
8344,EV00509,78,127618
8344,EV01706,116,642678
8344,EV00800,118,69560
8344,EV01072,121,870817
8344,EV01365,131,85828
8344,EV01570,150,236488
8344,EV00619,171,371944
8344,EV00664,219,1494590
8344,EV00255,261,4060106
8345,EV00760,118,42056
8345,EV01087,177,45384
8346,EV00382,76,60606
8346,EV00565,101,32215
8346,EV00376,118,34338
8346,EV00683,126,218826
8346,EV00709,139,91897
8346,EV00748,145,90466
8346,EV00387,163,568142
8347,EV01109,127,211446
8347,EV00399,154,365521
8347,EV00522,196,497971
8347,EV00074,276,29493801
8348,EV01693,105,197832
8348,EV00882,114,1068622
8348,EV01501,127,233861
8348,EV00562,155,56746
8349,EV00928,73,20884
8349,EV01780,107,19361
8349,EV01041,120,141652
8349,EV01216,140,784659
8349,EV01526,147,199047
8349,EV01772,197,10040
8350,EV00644,110,5575670
8350,EV00435,123,872256
8350,EV00760,150,111980
8351,EV01383,87,401866
8351,EV01702,127,90288
8351,EV00206,236,1250671
8351,EV00129,292,36231579
8352,EV01580,117,73460
8352,EV00467,151,515866
8352,EV01351,172,20617
8353,EV00566,108,115010
8353,EV01570,133,185652
8353,EV01049,164,542121
8354,EV01120,105,149223
8354,EV01768,128,296179
8354,EV00532,178,388919
8354,EV00500,202,93861
8355,EV00841,74,74552
8355,EV01808,141,442909
8355,EV01608,212,58315
8356,EV01346,96,20347
8356,EV00803,161,141027
8356,EV01226,167,83824
8356,EV01741,191,491718
8356,EV01395,215,17452
8357,EV01889,32,1216160
8358,EV00416,131,1367953
8358,EV01259,139,410133
8358,EV01219,170,242716
8358,EV00168,194,4161774
8358,EV00102,292,19988312
8360,EV01259,216,89514
8360,EV00124,307,21012682
8361,EV01958,21,1718016
8361,EV00571,113,827098
8362,EV01685,111,58966
8362,EV00915,149,148119
8362,EV01568,179,2665245
8362,EV00312,307,10172905
8363,EV01686,129,170981
8364,EV00020,245,3601271
8365,EV00715,145,279809
8365,EV01062,186,157729
8365,EV00979,224,92078
8366,EV01568,93,1239913
8366,EV00722,150,50076
8366,EV01192,216,351332
8366,EV00264,230,496407
8367,EV01770,86,56715
8368,EV01105,60,41407
8368,EV01138,112,138028
8368,EV01240,158,552033
8368,EV00941,164,19356
8368,EV00206,271,2096405
8369,EV00541,79,137547
8370,EV00528,139,365698
8370,EV01280,139,160430
8370,EV00903,184,287869
8371,EV01507,111,817258
8371,EV00754,113,559071
8371,EV01228,125,47705
8371,EV00569,127,104040
8371,EV00715,135,241998
8371,EV00389,202,353217
8371,EV00093,204,1057180
8371,EV00161,238,3750967
8371,EV00036,253,34054723
8372,EV01000,116,36430
8372,EV00925,137,1480097
8372,EV00666,195,55492
8372,EV01186,220,1111849
8373,EV01565,119,262898
8373,EV00607,143,188360
8373,EV01634,159,264040
8373,EV00494,181,277696
8373,EV00784,221,240055
8373,EV00295,284,21459181
8374,EV00883,140,108422
8374,EV01677,176,239973
8375,EV00330,81,72229
8375,EV00698,121,149555
8375,EV00710,178,340308
8375,EV00216,269,546349
8376,EV01703,108,134939
8376,EV01166,154,232351
8377,EV00585,108,473927
8377,EV00651,175,83277
8378,EV00854,60,204290
8378,EV00582,184,293460
8378,EV01261,203,27688
8379,EV00798,114,795673
8379,EV00546,121,71774
8379,EV00884,180,423425
8380,EV00158,265,1821710
8381,EV01385,122,19383
8382,EV00729,115,101706
8382,EV00851,153,35979
8382,EV01565,173,942936
8382,EV00291,268,7136185
8383,EV01569,89,676772
8383,EV00908,100,689701
8383,EV00696,102,629507
8383,EV00612,200,18761
8384,EV01944,25,8593163
8384,EV01698,162,193958
8384,EV00060,248,1429541
8385,EV00981,112,243187
8385,EV01404,117,144442
8385,EV01545,137,14917
8386,EV00385,80,69730
8386,EV01285,112,143047
8386,EV01695,112,2142400
8386,EV00804,119,2868437
8386,EV01105,182,90999
8387,EV01777,85,66732
8387,EV00358,106,122343
8387,EV00108,250,30742240
8388,EV00932,176,103832
8388,EV00045,269,7747195
8389,EV01772,86,25578
8389,EV00500,95,203357
8389,EV01388,116,95965
8389,EV00884,119,335675
8389,EV00981,133,107563
8389,EV01797,145,87802
8390,EV01778,103,45997
8391,EV00792,113,103747
8391,EV01758,119,85497
8391,EV01768,226,865516
8392,EV01690,115,121363
8392,EV00941,141,13877
8392,EV00198,222,10746593
8392,EV00001,249,456065
8393,EV00536,92,100038
8393,EV01492,167,914380
8393,EV00221,246,21421955
8393,EV00121,258,7469612
8393,EV00158,280,1968849
8394,EV00615,89,699477
8394,EV00928,105,61801
8394,EV00097,259,57958160
8395,EV00760,134,123298
8395,EV01784,162,39135
8396,EV01881,33,1580749
8396,EV01118,125,347044
8396,EV01297,161,50066
8396,EV01180,168,84967
8396,EV01204,176,72604
8396,EV01316,205,503136
8396,EV00093,257,685903
8396,EV00262,279,9195722
8397,EV01136,80,925092
8397,EV01591,111,222685
8397,EV01249,121,1507693
8397,EV01051,155,624155
8397,EV01199,194,1480855
8398,EV01565,108,298739
8398,EV01766,119,94185
8398,EV01079,123,43549
8398,EV00457,175,59840
8398,EV01502,197,130243
8398,EV01693,214,162223
8398,EV00137,274,3222682
8399,EV00768,97,568024
8399,EV00489,145,204351
8399,EV01806,148,22490
8400,EV01500,118,115629
8400,EV00803,124,179335
8400,EV00096,264,90173
8401,EV00674,109,74440
8401,EV00702,155,1252506
8401,EV00683,160,92295
8401,EV01362,163,389537
8401,EV01815,174,186975
8401,EV00149,262,6416118
8401,EV00023,289,8313400
8402,EV01378,95,333214
8402,EV00871,155,1060894
8402,EV01333,170,97081
8403,EV00439,79,190688
8403,EV00786,125,163182
8403,EV01618,136,14380
8403,EV00566,137,194701
8403,EV01211,142,99399
8403,EV00642,153,189603
8403,EV01211,166,59262
8403,EV00297,265,34535811
8404,EV01796,94,230398
8404,EV01132,122,1553523
8404,EV01798,138,519405
8404,EV00303,223,933184
8405,EV01105,98,132674
8405,EV01010,130,284787
8405,EV01770,130,289146
8405,EV00975,144,537266
8405,EV00662,165,324358
8405,EV01698,166,189851
8406,EV01251,68,62620
8406,EV01482,132,348100
8406,EV01360,134,1058560
8406,EV01284,138,368039
8406,EV00973,146,356785
8406,EV00350,154,40802
8407,EV01746,102,2875100
8407,EV00509,118,12317
8407,EV00675,125,749491
8407,EV00496,134,138342
8407,EV01740,150,640372
8407,EV00064,264,56870298
8408,EV01478,171,3765093
8409,EV01226,119,85745
8409,EV01130,122,46993
8409,EV00354,155,309253
8409,EV00924,176,6816037
8409,EV01500,212,133034
8409,EV01869,354,1927888
8410,EV01300,132,24294
8410,EV01537,172,274154
8410,EV00033,247,46355931
8411,EV00895,89,191667
8411,EV01691,114,2458428
8411,EV01428,135,182396
8411,EV00917,235,326727
8411,EV01744,240,26231
8412,EV01744,78,76862
8412,EV01072,153,440914
8413,EV01076,69,68264
8413,EV01178,84,1303935
8413,EV01475,117,988584
8413,EV01773,166,89253
8413,EV00407,173,195166
8413,EV01273,175,88575
8413,EV00509,180,26476
8414,EV01732,119,44185
8414,EV00392,150,622857
8414,EV01120,154,171062
8414,EV00315,217,13467867
8415,EV01895,46,1793121
8415,EV01076,108,67287
8415,EV01263,118,107648
8415,EV01019,157,239777
8415,EV01522,162,226956
8416,EV01240,177,600577
8416,EV00503,215,127754
8417,EV01010,144,963047
8417,EV00528,164,142216
8417,EV01103,164,74397
8417,EV01791,165,45655
8417,EV01702,223,27394
8418,EV01051,141,591517
8418,EV01441,150,679349
8418,EV01137,154,155475
8418,EV01155,157,1591833
8418,EV00118,218,26296481
8419,EV00626,127,65323
8419,EV00420,143,259211
8419,EV00754,173,343852
8419,EV00223,259,5532960
8420,EV01120,142,221556
8421,EV00928,60,17427
8421,EV00880,119,7891974
8421,EV01492,135,387343
8421,EV01339,151,736997
8421,EV00802,168,626099
8421,EV01043,177,553441
8421,EV00316,212,20488992
8422,EV01793,98,26238
8422,EV00908,101,822176
8422,EV00569,151,134775
8422,EV01694,154,74714
8422,EV00140,239,541913
8423,EV00812,155,379676
8423,EV00086,235,9812939
8424,EV01166,154,139485
8425,EV01772,125,43721
8425,EV00751,143,23434
8425,EV00424,145,1136471
8425,EV00255,256,9420386
8426,EV01775,120,380704
8426,EV00607,127,123000
8426,EV00655,158,144092
8427,EV01664,124,3126504
8428,EV01292,160,733014
8428,EV00225,272,2513255
8429,EV00641,135,2099215
8429,EV00476,148,146633
8429,EV01349,166,52662
8429,EV01205,170,703604
8429,EV00177,225,7207752
8429,EV00126,253,3439200
8430,EV00734,114,52532
8430,EV00765,145,1129623
8430,EV00580,146,63787
8430,EV01590,148,22889
8430,EV01715,148,147272
8430,EV00175,290,3479660
8431,EV00745,160,52704
8431,EV00740,183,3085603
8431,EV00288,228,295171
8432,EV00587,94,2046663
8432,EV01413,111,347898
8432,EV01752,123,161949
8432,EV00697,136,199540
8432,EV00160,246,62519112
8433,EV00546,142,26811
8433,EV00328,161,1584186
8433,EV01129,164,718627
8433,EV01268,214,157365
8433,EV00093,249,2070830
8434,EV01342,130,39631
8434,EV01324,146,1338199
8434,EV00989,170,299126
8434,EV01195,196,3040919
8435,EV00813,97,818535
8435,EV00973,122,45427
8435,EV00104,210,6925047
8436,EV01640,114,45235
8436,EV00388,118,301592
8436,EV01277,124,110950
8436,EV00852,135,472831
8436,EV00435,147,298502
8436,EV01784,149,81333
8436,EV01204,164,38937
8436,EV01000,167,23433
8437,EV01472,132,424408
8437,EV00348,135,410574
8437,EV00958,162,782505
8438,EV01737,96,682123
8438,EV01557,160,36946
8439,EV01725,115,223673
8439,EV01756,139,97259
8439,EV01273,151,84665
8439,EV01272,190,244320
8439,EV00253,214,5706174
8440,EV00894,83,912712
8440,EV00789,92,307446
8440,EV01148,158,549330
8440,EV00259,220,8375948
8440,EV00140,232,719727
8440,EV00104,263,4360811
8441,EV01135,60,2617787
8441,EV00499,122,27742
8441,EV00206,246,1527013
8442,EV01793,110,31187
8442,EV00435,153,506509
8442,EV01239,178,437345
8443,EV00375,87,125360
8443,EV01273,132,71219
8443,EV00722,137,128890
8443,EV00471,152,483188
8443,EV00169,195,38300364
8444,EV01518,145,330890
8444,EV00682,165,54594
8444,EV00024,272,19395090
8444,EV00003,285,1909365
8445,EV01010,98,475874
8445,EV00376,134,87351
8445,EV01020,140,306527
8446,EV01183,120,143033
8446,EV00715,123,280843
8446,EV01675,133,36735
8446,EV00833,138,447251
8446,EV00567,158,204654
8447,EV01106,116,1297174
8447,EV00760,127,193149
8447,EV00146,274,13304942
8448,EV01642,177,1502272
8448,EV00238,254,9732829
8449,EV01213,198,1947533
8450,EV01975,21,415219
8450,EV01597,122,264710
8450,EV00872,147,1376331
8450,EV00682,152,51899
8450,EV01721,201,223683
8450,EV00186,241,36440861
8451,EV00714,87,238402
8451,EV00734,110,19584
8451,EV01158,127,188084
8451,EV00988,140,45985
8451,EV00377,168,1107026
8452,EV01504,104,2828028
8452,EV01067,105,161596
8452,EV00562,128,48730
8452,EV01138,133,189857
8452,EV00552,140,334130
8452,EV01693,176,133315
8453,EV01231,127,41717
8453,EV01289,145,19594
8453,EV01262,168,158713
8455,EV00146,237,16572610
8456,EV01112,154,800558
8456,EV01366,155,727910
8456,EV01204,174,91504
8456,EV00991,179,246593
8456,EV01178,184,298613
8457,EV01158,93,234853
8457,EV00752,136,832870
8457,EV01130,186,89659
8458,EV00699,119,38112
8458,EV00648,164,91670
8458,EV00747,169,86315
8458,EV00393,184,337896
8459,EV01021,71,552127
8459,EV01705,122,141819
8459,EV00060,242,588807
8460,EV00562,137,69665
8460,EV00082,233,1936315
8461,EV00512,116,210758
8461,EV00804,156,1528781
8461,EV00443,213,73985
8462,EV01268,118,360050
8462,EV00558,132,1467929
8462,EV00896,194,61708
8462,EV01484,209,436199
8462,EV00021,239,403223
8463,EV01773,143,33459
8463,EV00841,146,85143
8464,EV01737,147,1784246
8464,EV01651,153,136131
8464,EV01633,170,85223
8464,EV00391,195,78823
8464,EV00068,228,3964835
8465,EV01143,90,153651
8465,EV00781,94,870633
8465,EV01215,156,76032
8466,EV01901,16,166724
8466,EV00431,133,125813
8466,EV01684,134,26318
8467,EV01897,20,3147150
8468,EV01734,72,232070
8468,EV00288,283,1129919
8469,EV01062,105,95877
8469,EV00345,123,41662
8469,EV01333,135,143976
8469,EV00295,181,16956517
8470,EV01916,47,512552
8470,EV01297,121,39133
8470,EV00355,133,254284
8470,EV00535,159,126572
8471,EV01141,60,54492
8471,EV00433,150,1140091
8471,EV01656,168,162961
8471,EV00653,179,115719
8471,EV00408,192,117629
8471,EV00156,225,6671421
8472,EV01049,94,920560
8472,EV00709,115,128802
8473,EV00631,127,133707
8474,EV01267,82,592362
8474,EV00641,133,1560965
8474,EV01060,139,41614
8474,EV01274,146,27618
8474,EV01063,147,590514
8474,EV01345,157,114578
8474,EV01414,164,30425
8474,EV00027,272,44274559
8475,EV00472,75,32303
8475,EV01245,149,73117
8475,EV00349,186,1355082
8476,EV00764,131,358542
8476,EV00760,151,67861
8476,EV01177,160,84786
8477,EV01006,78,106065
8477,EV01633,112,74517
8477,EV01683,208,156533
8478,EV01177,164,77056
8478,EV01558,169,353216
8479,EV00157,281,44194659
8480,EV00467,127,591773
8480,EV01452,136,188142
8480,EV01136,150,1195741
8481,EV00390,128,1616278
8481,EV01723,164,897208
8481,EV00203,279,2261446
8482,EV01079,140,202571
8482,EV00726,144,972607
8483,EV00983,130,359001
8483,EV01314,146,949827
8484,EV01982,20,3436720
8484,EV01012,133,327595
8484,EV00904,195,546024
8484,EV00243,259,10448007
8485,EV01155,132,1934032
8485,EV00942,139,331872
8485,EV01144,143,324967
8485,EV01248,151,119389
8485,EV01127,158,116041
8485,EV01078,171,433283
8486,EV00896,91,118236
8486,EV01254,97,801237
8486,EV01456,121,2121119
8486,EV01076,131,66304
8486,EV00309,257,16903003
8486,EV00216,261,776987
8487,EV00611,150,35235
8487,EV01158,150,243584
8487,EV01164,160,4288443
8487,EV01341,171,229640
8488,EV01288,137,125527
8488,EV00355,155,48106
8488,EV00330,160,1131865
8489,EV00097,279,37876833
8489,EV00284,307,67996380
8490,EV01323,119,2153903
8490,EV00710,147,1609436
8490,EV01653,169,36995
8491,EV00665,101,57018
8491,EV01202,194,53943
8492,EV00790,108,148290
8492,EV01298,113,403853
8492,EV00544,149,86727
8492,EV00879,158,165591
8492,EV00804,205,4679247
8492,EV01235,219,98520
8493,EV01903,17,1484566
8493,EV01471,94,217848
8493,EV00615,109,234545
8494,EV00365,64,333713
8494,EV00831,102,619027
8494,EV01289,105,19348
8494,EV01203,114,881495
8494,EV01496,151,417948
8494,EV01014,176,76990
8494,EV00297,215,5235818
8495,EV01758,98,22187
8495,EV01627,123,16688
8495,EV00765,164,586941
8495,EV00019,250,8791012
8496,EV01075,99,25628
8496,EV00772,119,244831
8496,EV00847,134,70795
8496,EV01103,157,53370
8497,EV01520,135,1847510
8497,EV01414,200,41165
8497,EV01230,203,80620
8497,EV00800,214,127848
8498,EV00356,144,383486
8498,EV01734,168,528811
8499,EV01288,112,167327
8499,EV00727,133,118492
8499,EV00653,149,20729
8499,EV01063,173,723309
8499,EV00255,286,10533789
8500,EV01960,31,1740162
8500,EV00377,167,447043
8500,EV01142,195,154208
8500,EV01044,197,215929
8500,EV00761,202,140372
8501,EV01085,95,1128385
8501,EV00666,122,133137
8501,EV01717,169,30421
8501,EV00191,239,1840976
8501,EV00288,290,992416
8502,EV01228,68,28008
8502,EV00566,94,275928
8502,EV01006,98,139140
8502,EV00376,110,143734
8502,EV01465,140,98070
8502,EV00541,187,191201
8502,EV00093,244,1746508
8502,EV00194,246,30580800
8502,EV01998,350,816749
8503,EV00476,60,131386
8503,EV00365,73,490165
8503,EV01069,159,2504446
8503,EV01616,161,11124
8503,EV00433,184,945917
8503,EV00076,263,3308542
8504,EV00451,82,195484
8504,EV01350,165,145937
8504,EV00404,181,60686
8504,EV01292,200,146931
8504,EV00246,246,5643776
8505,EV01834,19,3482376
8505,EV01659,96,93605
8505,EV00984,124,260432
8505,EV01170,140,621550
8505,EV00790,142,86266
8505,EV01136,155,1416268
8505,EV01067,169,34971
8505,EV00720,176,83709
8506,EV00416,88,709247
8506,EV00871,95,799482
8506,EV00150,253,21318613
8506,EV00196,281,44163746
8507,EV00842,184,78859
8509,EV01401,121,897601
8509,EV01032,122,356500
8509,EV00623,138,207049
8509,EV00786,153,256299
8509,EV00039,224,2148186
8509,EV00295,238,12777938
8509,EV00096,241,542404
8510,EV01789,152,55586
8510,EV00177,246,7617091
8511,EV00512,108,641799
8511,EV01233,129,1318200
8511,EV01673,148,169930
8512,EV01385,60,31349
8513,EV01266,123,286509
8513,EV00486,176,130172
8513,EV00100,282,79953418
8514,EV01067,143,94865
8514,EV00684,188,159093
8515,EV00665,106,71130
8515,EV00548,123,31934
8515,EV01508,129,442318
8515,EV01599,134,106277
8515,EV00513,177,97336
8515,EV00250,301,873717
8516,EV01166,90,250885
8516,EV01414,136,32524
8516,EV00955,157,4134123
8516,EV00592,158,178974
8516,EV00600,168,77101
8516,EV00212,257,22950855
8517,EV01998,26,1051096
8517,EV00866,122,295559
8517,EV01627,173,31546
8517,EV00303,229,2978980
8517,EV00023,249,3454176
8518,EV01932,30,323669
8518,EV01131,148,24469
8518,EV01600,152,304673
8518,EV00683,162,242164
8518,EV00264,225,580878
8518,EV00126,254,1907959
8519,EV01078,97,680338
8519,EV00843,146,234173
8519,EV01334,162,342250
8520,EV01984,14,1100430
8520,EV01128,153,143652
8520,EV00021,236,1271301
8521,EV00584,122,109171
8521,EV01796,125,223932
8521,EV00317,243,1810296
8522,EV00413,103,218593
8522,EV00684,106,128941
8522,EV01103,156,59261
8522,EV01134,184,79303
8523,EV00595,98,235111
8523,EV00502,130,1065188
8523,EV01277,134,84511
8524,EV01023,116,387384
8524,EV00731,119,829439
8524,EV00725,128,204293
8524,EV01581,205,42293
8525,EV00435,83,138478
8525,EV01306,144,57494
8525,EV01310,158,41183
8526,EV01453,135,1274960
8526,EV01226,138,88456
8527,EV00751,60,33110
8527,EV01574,90,758280
8527,EV01444,127,595087
8527,EV00339,130,317499
8527,EV01703,136,156007
8527,EV00496,160,132257
8527,EV00806,203,1914283
8527,EV00166,234,2859470
8527,EV00076,285,2326265
8527,EV00158,321,5520863
8528,EV01576,82,2131281
8528,EV00385,100,85455
8528,EV01143,127,123444
8528,EV00854,133,255588
8528,EV01875,362,2682932
8529,EV01558,96,151831
8529,EV01088,114,86358
8529,EV00150,300,44084227
8530,EV00945,142,502420
8530,EV01274,145,33668
8530,EV00198,235,26559584
8531,EV01009,71,495808
8531,EV01481,103,478167
8531,EV01276,167,161299
8531,EV00389,203,351639
8533,EV00848,93,12076
8533,EV00427,121,69322
8533,EV00869,140,705280
8533,EV01684,181,39216
8533,EV01063,192,117998
8534,EV01020,118,101930
8534,EV01677,120,251037
8534,EV00722,121,147588
8534,EV01226,127,63294
8534,EV01305,136,534887
8534,EV00583,145,104582
8534,EV01228,167,68507
8534,EV00013,247,5420906
8534,EV00112,265,1587524
8535,EV00559,221,9068
8535,EV00247,274,6634784
8536,EV01166,77,142893
8536,EV01289,86,18323
8536,EV00935,95,1297412
8536,EV00358,124,159757
8536,EV01609,130,160771
8536,EV01199,148,926088
8536,EV01808,209,298728
8536,EV00277,243,5469668
8537,EV00537,116,40972
8537,EV00982,188,1183908
8537,EV01681,194,289844
8537,EV00030,243,2977785
8538,EV01297,120,48820
8538,EV00570,137,1078727
8538,EV00722,140,258032
8538,EV00480,149,51800
8538,EV00831,156,249907
8538,EV01732,160,45944
8538,EV01546,194,1359955
8538,EV01273,215,113267
8539,EV01465,133,65919
8539,EV01345,145,68555
8539,EV00496,161,86531
8539,EV01627,162,78446
8539,EV00149,220,1685142
8539,EV00168,270,2669371
8540,EV00509,79,136175
8540,EV00660,104,591445
8540,EV00773,121,299271
8540,EV00816,154,94505
8540,EV00130,254,4500011
8541,EV00628,109,89153
8541,EV01313,140,1244639
8541,EV00640,170,793659
8541,EV01688,213,23515
8542,EV00885,126,901770
8542,EV01766,132,347993
8542,EV00687,152,218793
8542,EV00093,197,1150657
8543,EV01938,27,747063
8543,EV01747,144,101608
8543,EV01202,170,65343
8543,EV00682,182,45051
8543,EV00251,244,25134341
8543,EV01837,342,1094647
8544,EV00980,97,1000415
8544,EV00709,99,255076
8544,EV00942,136,972512
8544,EV01552,148,320281
8545,EV01677,134,495779
8545,EV00871,147,885790
8545,EV00808,152,56164
8545,EV01591,157,133894
8545,EV01647,162,818623
8545,EV00399,180,119288
8545,EV00267,215,22163829
8545,EV00603,218,218798
8547,EV01357,120,278063
8547,EV00682,154,95739
8548,EV01905,40,680829
8548,EV01806,151,96608
8548,EV00925,168,526171
8548,EV01202,202,32267
8549,EV01039,108,26938
8549,EV01541,194,2031128
8549,EV00030,237,1979556
8550,EV00595,104,160322
8550,EV00120,250,15838749
8551,EV01975,13,594757
8551,EV00538,129,95347
8551,EV00600,143,41560
8551,EV01308,144,75288
8551,EV01260,153,174480
8552,EV01065,132,973309
8552,EV00511,152,568101
8552,EV00579,165,265573
8552,EV00896,172,234798
8552,EV00026,254,1076022
8553,EV01545,170,16519
8553,EV00104,247,2762762
8554,EV01589,130,822185
8554,EV00837,150,29453
8554,EV01079,184,136592
8555,EV01365,129,117673
8555,EV01451,173,180458
8555,EV00350,200,116900
8556,EV01869,21,1906299
8556,EV01049,99,383875
8556,EV01202,118,105600
8556,EV01507,212,385539
8556,EV00136,274,26680495
8557,EV01031,100,608932
8557,EV00678,124,526333
8557,EV00821,127,136604
8557,EV01753,145,91802
8557,EV01108,166,89272
8558,EV01634,98,130106
8558,EV00196,268,80054591
8559,EV01997,29,1669466
8559,EV00386,60,342514
8559,EV01778,145,105885
8559,EV00521,171,688635
8559,EV01228,181,55766
8559,EV00686,192,1335660
8560,EV01690,121,33719
8560,EV01518,167,772015
8561,EV00669,134,200278
8561,EV00348,142,663167
8561,EV01304,150,38662
8561,EV01672,158,83543
8561,EV00545,185,449598
8562,EV01625,89,680861
8562,EV00432,102,925949
8562,EV00843,110,110095
8562,EV01815,126,287494
8562,EV00486,149,255001
8562,EV00418,168,268292
8563,EV01421,72,64287
8563,EV01760,82,22007
8563,EV00572,105,228203
8563,EV01040,137,150328
8563,EV01317,145,125820
8563,EV01790,158,1200418
8563,EV00140,288,1362617
8564,EV01075,81,14516
8564,EV01137,121,26574
8564,EV00420,136,718899
8565,EV01426,113,6367882
8565,EV01686,139,115830
8565,EV00355,173,110846
8565,EV00144,276,56698437
8566,EV00500,118,82568
8566,EV00740,131,3998135
8566,EV00942,131,1563422
8566,EV01029,153,112026
8566,EV00855,169,1193465
8566,EV00112,257,1979365
8567,EV01575,76,34820
8567,EV01649,101,232213
8567,EV01273,129,166702
8569,EV00467,141,383887
8569,EV01756,158,56857
8569,EV01441,199,681329
8569,EV00278,230,17419416
8569,EV01863,354,465906
8570,EV00901,149,226569
8570,EV00531,181,3886159
8570,EV01488,182,54836
8571,EV00855,100,1047001
8571,EV00286,276,34293463
8572,EV01819,112,44197
8572,EV00651,118,171757
8572,EV01593,176,2070025
8572,EV00020,201,2688332
8573,EV01069,109,1955539
8573,EV01333,128,54567
8573,EV00420,155,608354
8573,EV01367,161,526251
8574,EV00639,90,2030145
8574,EV00601,108,422199
8574,EV01448,116,323001
8574,EV00563,156,98112
8574,EV00373,176,32059
8575,EV01597,107,154684
8575,EV00630,193,1960440
8575,EV00107,258,37438528
8575,EV00278,260,43541008
8575,EV00120,266,3602891
8576,EV00839,122,98343
8576,EV01292,125,540213
8576,EV01578,142,117864
8577,EV01910,4,4028086
8577,EV01255,106,1153197
8577,EV01202,107,27321
8578,EV01310,112,44053
8578,EV01801,125,219675
8578,EV01439,139,1083019
8578,EV01549,142,218139
8578,EV01659,160,148090
8579,EV01760,135,11952
8579,EV01106,150,731319
8579,EV00166,252,6480540
8580,EV01136,159,416808
8580,EV01164,163,2792121
8580,EV00106,237,1056677
8580,EV01474,240,1316435
8581,EV01508,106,744206
8583,EV01861,59,3466293
8583,EV01729,122,934127
8583,EV01346,129,123239
8583,EV01384,144,64917
8583,EV01621,151,147101
8583,EV01126,171,73385
8583,EV00752,177,1332635
8583,EV01385,209,125773
8583,EV00453,212,598818
8584,EV01476,132,27635
8584,EV00813,135,552967
8584,EV00431,154,66714
8584,EV00792,190,171590
8585,EV01289,103,30143
8585,EV00325,113,507171
8585,EV01108,134,46667
8585,EV00964,169,181422
8585,EV00981,181,89630
8585,EV01306,186,39426
8586,EV01294,163,5433653
8587,EV00570,91,864857
8587,EV01193,144,6497671
8587,EV01221,149,57055
8587,EV00597,159,11587
8587,EV00657,188,201265
8587,EV01997,337,1295325
8588,EV00350,131,126523
8588,EV00449,192,476473
8589,EV01683,131,146498
8589,EV01651,137,156796
8589,EV01495,161,155471
8590,EV00833,99,631114
8590,EV00963,113,3307044
8590,EV01110,147,16953
8590,EV01292,161,602073
8591,EV00950,158,634502
8591,EV00642,179,320977
8591,EV00059,207,13142087
8591,EV00085,253,1400636
8592,EV01439,133,842375
8592,EV00611,135,306851
8592,EV01244,188,101073
8592,EV00074,275,23018759
8593,EV00640,102,1118518
8593,EV01439,105,607727
8593,EV01570,124,176731
8593,EV00767,127,47327
8593,EV00385,159,52403
8594,EV00416,79,2019804
8594,EV00857,136,1173541
8594,EV01551,142,48151
8594,EV00675,148,2408421
8594,EV00653,167,64296
8595,EV01079,88,109731
8595,EV00841,129,39348
8595,EV00767,155,39913
8595,EV00570,194,1359638
8595,EV00216,253,462977
8596,EV01148,122,1550132
8596,EV00787,134,188431
8596,EV00879,153,170060
8596,EV01599,200,50391
8597,EV01118,97,213872
8597,EV00431,106,55811
8597,EV01718,164,561450
8597,EV00975,168,455882
8597,EV00305,233,19261153
8597,EV00304,287,30427180
8598,EV00623,131,124106
8598,EV01747,184,342062
8598,EV01326,217,279378
8599,EV00760,124,165040
8599,EV01699,142,79102
8599,EV00772,164,472055
8599,EV00270,270,7271558
8599,EV00250,280,1243022
8599,EV00202,288,1250816
8600,EV00964,139,182472
8600,EV01600,150,227084
8600,EV01065,158,185163
8600,EV01752,184,24074
8600,EV00202,211,1228192
8600,EV00268,224,64546065
8601,EV01972,9,6726942
8601,EV00528,147,120502
8601,EV01514,159,607632
8601,EV01130,193,62366
8601,EV01869,365,2983471
8602,EV00587,146,471298
8602,EV01131,172,15195
8602,EV01077,190,660928
8603,EV00841,107,91337
8603,EV01014,119,80119
8603,EV01484,122,250736
8603,EV00680,144,291951
8603,EV01808,157,63075
8603,EV01640,196,215973
8603,EV01795,209,331823
8604,EV01668,113,328843
8604,EV00938,157,63711
8605,EV00476,100,256011
8605,EV00979,101,333229
8605,EV01431,106,1915032
8605,EV01656,158,180930
8605,EV01125,159,1639418
8605,EV00045,225,19999739
8606,EV00376,76,66381
8606,EV01306,129,109250
8606,EV00776,132,2017050
8606,EV01304,197,87513
8606,EV00255,255,6715858
8606,EV00060,268,859729
8607,EV01519,121,302752
8607,EV01267,155,790172
8607,EV00661,169,161951
8607,EV01442,185,443877
8608,EV01388,128,60883
8608,EV01385,176,139435
8609,EV00604,156,275252
8609,EV01090,190,113842
8609,EV00567,197,237254
8609,EV00315,232,7534908
8609,EV00122,243,17060130
8610,EV00624,63,214805
8610,EV00392,108,626575
8610,EV00794,207,186080
8611,EV01882,7,781036
8611,EV00476,118,135953
8611,EV01132,125,1855624
8611,EV00843,148,81066
8611,EV01484,163,436629
8611,EV00333,165,2879858
8611,EV00775,177,114161
8611,EV01447,180,279494
8611,EV00944,181,1309153
8612,EV01452,129,551064
8612,EV00855,150,1724964
8612,EV00344,156,2597837
8612,EV00288,264,737097
8613,EV00848,195,22549
8613,EV01063,200,1051032
8614,EV01248,127,88591
8614,EV00431,135,97480
8614,EV00682,236,65874
8615,EV01534,99,1946718
8615,EV00765,166,1061898
8616,EV01331,96,66974
8616,EV00498,113,221287
8616,EV01815,145,177232
8616,EV01723,164,654420
8616,EV01781,164,534945
8617,EV00509,83,71419
8617,EV00982,109,3132691
8617,EV00846,117,1168496
8617,EV00758,145,1765397
8617,EV01537,168,101693
8617,EV00039,207,2232048
8617,EV00036,273,115740999
8618,EV00723,113,19668
8618,EV01694,117,101494
8618,EV01110,120,164423
8618,EV01677,171,223565
8618,EV01343,185,103828
8618,EV00604,187,414851
8618,EV00837,192,40058
8619,EV00456,176,2138933
8620,EV00329,119,379288
8620,EV00499,156,32919
8621,EV01938,39,468978
8621,EV01980,82,541931
8621,EV00792,104,69051
8621,EV00418,109,185301
8621,EV01497,195,93477
8622,EV01706,71,662865
8622,EV00801,119,2115441
8622,EV01446,149,1460180
8622,EV01382,155,118155
8622,EV00258,217,21589417
8622,EV00202,261,1917779
8623,EV01153,122,277221
8624,EV01962,69,2004551
8624,EV01702,91,51732
8624,EV00734,117,37498
8624,EV00188,243,28171459
8625,EV01618,162,34383
8625,EV01052,169,27704
8625,EV01289,175,29855
8625,EV00432,182,853246
8625,EV01608,184,108058
8626,EV00658,132,929793
8626,EV00864,170,36048
8626,EV01079,185,234872
8627,EV01030,113,285033
8627,EV00515,149,244318
8628,EV01634,151,225970
8628,EV00816,154,30669
8628,EV01695,174,758829
8628,EV00060,237,1005273
8628,EV00246,244,11844129
8629,EV01837,24,941567
8629,EV01758,109,101317
8629,EV01076,130,102962
8630,EV00512,101,354694
8630,EV00475,121,2776380
8630,EV01484,141,395196
8630,EV00503,190,291184
8630,EV01551,212,45415
8631,EV00871,109,943709
8631,EV00747,187,68836
8632,EV01825,19,612832
8632,EV01923,48,804500
8632,EV01663,71,33541
8632,EV01274,108,10870
8632,EV01778,115,60871
8632,EV00793,133,88268
8633,EV01581,141,149411
8633,EV01056,208,104708
8633,EV00117,267,45513799
8634,EV00684,133,278407
8634,EV01462,134,4442485
8634,EV01199,157,188580
8635,EV00405,104,109809
8635,EV01436,113,3555674
8635,EV01244,122,229105
8635,EV01277,123,146453
8635,EV01575,138,18888
8635,EV01230,190,140257
8635,EV00888,206,3685847
8636,EV01059,109,48523
8636,EV01526,119,63568
8636,EV00078,206,9669570
8636,EV00231,236,5077366
8637,EV01983,19,2053808
8637,EV00897,144,252292
8637,EV01091,151,38045
8637,EV00540,158,51865
8638,EV01566,67,278119
8638,EV01812,187,355684
8638,EV00222,248,1111425
8639,EV01537,125,78360
8639,EV01131,126,26478
8639,EV00594,157,107921
8640,EV01170,109,1374047
8640,EV00711,123,409045
8640,EV00683,144,157207
8640,EV00536,185,71158
8640,EV00288,236,1171601
8640,EV00309,243,9653889
8641,EV01814,83,92068
8641,EV00348,116,545524
8642,EV00138,228,14144550
8643,EV00592,80,253052
8643,EV00711,115,208621
8643,EV01679,115,264855
8643,EV01656,135,192081
8643,EV01391,168,644389
8643,EV01108,182,99530
8643,EV00226,234,794773
8644,EV00451,86,303529
8644,EV00597,87,20657
8644,EV01077,107,988534
8644,EV00328,112,893515
8644,EV00288,275,712172
8645,EV01311,125,183300
8645,EV01508,192,240217
8645,EV01519,195,241657
8646,EV01913,28,271265
8646,EV00873,100,803452
8646,EV01623,128,47942
8646,EV01257,149,3370233
8646,EV00325,163,144265
8646,EV01254,170,1427326
8647,EV01891,40,563998
8647,EV00579,140,288286
8647,EV01116,161,70462
8647,EV00043,252,21753292
8648,EV00522,127,791783
8648,EV01071,191,1009015
8648,EV00657,218,64579
8648,EV01913,343,963059
8649,EV00089,247,864684
8649,EV00045,269,8536845
8650,EV01696,81,1367590
8650,EV01507,117,519887
8650,EV00566,140,19584
8650,EV01132,140,997284
8651,EV01385,120,29103
8651,EV00301,261,7317744
8652,EV01382,92,261888
8652,EV00407,93,122095
8652,EV01495,156,158925
8652,EV00288,208,788141
8654,EV00990,145,487553
8654,EV01379,156,59237
8655,EV00344,111,2420214
8655,EV01442,127,482241
8655,EV00476,137,62489
8655,EV00340,154,525840
8655,EV00754,180,350287
8656,EV00592,135,348877
8656,EV01760,167,14292
8656,EV01627,185,59891
8656,EV00099,254,4737058
8657,EV01285,96,420519
8657,EV01745,143,173262
8657,EV01717,158,21353
8658,EV01194,120,339363
8658,EV00711,140,383550
8658,EV00123,191,12419300
8659,EV01518,122,243023
8659,EV00017,214,3004996
8660,EV01804,76,62080
8660,EV01118,100,435733
8660,EV01747,136,97910
8660,EV01482,174,403361
8660,EV00326,187,312831
8660,EV00086,240,24048653
8661,EV01613,102,29340
8661,EV00960,136,1048151
8661,EV01760,137,36408
8661,EV00412,157,261889
8661,EV01381,197,119612
8662,EV00544,103,100974
8662,EV01017,112,376354
8662,EV01167,116,92911
8662,EV01783,116,309702
8662,EV00941,216,32668
8662,EV00142,277,19920213
8663,EV01966,39,2124649
8663,EV00867,94,402501
8663,EV01154,97,3121840
8663,EV00542,146,43949
8663,EV00796,151,65074
8663,EV01590,157,69322
8663,EV00317,236,1873843
8663,EV00191,258,2716160
8664,EV00839,121,116875
8664,EV00586,151,142644
8664,EV01361,191,91875
8664,EV00001,276,1632029
8664,EV00158,293,4151706
8665,EV01240,129,918410
8665,EV01019,137,143823
8665,EV00499,166,14900
8665,EV01481,216,316852
8666,EV01245,94,247228
8666,EV01745,106,107731
8666,EV01616,120,12882
8666,EV01672,145,141529
8666,EV01172,158,360412
8666,EV00260,228,27246955
8667,EV01322,107,66555
8667,EV00601,133,339867
8668,EV01289,87,15031
8668,EV00534,105,894437
8668,EV01381,131,541238
8668,EV01268,137,123624
8668,EV01672,142,21044
8668,EV01036,164,3138061
8668,EV00312,223,11598151
8669,EV01836,7,579746
8669,EV00405,116,146302
8670,EV01583,89,4819006
8670,EV00805,156,118498
8670,EV01761,168,1097185
8670,EV01285,178,155684
8670,EV00078,230,8492348
8670,EV00174,287,4653711
8671,EV00153,240,5254240
8672,EV00607,112,133493
8672,EV01285,145,163245
8672,EV00799,150,288698
8672,EV01116,161,38779
8672,EV01631,166,274841
8672,EV00082,249,1324296
8673,EV01560,72,292384
8673,EV00854,76,409235
8673,EV00614,196,231422
8673,EV00176,234,19712305
8674,EV01226,81,126179
8674,EV00149,251,1663969
8674,EV00043,260,25236577
8675,EV01044,117,197892
8675,EV01422,163,29940
8675,EV01565,169,762158
8676,EV00786,128,87515
8676,EV00507,143,994889
8676,EV01744,164,46494
8676,EV00399,183,76436
8676,EV00166,271,2353974
8677,EV01111,109,41492
8677,EV00883,135,35432
8677,EV01103,196,65406
8677,EV00680,240,1491554
8678,EV00937,144,229411
8678,EV01423,145,71262
8679,EV01439,115,1974304
8679,EV01570,118,144897
8679,EV00673,123,360008
8679,EV00773,125,309621
8679,EV01757,126,46783
8679,EV00907,153,1611640
8679,EV00943,168,665822
8679,EV01570,186,172799
8680,EV00540,65,48202
8680,EV01103,140,88472
8680,EV00516,151,942172
8680,EV01073,153,327105
8680,EV00655,157,75129
8680,EV00863,158,76521
8680,EV00788,173,56362
8680,EV00177,237,6811622
8681,EV00344,146,1040551
8682,EV00493,161,226636
8682,EV00598,167,2219525
8683,EV01424,105,727681
8683,EV01198,133,190757
8684,EV01886,23,275750
8684,EV00476,123,154499
8684,EV01580,188,62851
8684,EV00118,227,20460073
8684,EV00199,231,85923697
8685,EV00803,106,135538
8685,EV01501,117,206958
8685,EV00788,123,16270
8686,EV01076,134,83908
8687,EV00808,118,36499
8687,EV01378,138,126488
8687,EV01465,139,103131
8687,EV00975,153,318289
8687,EV01058,156,19783
8688,EV00711,102,517524
8688,EV01618,122,15999
8689,EV01028,124,1037497
8689,EV00683,125,257754
8689,EV01383,126,1004943
8689,EV00978,155,460409
8689,EV00749,166,357640
8690,EV01627,152,68093
8690,EV00054,243,50017768
8691,EV01000,141,13283
8691,EV00334,209,441039
8691,EV00059,243,9683856
8692,EV01484,124,140991
8692,EV00458,133,9891963
8692,EV01103,134,133111
8693,EV00988,160,98506
8693,EV00531,213,2030090
8694,EV01607,134,1271784
8694,EV00682,138,77230
8694,EV01086,178,307408
8695,EV01444,163,317261
8695,EV01698,173,451663
8695,EV01651,184,300871
8696,EV00866,189,274961
8696,EV01675,190,31163
8697,EV01277,134,131491
8698,EV01687,82,1584628
8698,EV00862,114,377062
8698,EV00896,127,304641
8698,EV01324,136,3496282
8698,EV00055,207,54267077
8698,EV00249,256,1839885
8698,EV00191,258,3986600
8699,EV01133,126,42430
8699,EV01044,137,143143
8699,EV00846,143,354127
8699,EV01568,186,1103472
8699,EV00183,242,8292888
8700,EV01298,110,134546
8700,EV01750,125,8372355
8700,EV00906,131,373388
8700,EV00715,146,145342
8700,EV00502,168,1055579
8700,EV00385,174,29641
8701,EV00365,156,170588
8701,EV00613,180,30410
8701,EV00061,284,17504299
8702,EV00643,124,2801282
8702,EV01231,144,57925
8702,EV01513,145,358010
8702,EV00512,150,609186
8702,EV01707,168,546069
8702,EV00715,183,260217
8703,EV01886,38,375622
8703,EV00867,140,425039
8703,EV01191,145,3225871
8703,EV00489,205,264377
8704,EV01414,72,28308
8704,EV01798,149,298800
8704,EV00735,173,134319
8705,EV01897,40,4237440
8705,EV01465,108,255282
8705,EV00358,148,235203
8705,EV00317,248,1622570
8705,EV00259,269,33232082
8706,EV01330,79,75056
8706,EV00548,133,115088
8706,EV01570,148,148868
8706,EV00981,170,52710
8706,EV01695,214,368377
8707,EV00435,113,370955
8707,EV00879,130,563550
8707,EV01657,134,185957
8707,EV00854,142,329769
8708,EV01829,56,5081176
8708,EV01634,95,325104
8708,EV00274,271,43264427
8708,EV00258,287,36828824
8709,EV01974,42,1503901
8709,EV01385,85,15296
8709,EV01251,127,82989
8709,EV01487,129,54063
8709,EV01269,164,192481
8709,EV00323,176,763819
8709,EV01014,182,322602
8710,EV00439,117,256687
8710,EV01353,118,56253
8710,EV01120,155,159486
8710,EV01305,197,232990
8711,EV00884,140,742333
8711,EV01723,148,1192687
8711,EV01548,158,48155
8711,EV01591,185,239097
8711,EV00120,255,6784186
8713,EV00709,85,107640
8713,EV00564,94,967106
8713,EV00712,155,334483
8713,EV00034,251,140653796
8714,EV00720,114,111179
8714,EV00605,143,121469
8714,EV00057,201,11663789
8715,EV01546,118,854164
8715,EV01276,143,93569
8715,EV01014,144,53889
8715,EV00093,230,1689564
8716,EV00810,98,241056
8716,EV00827,151,2596193
8716,EV00275,282,17005575
8717,EV01804,89,83996
8717,EV00544,123,31634
8717,EV00942,129,1103237
8717,EV01330,130,38075
8717,EV01218,154,663886
8717,EV00813,191,772571
8718,EV01473,121,280798
8718,EV01075,188,10152
8719,EV00597,100,58793
8719,EV00746,110,247212
8719,EV01246,119,1130330
8719,EV01072,123,1056373
8719,EV00628,135,113215
8719,EV00954,142,25574
8719,EV01076,147,85127
8720,EV00932,70,487541
8720,EV00567,113,248227
8720,EV01078,146,798939
8720,EV01715,159,257627
8720,EV01434,173,67445
8720,EV01770,196,490256
8720,EV01955,348,2820334
8721,EV00776,139,1997629
8721,EV00389,148,204641
8721,EV00154,244,73568559
8722,EV00757,190,360994
8722,EV00164,290,5872453
8723,EV01177,107,143607
8723,EV00536,166,45676
8723,EV01263,166,484984
8723,EV01777,174,72595
8723,EV00005,221,75505200
8724,EV00714,128,197342
8724,EV00799,134,124467
8724,EV01557,165,139510
8725,EV00843,104,52389
8725,EV00578,128,6259720
8725,EV01137,131,105169
8725,EV00309,220,2504065
8726,EV01136,111,1061275
8726,EV01711,135,1266793
8726,EV00337,143,466647
8726,EV00895,203,305555
8726,EV00216,228,201405
8726,EV00186,251,34425391
8727,EV00595,104,140926
8727,EV01155,120,1138220
8727,EV00812,191,1689522
8728,EV01816,127,660293
8729,EV00632,100,1105962
8729,EV01462,148,4541520
8729,EV01551,151,32687
8729,EV01525,160,112397
8729,EV00250,241,2479273
8729,EV00139,248,74265438
8730,EV00336,219,40798
8730,EV00206,279,2072546
8731,EV01251,113,88631
8731,EV01778,155,99429
8731,EV01334,162,234178
8731,EV01408,190,14631
8732,EV00895,109,203265
8732,EV01245,155,217712
8733,EV01423,73,219197
8733,EV00779,76,55143
8733,EV00837,76,41777
8733,EV01117,102,199396
8733,EV00949,117,828077
8733,EV00382,122,65480
8733,EV00473,173,678634
8733,EV00981,184,91480
8733,EV00156,214,10993232
8734,EV01256,60,2760884
8734,EV01135,83,892095
8734,EV01132,111,1566071
8734,EV01566,127,335835
8734,EV00522,145,398272
8734,EV00206,253,1105980
8735,EV01062,96,63204
8735,EV01702,119,82292
8735,EV00919,125,273221
8735,EV00942,140,291404
8735,EV01246,160,391560
8735,EV01732,173,62755
8735,EV00062,236,14142669
8736,EV00917,135,285605
8736,EV01804,153,110654
8736,EV00537,171,28640
8736,EV01752,203,139226
8737,EV00679,151,353023
8737,EV01158,174,187179
8738,EV01444,111,158583
8738,EV00710,117,1987712
8738,EV00121,271,6157236
8739,EV01025,93,10614302
8739,EV01456,140,583052
8739,EV01302,203,1716447
8740,EV00781,137,1367280
8740,EV01519,175,191832
8741,EV01330,124,40805
8741,EV01634,162,234717
8742,EV00595,128,213162
8743,EV00168,311,2514030
8744,EV00323,147,659996
8744,EV00218,273,12607460
8745,EV00561,86,312157
8745,EV00500,122,93818
8746,EV01048,135,500738
8747,EV01784,154,29602
8747,EV00120,290,10618655
8747,EV00093,291,1157777
8748,EV01237,114,65346
8748,EV00395,120,354993
8748,EV00340,153,953719
8748,EV00251,256,34415641
8749,EV00593,131,693519
8749,EV00928,203,20932
8750,EV00414,156,74377
8750,EV00655,167,197169
8750,EV00253,181,2245191
8750,EV01105,199,58265
8750,EV00180,246,2026476
8752,EV01625,60,891641
8752,EV00733,133,936338
8752,EV01304,138,73666
8752,EV01304,178,80991
8752,EV00802,235,720459
8753,EV01010,61,587838
8753,EV01730,187,431988
8754,EV01840,45,2504226
8754,EV00967,84,160771
8754,EV00579,95,332834
8754,EV01154,117,1288125
8754,EV01762,137,1818618
8754,EV01262,144,53943
8755,EV00588,83,1248785
8755,EV00627,91,189657
8755,EV00762,99,498190
8756,EV00833,97,414095
8756,EV01084,108,220532
8756,EV00618,120,2092705
8756,EV00358,145,238826
8756,EV01618,153,10802
8757,EV01254,142,924436
8757,EV00247,227,4774075
8757,EV00030,302,6659473
8758,EV01473,125,143025
8758,EV01671,125,172947
8758,EV00960,166,162860
8758,EV00669,201,147792
8759,EV00937,118,380463
8759,EV00896,144,254061
8759,EV01742,149,439763
8759,EV00198,267,19939120
8760,EV01126,103,87048
8760,EV00776,165,1986448
8760,EV01794,174,83897
8760,EV00121,229,14102943
8760,EV00086,244,9464560
8761,EV00600,82,69914
8761,EV00684,98,242674
8761,EV01795,107,189853
8761,EV00997,142,33764
8761,EV01611,159,130600
8761,EV01288,180,125819
8762,EV01134,117,63212
8762,EV00373,126,38783
8762,EV00364,177,595749
8762,EV00303,281,1907558
8763,EV01297,85,59717
8763,EV01238,89,175783
8763,EV01014,152,40521
8763,EV00719,185,100833
8764,EV00541,117,277354
8764,EV01422,134,34033
8764,EV01585,144,223451
8764,EV01404,162,842577
8765,EV00692,60,331173
8765,EV01451,115,156242
8765,EV01501,158,383232
8765,EV00571,190,1197599
8765,EV01976,361,2517252
8766,EV00747,122,114493
8766,EV01414,141,26388
8766,EV01209,160,545596
8766,EV01379,169,43832
8766,EV00597,181,34286
8767,EV00753,75,327198
8767,EV01274,108,8959
8767,EV01105,133,49492
8767,EV01687,144,1106945
8767,EV01415,158,606533
8767,EV01136,160,575492
8767,EV00683,236,252906
8768,EV00670,74,314006
8768,EV01211,81,117435
8768,EV01131,107,8227
8768,EV01277,115,27870
8768,EV00663,144,3334358
8769,EV01675,116,23121
8769,EV00212,285,21266318
8770,EV01646,129,29137
8770,EV00632,138,733543
8771,EV00967,194,55855
8772,EV01329,122,50947
8772,EV01076,135,156522
8772,EV01221,159,29201
8772,EV00569,174,183533
8772,EV00577,182,38683
8772,EV01758,186,50946
8772,EV00225,221,2886532
8773,EV01413,143,271222
8773,EV01296,149,176136
8773,EV01238,156,222175
8774,EV00552,113,431175
8774,EV01484,128,524937
8774,EV00946,138,132991
8774,EV01345,153,27508
8774,EV00856,155,563522
8775,EV00781,141,273808
8775,EV00821,184,378329
8775,EV00769,193,1016337
8776,EV01979,20,345392
8776,EV01476,122,35037
8776,EV01815,169,299953
8776,EV00051,254,10287919
8777,EV00649,138,12334813
8777,EV01725,158,984944
8777,EV01760,168,12509
8777,EV01379,186,22651
8778,EV01533,84,172130
8778,EV00705,145,546474
8778,EV00512,151,577839
8778,EV01499,173,430918
8778,EV00387,188,966904
8778,EV00115,277,1347330
8779,EV01602,105,327653
8779,EV01394,160,695247
8779,EV00535,192,18724
8779,EV01752,200,52873
8779,EV00078,242,8404585
8780,EV00744,88,353967
8780,EV01391,100,1172619
8780,EV00491,125,136496
8780,EV01085,129,616902
8781,EV01186,106,4474587
8781,EV01814,132,114800
8781,EV00718,145,33999
8781,EV00866,154,253420
8782,EV00389,121,250564
8782,EV00466,151,36681
8782,EV01661,155,460887
8782,EV01675,184,35649
8783,EV01869,21,1250956
8783,EV00391,184,19659
8783,EV00206,225,860535
8783,EV00039,246,2311308
8784,EV01795,114,202175
8784,EV01177,141,150784
8784,EV01335,157,9644937
8784,EV00588,163,845162
8785,EV00945,78,698762
8785,EV00508,135,420749
8785,EV01451,142,286088
8786,EV01847,57,1698569
8786,EV01368,134,639246
8786,EV00269,243,9484692
8788,EV01905,48,1040125
8788,EV01815,124,268244
8788,EV00731,139,496744
8788,EV00813,152,571434
8788,EV01233,159,1658541
8788,EV01748,159,587541
8788,EV00781,184,581844
8789,EV01000,114,33866
8789,EV01326,184,491409
8790,EV00328,156,646669
8790,EV01059,174,58755
8791,EV01723,143,539033
8791,EV01539,144,164782
8791,EV00757,162,904601
8791,EV01478,181,2201265
8792,EV00601,147,355560
8794,EV01778,144,98606
8794,EV01526,148,121981
8794,EV01304,156,211456
8794,EV00609,166,706401
8794,EV01666,194,458500
8794,EV00085,210,600170
8795,EV00954,66,60574
8795,EV01528,91,249497
8795,EV00509,152,128175
8795,EV00334,172,275102
8795,EV00773,180,307889
8796,EV00674,104,23705
8796,EV01211,149,73696
8797,EV00894,99,3184525
8798,EV01094,143,157252
8798,EV00843,164,101466
8798,EV00093,216,1783466
8799,EV00799,120,127674
8799,EV00718,164,49134
8799,EV00636,179,221801
8799,EV01317,185,76518
8799,EV01509,187,47139
8800,EV01769,94,141626
8800,EV00797,123,254024
8800,EV01764,134,565508
8800,EV00560,141,703764
8800,EV00498,191,399411
8801,EV01126,93,74032
8801,EV01360,201,673964
8802,EV00583,135,52825
8802,EV00435,159,65137
8802,EV01801,223,128434
8803,EV01759,105,84266
8803,EV01509,123,109978
8803,EV00901,147,664699
8803,EV01743,151,597519
8803,EV00959,157,778955
8803,EV01613,178,15370
8804,EV01289,86,23117
8804,EV00799,133,122704
8804,EV01089,177,519422
8804,EV00255,273,9618369
8804,EV01856,328,607417
8805,EV00786,179,58966
8805,EV00858,182,448730
8806,EV01672,119,129498
8806,EV01330,122,30647
8806,EV00318,235,2086017
8806,EV01906,349,320924
8807,EV01260,122,519097
8807,EV00962,136,887270
8807,EV00258,220,20700700
8808,EV01793,89,8470
8808,EV01297,146,60804
8809,EV01091,108,32002
8809,EV00654,112,166672
8809,EV00945,116,365130
8809,EV00472,158,31838
8809,EV00115,254,1631497
8810,EV00714,107,194818
8810,EV00657,166,291357
8810,EV00216,277,1194123
8811,EV00975,95,612269
8811,EV01136,124,1226249
8811,EV01217,165,290852
8812,EV00751,122,29839
8812,EV00793,125,62615
8812,EV00345,180,37071
8813,EV00330,136,137635
8813,EV01111,142,98604
8813,EV01617,148,42208
8813,EV01529,156,110902
8813,EV00802,186,1172202
8813,EV00219,273,37247851
8814,EV01291,105,95970
8814,EV01204,123,72928
8814,EV00779,142,66739
8814,EV01178,170,892680
8815,EV01756,91,229445
8815,EV01303,141,174874
8815,EV00116,277,6687422
8816,EV00548,100,36439
8817,EV01313,116,876749
8817,EV01780,132,46093
8817,EV01360,164,583731
8817,EV00158,286,839826
8818,EV01095,83,341815
8818,EV00884,127,902879
8818,EV01030,196,232455
8819,EV00376,141,76364
8819,EV00543,156,215991
8819,EV00387,173,580372
8819,EV01532,187,1019056
8819,EV01759,197,21236
8820,EV00612,97,18309
8820,EV00702,120,952143
8820,EV01579,128,1967026
8820,EV00950,142,289735
8821,EV01585,143,719144
8821,EV00560,151,141679
8821,EV00751,154,13281
8821,EV01357,186,601360
8822,EV01339,149,359154
8823,EV01130,144,73122
8823,EV00983,148,293316
8824,EV00867,72,455055
8824,EV00692,76,503831
8824,EV01233,96,581181
8824,EV00969,97,59850
8824,EV00342,125,406941
8824,EV00820,148,2936921
8824,EV00557,193,262796
8824,EV00486,195,95297
8824,EV00146,228,7429584
8824,EV01934,365,3367662
8825,EV01801,141,181170
8825,EV01543,152,1626234
8825,EV00600,179,63068
8826,EV01058,74,29620
8826,EV01361,161,86988
8826,EV01793,172,24713
8826,EV00141,244,13870465
8827,EV01620,90,154439
8827,EV01714,151,210576
8827,EV01023,190,160375
8828,EV00917,134,366477
8828,EV01451,223,153998
8828,EV00003,235,1963136
8829,EV00489,156,105043
8829,EV01389,162,29177
8829,EV00110,221,9747917
8830,EV00981,152,49834
8830,EV00321,181,150974
8830,EV01572,186,42330
8831,EV00255,221,10864321
8832,EV01223,128,648755
8832,EV00415,194,802719
8833,EV01255,80,1242991
8833,EV00884,110,160702
8833,EV00981,136,149979
8833,EV00779,141,33698
8833,EV01664,189,1571398
8834,EV01404,60,1125168
8834,EV01251,98,65598
8834,EV01206,163,3144828
8834,EV01731,212,2593285
8835,EV01752,143,136641
8835,EV01721,153,135391
8835,EV00884,159,1005660
8835,EV01034,164,693186
8835,EV00786,183,84246
8836,EV01314,82,315924
8836,EV01735,95,30505
8836,EV00896,112,179161
8836,EV00555,123,409968
8836,EV01315,151,1290581
8836,EV01382,163,55642
8836,EV01399,165,248195
8837,EV01578,80,73415
8837,EV00548,88,38565
8837,EV00657,155,262043
8837,EV01122,162,2288219
8838,EV01918,21,418294
8838,EV01782,125,2017973
8838,EV01026,157,336299
8839,EV01158,94,192682
8839,EV01695,99,1854909
8839,EV01404,126,460165
8839,EV01404,165,554442
8839,EV01609,169,36102
8839,EV01277,191,66485
8840,EV00888,134,1638822
8840,EV00382,147,14870
8840,EV01743,148,1416679
8840,EV01348,154,1009941
8840,EV01264,182,1311987
8840,EV00280,253,20805935
8841,EV01780,110,70100
8841,EV01532,120,1915187
8841,EV01478,140,5474975
8841,EV00699,161,67570
8841,EV00499,181,51860
8841,EV01078,186,613725
8841,EV00178,212,548039
8842,EV00547,91,88778
8842,EV00435,107,390417
8842,EV01351,160,18768
8842,EV00553,167,1022421
8842,EV01177,184,286929
8843,EV00772,124,161935
8843,EV01240,165,606522
8843,EV01768,176,539932
8844,EV01913,41,584299
8844,EV01300,132,118931
8844,EV01534,142,3054448
8844,EV01491,152,480930
8844,EV01228,179,34965
8845,EV01814,110,228553
8845,EV00375,122,109579
8845,EV01634,149,246041
8845,EV00291,259,6256784
8845,EV00017,261,1820307
8845,EV00258,269,17287291
8846,EV00548,161,74280
8847,EV00915,126,48486
8847,EV01756,132,143533
8847,EV01030,134,444171
8847,EV01280,137,123349
8848,EV00443,86,344427
8848,EV01310,117,20221
8848,EV01650,154,400529
8849,EV01573,124,82456
8849,EV00624,141,330205
8850,EV01513,134,950454
8850,EV00763,177,46261
8850,EV00719,179,54244
8850,EV01217,209,227120
8851,EV00720,108,52407
8851,EV00946,153,78558
8851,EV00969,159,27246
8852,EV01404,114,593359
8852,EV01203,117,1868280
8852,EV01513,140,2316808
8852,EV01767,188,1276864
8853,EV00619,83,388228
8853,EV01119,186,155377
8853,EV00529,187,2165821
8854,EV01353,103,45732
8854,EV00395,157,131120
8854,EV01044,222,44848
8854,EV00294,287,4060791
8855,EV01275,79,782623
8855,EV01435,119,32324
8855,EV01720,127,456223
8855,EV00388,143,331874
8855,EV01198,144,168156
8855,EV01385,149,82402
8855,EV00592,164,90220
8855,EV00216,261,386597
8856,EV01072,118,443049
8856,EV00436,133,186805
8856,EV00803,179,151068
8856,EV00896,180,412253
8857,EV00941,88,24635
8857,EV01521,161,4827917
8857,EV00574,192,234204
8857,EV01202,221,42866
8858,EV00666,90,198644
8858,EV01351,114,30428
8858,EV01439,129,992336
8858,EV00595,141,18263
8859,EV01580,92,90328
8859,EV00790,114,62949
8859,EV01346,146,71507
8859,EV00665,160,45723
8859,EV00087,238,75951798
8860,EV01177,92,209756
8860,EV01027,139,550359
8860,EV00722,159,62848
8860,EV00190,243,41270200
8861,EV01435,118,77239
8861,EV01360,137,1245869
8861,EV00966,151,10720398
8862,EV01413,142,179512
8862,EV01240,189,984182
8862,EV01045,227,3661811
8862,EV00304,254,18731443
8862,EV00198,279,26819503
8863,EV01796,124,111202
8864,EV00751,137,19337
8865,EV00731,102,1496523
8865,EV00414,110,65318
8865,EV00842,168,45830
8865,EV01343,174,222667
8866,EV00498,97,667790
8866,EV01424,123,515547
8867,EV00460,100,1315078
8867,EV01701,135,52565
8867,EV00657,153,315556
8868,EV01302,169,1446175
8868,EV00501,176,27328
8869,EV01439,71,1066674
8869,EV01103,94,236331
8869,EV00703,99,186985
8869,EV01245,153,266906
8869,EV00615,182,427444
8869,EV00140,245,941105
8870,EV00754,119,257691
8870,EV00326,133,230520
8870,EV01032,159,113994
8870,EV00303,290,728353
8870,EV00280,302,22422175
8871,EV00570,91,1319743
8871,EV01808,96,278261
8871,EV00767,101,79956
8871,EV00685,134,1363747
8871,EV01439,144,1361032
8871,EV00856,173,1525434
8871,EV00351,185,504459
8871,EV01633,193,14469
8871,EV00866,226,582255
8871,EV00060,244,2391458
8872,EV01124,105,1049905
8872,EV01392,152,655827
8872,EV00178,264,651292
8872,EV00112,280,4172562
8873,EV01559,133,363115
8873,EV00418,157,368863
8873,EV00383,170,53890
8874,EV01428,127,179522
8874,EV00331,141,652902
8874,EV01782,146,2020140
8874,EV01439,151,2072673
8874,EV00535,179,80747
8874,EV01594,204,239732
8875,EV01690,85,95471
8875,EV01742,153,359614
8875,EV00432,181,731824
8875,EV00003,264,1728182
8876,EV01640,140,144413
8876,EV00850,152,189249
8876,EV01278,169,797766
8876,EV00198,270,33053706
8877,EV00895,94,237544
8877,EV00594,115,35629
8878,EV01100,81,12497
8878,EV01808,92,405965
8878,EV01273,114,184393
8878,EV01332,154,89069
8878,EV01675,159,9726
8878,EV01075,167,30450
8878,EV00499,171,44409
8878,EV00115,238,1382595
8879,EV01444,155,346392
8879,EV01609,179,40201
8880,EV01436,113,1950623
8880,EV00705,118,480226
8880,EV00839,120,41492
8880,EV01052,121,42041
8880,EV00361,125,230042
8880,EV00655,145,62320
8880,EV01081,145,101032
8880,EV00761,152,893674
8881,EV00366,141,1180987
8881,EV00583,186,86656
8881,EV01633,216,104661
8882,EV01166,115,99952
8882,EV00790,130,52041
8882,EV00682,133,21137
8882,EV00810,156,418969
8882,EV01070,162,201215
8882,EV00558,166,750717
8883,EV01821,18,2448563
8883,EV00431,137,66448
8883,EV00258,224,19639007
8885,EV00508,60,371790
8885,EV01183,84,106333
8885,EV01187,90,145480
8885,EV00947,93,158648
8885,EV00715,119,184964
8885,EV01546,122,626064
8885,EV01348,153,1632413
8885,EV00715,162,270672
8885,EV00039,228,2109629
8885,EV00013,255,8604711
8886,EV00479,110,181154
8886,EV01421,147,118611
8886,EV00831,154,668664
8887,EV00703,119,41385
8887,EV00805,127,144280
8887,EV00888,152,1852885
8887,EV00748,182,25415
8888,EV01056,156,86784
8888,EV01578,182,31903
8889,EV01179,100,456454
8889,EV00423,121,152386
8889,EV00747,136,131712
8890,EV01891,42,3348303
8890,EV01048,147,565951
8890,EV00703,161,100108
8890,EV00600,162,48050
8891,EV00760,183,130851
8891,EV00255,268,5668913
8892,EV00358,192,33998
8893,EV01528,77,252556
8893,EV00636,151,235236
8893,EV00772,191,481719
8893,EV01760,194,34957
8894,EV00879,147,266011
8895,EV01753,94,53733
8895,EV01141,145,148088
8895,EV01752,165,150468
8895,EV00376,187,145356
8896,EV01426,99,1423693
8896,EV01887,332,9872356
8897,EV00451,69,157641
8897,EV00486,94,78508
8897,EV01744,127,20215
8897,EV00450,173,1284395
8897,EV00696,173,575871
8897,EV00008,263,14242684
8898,EV00432,87,219356
8898,EV00577,128,29574
8898,EV00692,164,658319
8898,EV00496,165,42057
8898,EV01471,168,124716
8898,EV00126,235,7422537
8898,EV00225,267,915931
8899,EV00766,148,256525
8899,EV01105,203,61685
8900,EV00350,139,49647
8900,EV01675,148,25335
8900,EV00837,224,52033
8901,EV01591,102,46472
8901,EV00897,129,575841
8901,EV01360,166,848240
8901,EV00275,193,12207956
8901,EV00044,224,22570389
8902,EV01568,106,1304242
8902,EV00522,144,325292
8902,EV01651,169,400734
8903,EV01923,11,555294
8903,EV01401,124,1011385
8903,EV01453,140,2900063
8903,EV00045,239,8878524
8904,EV00420,118,2263238
8904,EV01413,153,149422
8904,EV01373,162,138388
8904,EV00140,242,756206
8905,EV01076,75,70029
8905,EV01634,88,246551
8905,EV00493,138,63189
8905,EV00584,139,87212
8905,EV01448,155,311423
8905,EV00520,159,688243
8905,EV01312,179,3827187
8905,EV00712,187,144201
8905,EV00115,256,2844915
8906,EV01453,68,1019838
8906,EV01719,101,1053034
8906,EV01801,119,101200
8906,EV01404,202,422716
8906,EV00222,220,3443817
8906,EV00020,241,2274341
8906,EV00003,275,1428648
8907,EV01176,84,1374474
8907,EV00510,101,1773360
8907,EV01545,105,22110
8907,EV00930,112,2595665
8907,EV01246,132,737988
8907,EV01542,195,447941
8908,EV01324,98,5256058
8908,EV01070,170,331345
8908,EV01701,183,60689
8908,EV00423,197,529936
8908,EV01044,215,113842
8908,EV00046,248,7340599
8908,EV00177,299,12314764
8909,EV01945,9,1277870
8909,EV01997,26,622680
8909,EV00546,112,58828
8909,EV00431,125,178983
8909,EV01568,150,918511
8909,EV00682,156,104321
8909,EV00104,197,5546271
8910,EV01228,122,27509
8910,EV01144,139,250541
8910,EV00983,149,168684
8910,EV01806,151,31367
8910,EV00891,156,9565582
8910,EV01651,158,247836
8910,EV01526,203,142767
8911,EV00666,101,121086
8911,EV00942,140,1464789
8911,EV01663,158,156033
8911,EV01778,165,65822
8911,EV01672,198,114344
8911,EV00175,281,4213479
8912,EV01105,142,211827
8912,EV00787,169,140536
8912,EV00566,185,133692
8913,EV01464,128,34392
8913,EV00715,158,140691
8913,EV01570,174,212099
8913,EV00453,184,1018887
8914,EV01580,82,32863
8914,EV00837,86,52803
8914,EV00384,120,459099
8914,EV00534,186,470893
8915,EV01578,98,90549
8915,EV00749,210,87305
8916,EV00553,102,1551299
8916,EV00900,114,426096
8916,EV01524,130,261055
8916,EV00730,163,7791418
8916,EV01178,178,626230
8916,EV00073,316,5229041
8917,EV00534,66,710800
8917,EV00754,89,481473
8917,EV00751,115,11949
8917,EV00507,164,1907448
8917,EV00326,182,91911
8918,EV01290,165,182805
8918,EV01209,182,447539
8918,EV01404,209,362340
8919,EV01276,136,116685
8920,EV00593,136,637278
8920,EV00809,139,138596
8920,EV00361,160,204924
8920,EV01565,206,342321
8921,EV00558,106,1128854
8921,EV00972,140,1970089
8921,EV00249,273,1116093
8922,EV01168,74,57070
8922,EV00589,96,412129
8923,EV00568,108,458777
8923,EV00361,149,176091
8923,EV01675,174,38003
8924,EV01913,15,945249
8924,EV01108,107,102779
8924,EV00555,130,452854
8924,EV00288,226,215446
8924,EV01037,233,122665
8925,EV00464,121,1268427
8925,EV00494,129,344962
8926,EV01729,85,1576978
8926,EV01345,142,51480
8927,EV01608,167,77012
8928,EV00869,103,885617
8928,EV01796,119,89545
8928,EV00935,121,2048025
8928,EV00997,128,42386
8928,EV01650,148,540009
8928,EV01779,162,226712
8928,EV01590,164,55276
8928,EV00548,194,133934
8929,EV01415,123,254719
8929,EV01172,160,213411
8930,EV01695,110,867247
8930,EV01580,111,58434
8930,EV00331,112,857626
8930,EV00540,143,34769
8931,EV00900,116,892590
8931,EV00548,155,66575
8932,EV01228,139,7876
8932,EV00773,167,511494
8933,EV01371,118,1136934
8933,EV01052,127,11766
8933,EV01677,138,386685
8933,EV00423,140,173834
8933,EV00851,142,21993
8933,EV01564,152,3133650
8933,EV01217,168,70042
8933,EV00267,279,11779890
8934,EV00536,145,6180
8934,EV01059,149,51470
8934,EV00247,273,5468889
8935,EV00384,157,596008
8935,EV01471,198,386955
8935,EV00129,308,66580448
8936,EV01068,222,384580
8936,EV00188,261,26449258
8937,EV01701,101,113434
8937,EV01351,155,22677
8937,EV00879,171,231812
8937,EV00134,198,4346496
8938,EV01221,126,125133
8938,EV00775,170,385420
8938,EV00949,180,1588152
8938,EV01732,184,33996
8939,EV01860,47,582322
8939,EV00779,123,55895
8939,EV00662,144,79960
8940,EV01932,34,255361
8940,EV01369,113,890432
8940,EV01813,124,677187
8940,EV01445,158,2943410
8940,EV00655,168,349516
8940,EV01650,171,1024433
8941,EV00748,84,58987
8941,EV01369,113,916761
8941,EV01590,130,41721
8941,EV00180,223,2646915
8941,EV00106,275,9608251
8942,EV01077,168,460022
8942,EV01778,193,91881
8942,EV00014,260,20862219
8943,EV01450,83,1933996
8943,EV01524,135,201660
8944,EV00548,117,56308
8944,EV01238,155,811474
8944,EV01204,157,38643
8944,EV01246,165,255511
8944,EV01298,185,541629
8944,EV00251,240,18977993
8945,EV00718,160,11188
8945,EV00864,167,43990
8945,EV00739,173,510448
8946,EV01584,119,3855599
8946,EV00555,205,461654
8947,EV00539,78,2108422
8947,EV00427,131,37749
8948,EV00847,97,40372
8948,EV00555,114,365010
8948,EV00315,276,6004045
8949,EV01352,240,2212620
8949,EV00086,251,25544013
8950,EV00809,135,110903
8950,EV01798,152,834251
8950,EV00087,244,28152559
8951,EV01687,95,1373402
8951,EV01575,128,47152
8951,EV01651,155,103152
8951,EV01273,177,64981
8951,EV00900,179,648667
8951,EV01680,182,830404
8952,EV00633,87,3935413
8952,EV01731,98,2182802
8952,EV00884,101,1057781
8952,EV00206,225,1503434
8953,EV02000,38,2509069
8953,EV01825,48,652630
8953,EV01424,65,1536139
8953,EV01471,170,81281
8953,EV00262,213,9753379
8953,EV00075,229,21435011
8954,EV01842,38,409410
8954,EV01435,103,61954
8954,EV01158,109,117038
8954,EV01204,158,52072
8955,EV01938,57,495336
8955,EV01491,112,231026
8955,EV01568,115,3472312
8955,EV00908,128,593981
8955,EV01243,186,18871
8956,EV00639,172,1122306
8956,EV00986,177,461403
8957,EV01558,113,187030
8957,EV00884,146,596235
8957,EV01632,149,1329412
8957,EV00767,190,34714
8957,EV01487,192,79157
8957,EV00300,226,4674260
8958,EV00328,205,1284185
8958,EV00030,219,10252482
8958,EV00039,248,2022948
8959,EV01229,69,647280
8959,EV00911,101,121793
8959,EV01550,123,642836
8959,EV01581,123,155373
8959,EV00251,253,27711822
8961,EV01703,128,100361
8961,EV00923,132,81850
8962,EV00820,89,3983000
8962,EV01539,125,27977
8962,EV00603,188,152517
8962,EV00140,216,1229268
8962,EV01138,226,155650
8963,EV01715,103,433990
8963,EV01471,125,157462
8963,EV00489,145,225594
8963,EV01574,147,527803
8963,EV01649,168,123698
8963,EV01687,194,1604746
8963,EV00225,195,3732717
8964,EV00679,128,383865
8964,EV01138,138,148542
8964,EV00863,153,151855
8965,EV01781,98,310056
8966,EV01778,109,136171
8966,EV01427,130,156713
8967,EV00809,134,185725
8967,EV00870,169,3283411
8967,EV00017,213,1082077
8967,EV00288,241,408395
8968,EV01033,126,1198111
8968,EV00890,141,22941
8968,EV01204,175,123196
8969,EV00983,113,224436
8969,EV00465,120,233871
8970,EV01686,148,52601
8970,EV00214,215,20666687
8971,EV00393,83,275109
8971,EV00696,107,930046
8971,EV01761,121,344786
8971,EV00358,144,372530
8971,EV00652,156,4663463
8972,EV01275,140,518774
8972,EV01172,152,366862
8972,EV00206,246,4461264
8973,EV01289,102,26847
8973,EV01551,110,46503
8973,EV00039,209,786138
8974,EV00805,104,75230
8974,EV01498,109,80858
8974,EV00391,138,49792
8975,EV01164,81,2653594
8975,EV01180,84,137289
8975,EV00985,105,74985
8975,EV01721,183,169446
8975,EV01274,204,30768
8975,EV01143,228,279324
8975,EV00113,242,928390
8975,EV00225,281,847097
8976,EV01783,90,268878
8976,EV00751,99,8630
8976,EV01562,103,3738718
8976,EV00871,105,830834
8976,EV00436,120,468364
8976,EV00720,124,65948
8976,EV01273,128,129871
8976,EV01809,139,1463151
8976,EV00123,279,20259973
8977,EV01518,83,797171
8977,EV01343,146,189374
8977,EV01272,147,188043
8977,EV00361,179,355739
8978,EV00753,97,658275
8979,EV00614,83,850549
8979,EV01289,110,39824
8979,EV00550,149,1032342
8979,EV01372,159,932565
8979,EV00376,163,44589
8979,EV01267,187,441272
8979,EV01167,219,65662
8979,EV00259,309,12327240
8980,EV01869,45,881119
8980,EV01482,150,303468
8980,EV01414,170,33210
8981,EV01237,118,87612
8981,EV00566,172,256646
8982,EV00328,85,1455059
8982,EV00700,92,376362
8982,EV00760,124,66257
8982,EV01172,159,244080
8982,EV00855,172,2974772
8982,EV00059,219,8099584
8982,EV00140,286,1138076
8983,EV00387,95,1108689
8983,EV00367,117,2502968
8983,EV01414,151,23415
8983,EV01226,176,44783
8983,EV01233,177,883459
8983,EV00093,268,1829944
8984,EV00489,90,119250
8984,EV00699,111,36759
8984,EV01250,150,25656
8984,EV00275,198,5709335
8984,EV01209,222,212649
8984,EV00175,261,1759365
8985,EV01177,81,105539
8985,EV01576,110,2523507
8985,EV00848,150,11240
8985,EV01166,150,215468
8985,EV00291,232,7001711
8986,EV01427,66,158367
8986,EV01570,133,280780
8986,EV01580,145,64629
8986,EV00731,165,564876
8986,EV00662,190,129319
8987,EV01421,125,31358
8987,EV00881,130,869284
8989,EV01466,115,10591042
8989,EV01121,134,341175
8989,EV01537,149,263577
8989,EV00917,152,355849
8990,EV00785,137,268516
8990,EV01513,171,2287601
8991,EV01997,40,534646
8991,EV00339,89,296272
8991,EV01435,144,75413
8991,EV00591,146,964088
8991,EV01235,147,212393
8991,EV00031,231,1022283
8992,EV01238,127,189526
8992,EV00623,145,233593
8992,EV00288,231,373565
8992,EV00059,263,6440196
8992,EV00206,263,790627
8993,EV01623,123,48007
8993,EV00896,125,71437
8993,EV01568,132,1342687
8993,EV00558,183,1031704
8993,EV01813,216,970451
8994,EV01477,74,1095160
8994,EV01745,99,79259
8994,EV01684,128,19131
8994,EV01580,132,49161
8995,EV01136,89,783242
8995,EV01306,117,89071
8995,EV00470,200,37199
8996,EV01367,136,1627531
8996,EV00003,206,1136954
8997,EV01693,116,263728
8997,EV01023,146,109350
8997,EV00751,190,11085
8998,EV01001,136,76376
8998,EV01072,192,491180
8998,EV01464,217,60012
8999,EV01917,44,1151322
8999,EV01273,69,155855
8999,EV01769,76,244914
8999,EV00788,132,149135
8999,EV01672,150,130586
8999,EV00249,192,1383853
8999,EV00225,253,3125219
8999,EV00250,266,2085292
8999,EV00246,334,7249472
9000,EV01197,110,173463
9000,EV01029,154,72227
9000,EV01158,160,193233
9000,EV00366,172,644336
9000,EV00075,309,28679797
9001,EV01740,131,893566
9001,EV00568,152,586249
9001,EV00309,258,6212706
9002,EV00801,121,6002662
9002,EV01206,129,613202
9002,EV00600,179,33240
9002,EV00722,187,89275
9002,EV00168,250,2409373
9002,EV00224,251,5203165
9003,EV00986,79,488975
9003,EV01550,157,1210928
9003,EV01158,164,151618
9004,EV01221,90,60410
9004,EV01913,354,1773573
9005,EV00718,184,5324
9006,EV01823,74,1335455
9006,EV00799,144,118638
9006,EV01221,155,77951
9006,EV01177,159,172443
9006,EV01565,165,1044871
9006,EV00078,303,4619238
9007,EV01216,120,1308706
9007,EV01138,130,144933
9007,EV00579,167,180290
9007,EV01041,183,265467
9007,EV00515,195,250315
9009,EV01414,106,31049
9009,EV01536,107,50686
9009,EV01240,122,837102
9009,EV01125,145,1168459
9009,EV01483,201,860426
9010,EV00821,79,102935
9010,EV00522,201,162303
9011,EV00444,77,99209
9011,EV01650,120,101583
9012,EV01190,107,235165
9012,EV01202,170,91574
9012,EV01701,172,76090
9013,EV00767,112,29017
9013,EV00775,174,786040
9014,EV01791,90,61285
9014,EV00363,110,108510
9014,EV01444,146,417761
9014,EV01588,151,36319
9014,EV00288,242,500896
9014,EV00288,264,1207141
9015,EV00863,158,188746
9015,EV01796,166,118091
9016,EV01373,89,106731
9016,EV00738,104,333578
9016,EV00281,312,6399052
9017,EV01020,137,884531
9017,EV00564,138,745052
9017,EV01373,202,163622
9017,EV00137,267,8287183
9018,EV01718,76,1056436
9018,EV01518,148,540003
9018,EV00431,155,111933
9019,EV00663,141,1492286
9019,EV00849,169,2292696
9020,EV00783,106,113953
9020,EV01263,144,293957
9020,EV00406,152,257004
9020,EV00843,156,97532
9020,EV00712,160,231682
9021,EV00489,141,141852
9021,EV00121,221,4415552
9021,EV01451,227,143283
9022,EV01614,82,655513
9022,EV01276,103,132885
9022,EV01533,133,25297
9022,EV01403,138,1168990
9023,EV01768,127,535886
9023,EV01274,128,94948
9023,EV01368,175,178343
9023,EV00644,188,7125602
9024,EV01778,150,70455
9024,EV01640,163,156881
9024,EV01292,198,713220
9024,EV00083,262,4225432
9024,EV01836,364,464712
9025,EV00862,131,97270
9025,EV01228,177,50611
9026,EV01324,85,1057622
9026,EV01518,161,713646
9026,EV01328,175,91718
9026,EV01509,195,60764
9027,EV00515,112,620422
9027,EV00571,118,769807
9028,EV01796,135,106065
9028,EV01401,154,593544
9028,EV00493,159,157360
9028,EV00667,160,481953
9028,EV01513,217,2889932
9029,EV01190,89,653805
9029,EV00734,113,40309
9029,EV00359,160,743399
9029,EV01659,160,179099
9029,EV01414,201,33526
9029,EV00082,219,3984822
9029,EV00315,302,6787073
9030,EV00330,92,237353
9030,EV01362,165,312253
9030,EV00138,268,4643451
9031,EV00655,127,129036
9031,EV00885,131,746282
9031,EV00509,138,184491
9031,EV00978,163,1785193
9031,EV00820,211,1264127
9032,EV00557,95,134609
9032,EV01545,134,11755
9032,EV01127,137,71843
9032,EV01297,148,43183
9032,EV01382,186,71313
9032,EV00751,201,9516
9033,EV01175,79,42666
9033,EV00519,124,75557
9033,EV00548,138,27501
9033,EV01675,139,15132
9034,EV00827,130,1249479
9034,EV01513,133,1169019
9034,EV01747,150,175437
9034,EV01789,170,93589
9034,EV00960,192,641092
9034,EV00288,290,753176
9035,EV00699,145,50514
9036,EV00931,95,25598
9036,EV01671,135,91985
9036,EV00664,138,1426615
9036,EV01797,141,278101
9036,EV01838,344,1561161
9037,EV01291,103,87657
9037,EV01668,134,851072
9037,EV01675,171,50445
9037,EV00146,257,6753494
9038,EV00329,119,135878
9038,EV00809,143,113923
9038,EV00140,260,515673
9039,EV00110,256,13209464
9040,EV01758,178,47148
9041,EV01836,41,491498
9041,EV01520,89,271071
9041,EV00325,91,322665
9041,EV01581,93,247922
9041,EV01416,103,1196767
9041,EV00750,149,406122
9041,EV00329,163,231314
9041,EV00542,169,66229
9042,EV00674,60,78287
9042,EV00821,60,145316
9042,EV01661,124,1035413
9042,EV00833,180,185615
9043,EV01956,1,2161953
9043,EV00723,76,9491
9043,EV01105,166,85559
9044,EV00577,182,12918
9045,EV00754,123,229982
9045,EV01044,184,77399
9046,EV00790,97,87113
9046,EV01570,99,66101
9046,EV01519,101,228988
9046,EV01471,162,195785
9046,EV00587,166,805524
9046,EV00444,176,126959
9046,EV00258,227,31197307
9047,EV01967,35,520809
9047,EV01385,143,21084
9047,EV01450,168,1262720
9048,EV01413,114,231128
9048,EV00799,145,95885
9048,EV01164,171,1555666
9048,EV00699,188,100249
9049,EV01737,87,1039285
9049,EV00636,207,166043
9049,EV00329,220,202460
9049,EV00183,247,6581882
9050,EV00896,87,125627
9050,EV00537,93,42096
9050,EV00494,95,264273
9050,EV00631,132,65206
9051,EV00850,90,58226
9051,EV00201,153,34262162
9051,EV01131,175,9046
9051,EV01650,213,299342
9051,EV00281,235,4708124
9052,EV01901,28,762570
9052,EV00641,107,1417280
9052,EV00976,161,4791179
9053,EV00942,87,744346
9053,EV01093,131,2639754
9053,EV01730,131,1679202
9053,EV01326,143,304976
9053,EV01591,159,222419
9053,EV00831,167,446637
9053,EV00561,178,498962
9055,EV01701,137,73629
9055,EV00619,191,152636
9056,EV01341,82,82057
9056,EV01659,116,98872
9057,EV01345,104,87631
9057,EV00717,116,44927
9057,EV01330,140,107568
9057,EV01464,168,38830
9057,EV00118,240,26350308
9057,EV00179,256,46707789
9058,EV01756,187,116846
9059,EV01706,114,696283
9059,EV01326,122,367582
9059,EV01285,159,454770
9059,EV00992,161,101981
9059,EV00270,257,10848617
9060,EV01117,112,107112
9060,EV00894,145,2922171
9061,EV01730,116,2577688
9061,EV01394,138,764558
9061,EV01695,145,1729767
9061,EV01742,155,221593
9061,EV00575,180,2631560
9061,EV00191,249,1317709
9062,EV00428,118,969473
9062,EV01260,140,939984
9062,EV00412,144,693651
9062,EV01500,149,190539
9062,EV00742,168,356051
9062,EV00628,177,36523
9062,EV01622,179,19607
9063,EV00684,72,180047
9063,EV00698,119,166262
9063,EV01778,163,193129
9063,EV01304,177,265217
9063,EV00316,247,45390022
9064,EV01306,120,41999
9064,EV00846,145,371839
9064,EV01897,365,5476612
9065,EV00018,278,108628132
9066,EV00604,85,337893
9066,EV01815,138,146130
9066,EV01464,159,12104
9067,EV01026,88,610851
9067,EV00591,150,592716
9067,EV00189,299,4472113
9068,EV00887,143,44354
9068,EV01793,186,74496
9069,EV01117,99,94762
9069,EV01634,151,209022
9070,EV00443,87,337560
9070,EV00729,125,158590
9070,EV01276,136,83876
9070,EV01060,164,22035
9070,EV00093,252,2571704
9071,EV01290,112,82686
9071,EV00985,117,175421
9072,EV00671,82,59976
9072,EV01081,113,202650
9072,EV01385,142,92093
9072,EV00938,166,45296
9073,EV01913,30,508955
9073,EV01444,93,265166
9073,EV00840,115,49563
9073,EV01505,128,459602
9073,EV01390,132,1003049
9073,EV01424,143,1290948
9073,EV01652,151,2552172
9073,EV00008,323,12869397
9074,EV01659,177,53728
9074,EV00603,180,451955
9074,EV00267,276,30924765
9075,EV01503,139,1257756
9075,EV00657,150,279419
9075,EV00732,150,1738814
9075,EV01671,159,116031
9075,EV01394,176,1310822
9075,EV00112,229,2470940
9076,EV01110,60,93418
9076,EV00594,95,29015
9076,EV01740,108,581060
9076,EV00941,133,53931
9076,EV00537,146,137309
9077,EV00790,62,60346
9077,EV00356,103,290386
9077,EV01441,125,745330
9077,EV01392,149,548184
9077,EV01695,152,386098
9077,EV00716,163,838267
9077,EV01783,182,164288
9077,EV00140,239,1118003
9078,EV01886,4,827357
9078,EV00413,89,92942
9078,EV00628,91,71309
9078,EV00793,119,78882
9078,EV00382,195,62979
9078,EV00660,199,1803979
9078,EV00019,219,15380218
9078,EV00154,252,75425261
9079,EV01661,73,793606
9079,EV01251,144,90841
9079,EV00486,182,188177
9079,EV00049,226,52334646
9080,EV01490,152,459303
9081,EV01343,138,184394
9081,EV01740,150,374833
9081,EV00246,276,8338917
9082,EV00524,85,694986
9083,EV01755,93,874545
9083,EV01814,122,81339
9083,EV01108,141,58981
9083,EV01148,146,2246456
9083,EV01408,151,71721
9083,EV01641,182,213841
9084,EV01685,79,47250
9084,EV00738,120,235395
9084,EV00699,162,36335
9084,EV01100,215,19095
9084,EV00157,284,38403505
9085,EV01187,60,157421
9085,EV01197,60,47901
9085,EV00326,112,139272
9085,EV00502,142,469327
9085,EV01493,155,5733482
9085,EV01342,162,19793
9085,EV00264,270,612596
9086,EV01251,200,96763
9086,EV00068,233,12869456
9086,EV00259,303,17166865
9087,EV00814,158,544116
9088,EV01558,108,216726
9088,EV00156,255,4296342
9089,EV00365,116,247880
9089,EV00366,134,800913
9089,EV00140,275,992445
9089,EV00183,281,13412550
9089,EV00188,283,48169523
9090,EV01591,121,246242
9090,EV01310,198,48101
9090,EV00156,253,8221001
9091,EV01148,89,682748
9091,EV00918,100,1022598
9091,EV01136,134,1499255
9091,EV01734,149,1051217
9091,EV00249,261,1560541
9092,EV00914,114,603329
9092,EV01611,122,166557
9092,EV00846,152,438813
9092,EV01006,198,183656
9092,EV00120,242,10971669
9093,EV00327,108,329880
9093,EV00871,152,742217
9093,EV01100,163,57372
9093,EV00489,167,200739
9093,EV00010,191,10442240
9094,EV01254,164,1040193
9094,EV00168,217,3728493
9094,EV01916,364,1324168
9095,EV01103,66,185332
9095,EV01314,107,859037
9095,EV00422,141,5299188
9095,EV01165,146,118754
9095,EV00520,150,1162735
9095,EV00966,175,998214
9095,EV00130,256,3947388
9096,EV00471,199,1165236
9096,EV00116,248,4559873
9097,EV01846,9,1080332
9097,EV01634,100,93197
9097,EV00470,111,9622
9097,EV01084,111,201112
9097,EV01333,113,84107
9097,EV01332,129,2661117
9097,EV01778,155,59737
9097,EV01154,165,2133597
9097,EV01180,191,62465
9098,EV01442,110,875301
9098,EV00738,146,144556
9098,EV01108,153,81218
9098,EV00423,161,284447
9098,EV00480,192,89312
9098,EV00243,235,11493319
9099,EV00911,99,25913
9099,EV00472,106,30643
9099,EV00663,119,1769819
9099,EV01055,133,2343456
9099,EV01368,152,974937
9099,EV01188,158,429982
9099,EV01110,172,87211
9099,EV00082,257,2019618
9100,EV00550,80,709217
9100,EV00538,106,193668
9100,EV00699,133,66346
9100,EV01471,141,248289
9100,EV00367,155,1428249
9100,EV00899,168,41270
9100,EV01114,172,281895
9101,EV01282,101,3043474
9101,EV00805,143,162256
9101,EV01632,163,4878724
9101,EV00429,182,397152
9102,EV01919,5,666989
9102,EV00933,156,27555
9103,EV01312,90,5559703
9103,EV01325,118,1248592
9103,EV01580,121,99540
9103,EV01591,132,132166
9103,EV00694,137,663022
9103,EV00892,144,168902
9103,EV01505,181,370492
9103,EV00061,268,10608655
9103,EV00220,269,44932460
9104,EV00496,154,125674
9104,EV00301,271,2266293
9105,EV00920,100,138764
9105,EV01307,103,1767775
9105,EV01290,126,102272
9105,EV01589,131,646031
9105,EV00555,161,137107
9106,EV00017,238,2079237
9106,EV00045,246,4614667
9107,EV01276,144,42858
9107,EV01471,173,123605
9108,EV01546,135,214356
9108,EV01424,182,1464728
9109,EV01530,115,328076
9109,EV00532,129,280732
9109,EV01094,157,64749
9109,EV00412,173,378911
9109,EV00365,228,531553
9109,EV00168,265,2673218
9109,EV00201,276,20620583
9110,EV01903,23,3223525
9110,EV00052,292,23372673
9111,EV01455,104,416588
9111,EV00855,118,1248188
9111,EV01717,155,46118
9111,EV00184,265,12067382
9112,EV01464,107,119507
9112,EV01632,147,1378985
9112,EV01413,178,138778
9113,EV00471,113,1264760
9113,EV01290,126,260757
9113,EV00997,135,17711
9113,EV01228,137,13601
9113,EV01006,198,125780
9114,EV01486,133,1072962
9114,EV01557,139,19806
9114,EV01548,152,91595
9114,EV01251,189,41151
9115,EV01385,105,11897
9115,EV00896,109,166228
9115,EV01756,118,199007
9115,EV00838,119,1381338
9115,EV01512,140,1031236
9115,EV01044,149,102649
9115,EV00048,281,145129813
9116,EV01541,148,737263
9116,EV01435,151,26652
9116,EV01237,157,49769
9117,EV01148,113,2083693
9117,EV01078,157,641730
9117,EV00373,192,36887
9117,EV00019,200,4564993
9117,EV01633,200,29235
9118,EV01024,100,4411418
9118,EV01373,121,145102
9118,EV01226,130,45542
9118,EV00535,142,52180
9118,EV01747,209,57194
9119,EV00663,104,1355702
9119,EV00361,110,102923
9119,EV01427,111,231390
9119,EV00376,233,66946
9120,EV00604,69,753569
9120,EV01118,118,613800
9120,EV01672,131,118180
9120,EV00557,138,91530
9120,EV01560,163,85728
9120,EV01079,182,135096
9120,EV00438,190,206928
9120,EV00773,240,596775
9121,EV01938,8,1488294
9121,EV01242,101,92530
9121,EV01565,113,470116
9121,EV01752,153,77615
9121,EV01578,214,99471
9122,EV00470,105,9434
9122,EV00838,106,831060
9122,EV01691,141,1706148
9122,EV00209,258,39244428
9122,EV00294,261,13068300
9123,EV01759,129,33269
9123,EV00360,145,474322
9124,EV01395,184,24438
9124,EV00184,229,2926349
9124,EV00202,242,1978636
9125,EV01770,95,837964
9125,EV01078,97,276509
9125,EV01165,122,393097
9125,EV00655,132,115011
9125,EV01093,136,3750176
9125,EV01133,160,20335
9125,EV01501,172,470947
9125,EV00840,188,713949
9125,EV00010,253,7208034
9126,EV01627,122,88342
9126,EV01526,148,172184
9126,EV01398,169,467780
9127,EV01965,37,2944843
9127,EV00883,111,112085
9127,EV01311,202,180409
9127,EV00097,225,26025615
9128,EV01423,127,81958
9128,EV01518,137,339152
9128,EV00523,138,760680
9128,EV01740,149,402465
9128,EV01324,156,1772977
9129,EV01718,146,464552
9129,EV01017,167,721155
9129,EV01552,172,196511
9130,EV01228,103,33085
9130,EV00691,127,580703
9130,EV01499,129,591590
9131,EV01869,12,1336146
9131,EV00751,78,15499
9131,EV01634,84,113671
9131,EV01010,89,528841
9131,EV00717,111,45938
9133,EV01136,131,841597
9133,EV01120,139,156526
9133,EV00599,144,2634822
9134,EV00679,118,594532
9134,EV01760,141,43779
9134,EV00342,220,375499
9135,EV00722,100,63736
9135,EV00971,183,639549
9135,EV01394,201,315947
9136,EV01691,138,3929266
9136,EV01395,144,12956
9136,EV01374,192,257571
9137,EV00709,145,73169
9137,EV01158,193,127342
9138,EV00796,114,62625
9138,EV01322,167,22905
9139,EV01079,121,120302
9139,EV00624,125,222517
9139,EV01166,129,62943
9139,EV01067,173,153699
9139,EV00710,185,874528
9140,EV00783,97,25618
9140,EV01796,123,227526
9140,EV00820,124,1733126
9140,EV01068,190,722425
9141,EV01651,60,211106
9141,EV01402,118,759682
9141,EV00793,136,114591
9141,EV00745,143,65819
9141,EV00283,222,8380794
9142,EV00790,128,205705
9142,EV01741,129,742255
9142,EV00841,141,118667
9142,EV00879,142,355426
9142,EV01103,168,36730
9142,EV00138,229,15887824
9142,EV00074,266,36454526
9142,EV00044,270,18942679
9143,EV01817,166,272781
9143,EV01268,191,394357
9144,EV01272,61,145129
9144,EV00839,116,109103
9144,EV00513,132,31287
9145,EV01360,85,626184
9145,EV00888,126,1492947
9145,EV01566,140,92406
9145,EV01590,163,81412
9145,EV00104,211,4942372
9145,EV00046,278,5200549
9146,EV00538,72,324410
9146,EV01304,124,160664
9146,EV01360,155,482368
9146,EV01103,167,321344
9146,EV00427,192,64924
9146,EV00206,283,3433885
9147,EV00904,97,599706
9147,EV01701,104,50726
9147,EV01148,108,454768
9147,EV01074,123,661434
9147,EV01313,193,819156
9147,EV00843,211,182800
9147,EV00151,217,29199055
9147,EV00294,230,7242381
9148,EV01521,202,444254
9149,EV00749,146,560686
9149,EV00250,262,1774565
9150,EV01934,4,2571319
9150,EV00364,127,466277
9151,EV01657,97,188405
9151,EV01260,99,372247
9152,EV01005,163,760433
9153,EV00701,110,1193375
9153,EV00528,204,124783
9154,EV01631,137,292049
9154,EV00637,156,369163
9154,EV00665,160,30351
9155,EV01242,140,85683
9156,EV01874,32,318076
9156,EV01467,135,3176320
9156,EV00096,285,360185
9157,EV00901,123,433963
9157,EV00140,272,1330106
9158,EV01072,104,530464
9158,EV00782,119,1588969
9158,EV01747,119,124810
9158,EV00885,141,236362
9158,EV00044,251,23413374
9159,EV00326,144,211134
9159,EV01373,154,97592
9159,EV01341,186,78408
9159,EV00829,187,5937250
9160,EV00826,120,6013124
9160,EV00509,124,52432
9160,EV01001,132,34061
9160,EV00386,154,314998
9161,EV00225,223,1672895
9163,EV01103,103,82775
9163,EV01240,148,338018
9163,EV00979,151,130484
9163,EV00928,156,58193
9163,EV00657,179,300295
9163,EV00549,191,259833
9163,EV01511,194,281292
9163,EV00037,249,4389395
9164,EV00391,194,28959
9165,EV01890,24,246130
9165,EV01585,117,115227
9165,EV01571,150,717589
9165,EV00262,250,21373523
9165,EV00206,272,1849109
9166,EV01802,102,485229
9166,EV00805,106,169326
9166,EV00374,130,283858
9166,EV01659,131,139264
9166,EV00096,277,267878
9167,EV00867,72,314382
9167,EV01419,116,2161476
9167,EV01620,151,46549
9167,EV00547,172,155333
9168,EV00532,101,320178
9168,EV01010,116,787497
9168,EV01023,127,191835
9169,EV01564,121,2756579
9169,EV00447,127,133125
9169,EV01797,142,150803
9169,EV00782,160,266355
9170,EV00816,98,62201
9170,EV01178,119,178789
9170,EV01266,145,351493
9170,EV00843,150,95674
9170,EV00973,155,104676
9170,EV01565,158,961019
9171,EV01986,6,12501314
9171,EV00401,86,1046998
9171,EV00528,118,164610
9171,EV01570,123,122956
9172,EV01766,63,466329
9172,EV00555,163,249308
9172,EV01179,171,381192
9172,EV00028,239,49109653
9173,EV00472,114,47277
9173,EV00786,117,95554
9173,EV00683,148,216099
9173,EV00983,153,296057
9173,EV01273,154,55519
9173,EV00997,158,20035
9173,EV01781,240,659177
9174,EV00805,128,64033
9175,EV01413,107,384884
9175,EV01300,128,43836
9175,EV00253,192,2248446
9175,EV00140,245,521421
9176,EV01475,136,1163560
9177,EV01371,159,212532
9177,EV00790,178,72871
9178,EV00901,128,366692
9178,EV00534,159,279092
9178,EV00922,160,380974
9178,EV01276,166,53589
9178,EV01056,201,99510
9179,EV00589,210,368723
9181,EV01520,103,890354
9181,EV00083,249,4968245
9181,EV00299,256,5881051
9182,EV01967,51,429016
9182,EV00134,211,5497613
9182,EV00254,264,55799596
9183,EV00841,123,105725
9183,EV01415,151,470632
9183,EV01693,151,165655
9183,EV00884,216,498766
9184,EV00773,163,295038
9184,EV00409,196,6201230
9184,EV00115,292,1725261
9185,EV00246,236,13033538
9186,EV00989,108,165321
9186,EV00732,133,5384643
9186,EV01675,138,10468
9186,EV00175,245,9048153
9187,EV01519,69,158395
9187,EV00772,159,239901
9188,EV01932,18,108309
9188,EV01059,197,21218
9188,EV00126,271,5900054
9189,EV00857,107,597607
9189,EV01485,118,37216
9189,EV01292,146,369934
9190,EV01975,61,550827
9190,EV00709,135,104574
9190,EV01441,138,292004
9190,EV00760,152,135995
9190,EV01155,169,1715007
9190,EV00267,256,21657152
9191,EV01505,132,504828
9191,EV01784,144,116061
9191,EV00509,167,83469
9191,EV00039,227,2415305
9192,EV01182,119,1164720
9192,EV01682,156,1248505
9192,EV01141,228,86263
9193,EV01992,54,1393353
9193,EV01316,97,720821
9193,EV01646,115,9559
9193,EV01489,129,545464
9193,EV01119,146,462609
9193,EV00222,262,1702053
9194,EV01427,91,495085
9194,EV01167,106,106146
9194,EV01634,133,109589
9194,EV01118,135,780513
9194,EV00574,157,1029432
9195,EV01865,13,254854
9195,EV00963,144,3183041
9195,EV01063,171,489153
9195,EV01123,176,12114861
9195,EV00066,191,96879750
9196,EV01378,154,146730
9196,EV00890,162,36582
9196,EV01035,164,1968670
9197,EV01862,14,634679
9197,EV00373,103,28832
9197,EV00584,126,66108
9197,EV01111,134,105776
9197,EV01176,144,1252789
9198,EV01487,143,41265
9198,EV01661,155,345915
9198,EV00211,231,19055748
9199,EV01947,22,518359
9199,EV01041,123,286380
9199,EV01172,140,82781
9199,EV00682,148,44913
9199,EV01416,153,548648
9199,EV01667,173,1242884
9199,EV01381,177,458257
9199,EV01192,198,683952
9199,EV00130,250,1376708
9200,EV00589,114,231247
9200,EV01502,126,464109
9200,EV01288,140,448183
9200,EV01105,150,162198
9200,EV01343,167,181573
9201,EV01111,68,120110
9201,EV00773,122,313229
9202,EV01040,163,156766
9202,EV01435,163,67214
9202,EV00615,175,431809
9203,EV00363,173,178927
9203,EV00191,219,207804
9204,EV01502,69,202563
9204,EV00395,114,144298
9205,EV00039,213,4566736
9206,EV00938,60,78541
9206,EV01398,104,351299
9206,EV01392,117,287622
9206,EV01319,156,100164
9206,EV01226,157,115825
9206,EV00861,162,49653
9206,EV00535,223,126408
9207,EV01854,26,502912
9207,EV00471,115,2494869
9207,EV01204,145,133019
9207,EV00750,153,270086
9207,EV01432,198,717765
9208,EV01846,61,649315
9208,EV00543,186,198926
9209,EV01072,129,1553849
9209,EV00760,131,161437
9209,EV01651,154,329206
9209,EV01384,160,53968
9209,EV00447,192,958893
9210,EV01585,166,133387
9210,EV01120,169,269421
9210,EV01071,205,1750435
9210,EV00299,328,12110198
9211,EV01696,86,1820752
9211,EV00496,108,80215
9211,EV01760,129,13975
9211,EV01487,136,47342
9211,EV01012,169,344205
9212,EV01955,8,1016158
9212,EV01368,105,500756
9212,EV01500,112,84890
9212,EV00334,139,349352
9212,EV01578,146,29181
9212,EV01761,169,447852
9212,EV00076,222,10902642
9212,EV01942,327,3939279
9213,EV01519,112,181748
9213,EV00663,152,1587177
9213,EV01742,153,191554
9213,EV00001,258,1785468
9214,EV01322,115,83558
9214,EV00943,122,1064870
9214,EV01044,144,92854
9215,EV01437,113,125970
9215,EV00773,125,314829
9215,EV00838,139,1032452
9215,EV00126,197,3196225
9216,EV00651,142,267726
9216,EV01416,164,922843
9216,EV00816,175,36965
9216,EV01369,201,563666
9217,EV01117,119,82333
9217,EV01694,138,103353
9217,EV00819,154,55884
9217,EV01337,162,82562
9217,EV00382,167,41454
9217,EV01017,168,1429421
9217,EV01103,176,151953
9217,EV00295,232,8545760
9217,EV00262,260,3481432
9218,EV00461,106,131972
9218,EV00842,129,186186
9218,EV00351,135,783104
9218,EV01403,136,360868
9218,EV00946,147,135114
9218,EV00915,158,215459
9219,EV01470,89,122656
9219,EV01116,112,42673
9219,EV01441,131,280801
9219,EV01781,161,126256
9220,EV01441,117,914200
9220,EV01701,156,54727
9220,EV00600,168,43147
9221,EV01448,104,323866
9221,EV00869,127,1016577
9221,EV01756,152,114373
9221,EV01190,192,233733
9222,EV00683,147,125468
9222,EV00264,245,736568
9223,EV00975,135,880578
9223,EV01337,143,93488
9223,EV00496,180,34131
9223,EV00288,277,519227
9224,EV01704,117,6495300
9224,EV00408,134,72090
9224,EV01067,158,100270
9225,EV00726,100,458465
9225,EV01080,155,1763228
9225,EV00135,251,14241064
9225,EV00168,278,3992739
9226,EV01318,85,214204
9226,EV01595,116,23727
9226,EV01111,129,62341
9226,EV00534,163,448977
9226,EV00534,232,483735
9226,EV00188,251,48401874
9227,EV01321,90,310909
9227,EV00405,94,40846
9227,EV01487,127,40867
9227,EV00991,180,599966
9227,EV00158,323,2483315
9228,EV01975,19,945249
9228,EV01415,177,1001453
9229,EV01662,92,668897
9229,EV01570,128,70809
9229,EV01180,193,115034
9230,EV00847,62,35980
9230,EV01649,94,217464
9230,EV01618,101,31286
9230,EV01177,108,97713
9230,EV01609,142,51499
9230,EV00628,170,68715
9231,EV00068,186,4117796
9231,EV01451,199,208876
9231,EV00298,255,7807929
9232,EV00561,125,141598
9232,EV01634,152,169306
9232,EV01730,203,1442820
9232,EV00156,313,12410699
9233,EV01726,93,1098396
9233,EV00538,100,186929
9233,EV00567,120,264180
9233,EV00326,147,230652
9233,EV00369,157,122161
9233,EV01465,182,191049
9233,EV00074,245,49871147
9234,EV01045,79,2626493
9234,EV01310,101,45118
9234,EV00930,145,2227775
9234,EV01228,145,20979
9234,EV00775,177,565412
9235,EV00594,108,67178
9235,EV01099,148,188970
9235,EV01622,164,48071
9235,EV00457,199,97149
9236,EV00339,122,689743
9236,EV01414,160,18613
9236,EV00346,170,289975
9237,EV01829,6,10286355
9237,EV01206,118,1779579
9237,EV00592,141,196868
9237,EV01502,164,495606
9237,EV00225,214,1060590
9237,EV00247,251,8738140
9238,EV01025,95,9401443
9238,EV01727,137,57223
9238,EV00883,147,57269
9238,EV00944,173,1324930
9239,EV00766,124,72560
9239,EV01051,163,489871
9239,EV00358,168,336308
9239,EV00959,175,527055
9239,EV00774,183,3214991
9239,EV00206,228,2881929
9240,EV00653,182,107421
9240,EV01629,190,193826
9240,EV01846,360,543467
9241,EV01338,129,954956
9241,EV01345,137,43173
9242,EV01975,16,465341
9242,EV00657,137,211650
9242,EV00636,147,125863
9243,EV00996,143,496385
9243,EV01035,148,1168772
9243,EV00817,157,2529220
9243,EV00140,232,505330
9244,EV01124,102,479657
9244,EV01050,105,129099
9244,EV00808,127,71081
9244,EV01235,191,534053
9244,EV00319,230,13008571
9244,EV00300,267,4999053
9245,EV01384,160,43987
9245,EV00306,258,17712469
9246,EV00551,123,730056
9246,EV01789,134,54013
9246,EV01076,147,60685
9247,EV00355,101,121636
9247,EV01043,125,594421
9247,EV01351,125,26919
9247,EV01327,150,100854
9247,EV00720,152,67785
9247,EV00680,215,2235240
9247,EV00156,270,13521512
9248,EV00586,145,356611
9248,EV00651,181,674675
9249,EV00446,148,137241
9249,EV00679,149,469240
9249,EV01790,164,777397
9249,EV01916,361,360565
9250,EV01780,122,35777
9250,EV01158,187,111402
9250,EV00171,256,13516839
9251,EV00422,107,9948643
9251,EV00655,116,201906
9251,EV00416,177,1371764
9252,EV00850,182,32613
9253,EV00960,116,432627
9253,EV01285,135,195609
9253,EV00758,161,877097
9253,EV01142,162,67121
9254,EV01634,60,131045
9254,EV01392,144,474368
9254,EV01687,144,168963
9255,EV00396,179,59804
9255,EV00076,231,3229526
9257,EV01849,29,693175
9257,EV01178,67,185703
9257,EV01534,127,2421631
9257,EV00889,171,1674061
9258,EV01858,5,2018710
9258,EV00955,84,7244329
9258,EV01687,164,644408
9258,EV00334,177,209691
9258,EV00247,290,4566832
9259,EV01078,60,348662
9259,EV01276,137,57865
9259,EV01067,147,95559
9259,EV01662,194,278700
9259,EV00223,229,10720340
9260,EV01306,100,31815
9260,EV01033,160,877781
9260,EV00731,165,1348271
9261,EV01815,102,371480
9261,EV01120,130,239093
9261,EV01591,167,43260
9262,EV00868,148,164631
9262,EV00790,151,155265
9262,EV00302,240,32390936
9263,EV01005,134,561109
9263,EV00135,235,13644623
9264,EV00412,158,580956
9264,EV00830,173,40770
9265,EV01345,98,47767
9265,EV00829,130,3766676
9265,EV00509,141,103855
9265,EV00950,145,76223
9266,EV01238,76,170425
9266,EV01622,78,100452
9266,EV01333,100,85024
9266,EV01634,120,302981
9266,EV01464,128,92186
9266,EV00492,140,641539
9266,EV00749,178,1010777
9266,EV01183,189,64786
9266,EV00206,203,2121793
9267,EV00846,144,848315
9267,EV00890,144,35452
9267,EV00037,310,10980319
9268,EV00547,62,110774
9268,EV01629,101,296260
9268,EV01692,141,665061
9268,EV00842,167,68582
9268,EV00475,200,1916725
9269,EV01725,97,499895
9269,EV00722,122,135870
9270,EV00961,100,48368
9270,EV01008,170,2947293
9270,EV00024,267,39491472
9271,EV01781,161,859990
9271,EV01673,183,319862
9271,EV00311,241,3291723
9271,EV00104,254,4408972
9272,EV01413,87,129439
9272,EV00725,115,330389
9272,EV00915,126,175451
9272,EV00746,166,563213
9272,EV00986,195,393297
9272,EV00189,293,4610901
9273,EV01891,58,3304531
9273,EV00346,108,151995
9273,EV01795,110,141674
9273,EV00773,133,404281
9274,EV00521,78,386895
9274,EV01230,100,52062
9274,EV00511,141,740865
9274,EV00555,148,250992
9274,EV00003,236,5218826
9274,EV00304,250,39471411
9275,EV01917,38,4908556
9275,EV01701,80,24387
9275,EV00749,106,452896
9275,EV00682,120,30289
9275,EV01657,181,207114
9275,EV00040,241,6916089
9276,EV00245,184,15200677
9276,EV01395,186,39771
9276,EV01992,358,3247256
9277,EV00399,101,54436
9277,EV01251,115,157622
9277,EV01358,126,189184
9278,EV01103,105,243872
9278,EV00383,109,51479
9278,EV00600,144,42075
9278,EV01084,149,399048
9278,EV00111,257,974166
9278,EV00060,264,955052
9279,EV00531,105,3973801
9279,EV01753,115,279173
9279,EV01550,128,403367
9279,EV01580,158,43103
9279,EV01045,168,1855854
9279,EV00682,188,49919
9279,EV00093,295,3513186
9280,EV00588,104,1946855
9280,EV01441,126,304358
9280,EV00697,132,1019114
9280,EV00548,149,71902
9280,EV00943,158,497430
9281,EV01266,79,642270
9281,EV01395,121,29488
9281,EV01004,127,402829
9281,EV01492,127,1151096
9281,EV01253,141,311048
9281,EV00793,164,101148
9281,EV01342,174,11264
9281,EV00538,176,341676
9281,EV00312,227,5116127
9281,EV00225,228,1768492
9282,EV01854,8,920469
9282,EV01874,33,483008
9282,EV01431,170,1210877
9282,EV01313,192,1989962
9282,EV01143,202,180298
9283,EV01173,105,44150
9283,EV00972,119,5545333
9283,EV00574,120,1084604
9283,EV01735,123,7115
9283,EV01413,130,168551
9283,EV01359,138,301126
9283,EV00532,179,728076
9283,EV00161,221,4707151
9284,EV00698,92,176233
9284,EV01193,108,12960206
9284,EV01408,139,36401
9284,EV01297,192,31286
9284,EV00093,260,1592163
9285,EV01793,108,67724
9285,EV01250,140,28988
9285,EV01100,153,12512
9286,EV01083,65,2094357
9286,EV01485,83,99820
9286,EV01079,137,163965
9286,EV01239,143,297290
9286,EV01276,143,94387
9286,EV00725,154,1479659
9286,EV00577,176,8977
9287,EV01801,104,49667
9287,EV00391,108,78327
9287,EV00513,219,49264
9289,EV00657,127,101143
9289,EV00973,136,155179
9289,EV01079,148,234859
9289,EV00941,150,11702
9289,EV01473,158,189336
9289,EV01354,180,731497
9290,EV00386,115,145747
9290,EV01703,150,80693
9290,EV00786,160,128780
9291,EV00017,195,1953010
9291,EV00056,283,10039035
9292,EV00843,76,66659
9292,EV01414,139,14379
9292,EV00884,141,602717
9292,EV01379,164,30442
9293,EV01569,69,2859451
9293,EV01792,89,432565
9293,EV01209,111,411660
9293,EV00855,122,1699480
9293,EV01332,153,561407
9293,EV00532,219,184332
9293,EV00082,249,2029628
9293,EV00319,281,20818370
9294,EV00846,130,335996
9294,EV00938,144,22341
9294,EV01083,158,2582322
9294,EV01760,188,24176
9294,EV01049,201,473649
9295,EV01901,19,462271
9295,EV01672,114,34550
9295,EV01245,139,366076
9295,EV01304,216,173391
9295,EV00967,219,81632
9296,EV00827,103,2078390
9296,EV01537,112,136778
9296,EV01072,118,426473
9296,EV00304,261,33395670
9297,EV01073,194,101925
9297,EV00222,239,2983744
9297,EV00037,258,1867731
9297,EV00150,275,29173770
9298,EV00093,217,1023607
9299,EV00988,113,51615
9300,EV00373,101,68832
9300,EV01246,128,556435
9300,EV01133,147,69939
9300,EV00711,154,489345
9300,EV00056,286,13417057
9301,EV00496,92,142847
9301,EV00942,117,1143550
9301,EV00684,143,194426
9301,EV01578,193,120702
9301,EV00040,215,19192950
9302,EV01613,120,21242
9302,EV01428,124,52323
9302,EV00786,134,86003
9302,EV00722,150,174740
9303,EV01262,148,100191
9303,EV00614,176,467158
9303,EV00008,238,5777014
9303,EV00131,264,19482856
9304,EV00914,116,234996
9304,EV00762,209,684262
9304,EV00009,229,21592958
9305,EV01468,104,14786
9305,EV01773,105,135176
9305,EV01575,116,22709
9305,EV01389,120,30830
9305,EV01327,137,73605
9305,EV00964,140,278571
9306,EV00462,124,3375581
9306,EV01760,128,17905
9306,EV01688,190,37820
9306,EV00767,211,17012
9307,EV01469,88,1999285
9307,EV00607,149,101533
9307,EV01594,155,131953
9307,EV01326,156,613831
9307,EV00819,170,87601
9307,EV00138,256,15302891
9307,EV00102,298,29234975
9308,EV00838,99,465947
9308,EV01050,158,47546
9309,EV00641,104,1625369
9309,EV01224,104,728176
9309,EV01328,106,172316
9309,EV00372,125,266487
9309,EV00744,155,601043
9310,EV00473,82,1051499
9310,EV01609,95,59603
9310,EV00358,119,382472
9310,EV01744,163,69791
9310,EV01531,173,53393
9311,EV01498,142,163400
9311,EV01039,155,86077
9311,EV00165,265,5919816
9312,EV01613,96,32531
9312,EV01764,103,548175
9312,EV01107,114,129750
9312,EV00895,151,165998
9312,EV01081,182,115218
9313,EV01770,85,322195
9313,EV01380,89,94487
9313,EV00334,96,201735
9313,EV01158,142,291105
9313,EV01740,152,1605512
9313,EV00558,156,805937
9313,EV00060,239,1461975
9314,EV01079,96,92801
9314,EV01025,120,3961723
9314,EV01360,131,840128
9314,EV00827,156,1987275
9314,EV00375,166,46243
9314,EV01718,168,528696
9314,EV00289,238,6456950
9315,EV00650,151,921719
9316,EV00298,207,2756602
9316,EV00043,265,19264876
9317,EV00993,96,58458
9317,EV00473,104,277842
9317,EV01687,144,510416
9317,EV00160,289,53536607
9318,EV00502,147,1150854
9318,EV00318,259,10393227
9318,EV00073,315,8064536
9319,EV00599,109,2465364
9319,EV00901,116,259608
9320,EV00558,110,1119332
9320,EV01469,152,1494254
9320,EV00533,156,1450769
9320,EV01070,175,467981
9321,EV01843,28,9871805
9321,EV00884,134,694803
9321,EV00953,150,33355
9321,EV00821,153,194216
9322,EV01994,46,614329
9322,EV00565,96,36127
9322,EV01552,102,115054
9322,EV01039,112,29040
9322,EV00682,144,31118
9322,EV01116,152,12480
9322,EV00359,162,1333931
9322,EV00512,177,242982
9322,EV00254,215,30628949
9322,EV00225,269,1948437
9323,EV00664,157,1547926
9323,EV00715,168,88069
9323,EV00258,281,18607207
9323,EV00177,301,11854936
9324,EV00384,105,1061137
9324,EV01304,153,154939
9325,EV01753,117,138437
9325,EV00636,143,123649
9325,EV01507,149,593410
9325,EV00021,214,2562830
9327,EV00595,97,49223
9327,EV01158,123,141982
9327,EV00591,128,1620873
9327,EV01343,175,74108
9327,EV00950,185,1034826
9327,EV01653,190,90943
9327,EV01318,191,234572
9327,EV00207,224,10150839
9328,EV01610,111,412131
9328,EV01427,112,328069
9328,EV00498,145,129638
9328,EV01435,158,59312
9328,EV00930,195,1799717
9328,EV00643,196,2371154
9329,EV00540,108,35183
9329,EV00799,131,79497
9329,EV01766,177,237002
9330,EV00498,91,98324
9330,EV01197,125,420793
9330,EV01551,197,14094
9330,EV00176,263,4986886
9331,EV00850,133,60455
9331,EV01625,162,425293
9331,EV00436,188,185543
9331,EV00412,231,135735
9332,EV01717,86,58837
9332,EV00821,112,117494
9332,EV01036,119,3749143
9332,EV00383,134,78186
9332,EV01274,144,25496
9332,EV01629,156,141591
9333,EV00718,113,46015
9333,EV00560,127,356827
9333,EV01666,127,459707
9333,EV00355,174,35623
9333,EV00013,287,8949776
9334,EV01687,178,1700558
9335,EV01468,194,15966
9335,EV00328,198,1631990
9336,EV01320,131,276145
9336,EV01229,137,637283
9336,EV00773,141,189747
9336,EV00528,145,151215
9336,EV01108,147,44730
9337,EV00705,130,897269
9337,EV00599,141,3298509
9337,EV00315,212,6338301
9338,EV01382,149,43189
9338,EV00979,216,97855
9338,EV00120,249,5649710
9339,EV01998,36,912313
9339,EV01698,84,84918
9339,EV01303,90,87922
9339,EV00635,116,750310
9339,EV01783,180,238855
9340,EV00325,134,288440
9340,EV01343,134,126695
9340,EV01614,154,1497775
9341,EV00816,60,337487
9341,EV00472,113,45413
9341,EV01158,128,311344
9341,EV01268,169,90619
9341,EV00028,221,12623757
9342,EV00565,100,24968
9342,EV00277,267,8355357
9342,EV00013,296,10550247
9343,EV00657,74,292892
9343,EV00363,122,66193
9343,EV00790,145,55325
9343,EV00375,158,47454
9343,EV00491,161,75147
9343,EV00782,162,924384
9344,EV01955,10,2034721
9344,EV00368,123,34541
9344,EV01304,130,156115
9344,EV00847,146,11968
9344,EV01158,171,185579
9344,EV00311,229,2918566
9344,EV00127,256,7192501
9345,EV01119,60,321356
9345,EV01526,134,102281
9345,EV01263,158,77852
9345,EV00192,261,29805285
9346,EV00489,111,123635
9346,EV01100,147,44565
9346,EV00294,219,18924179
9346,EV01838,335,3116487
9347,EV01239,78,317995
9347,EV01607,98,637935
9347,EV01255,130,1337427
9347,EV01706,143,932774
9348,EV00561,74,457548
9348,EV00005,233,14496221
9349,EV00857,113,1062059
9349,EV00324,117,920579
9349,EV00754,119,272962
9349,EV00998,136,215529
9349,EV00375,184,117599
9350,EV00790,60,43312
9351,EV00973,86,137328
9351,EV01759,117,50648
9351,EV01512,138,2193405
9352,EV00731,75,928950
9352,EV01072,115,713864
9352,EV00998,125,83750
9352,EV00593,129,658274
9352,EV01382,134,146758
9353,EV00669,150,112513
9353,EV01933,326,315538
9354,EV00448,111,679772
9354,EV00957,142,765412
9354,EV00587,153,1678790
9354,EV00089,249,1639708
9355,EV01166,145,157226
9355,EV01195,157,2265555
9355,EV00647,166,1323308
9355,EV01041,225,64640
9355,EV00303,257,855555
9356,EV01932,50,562776
9356,EV01237,145,33698
9356,EV00714,146,147865
9356,EV00775,163,1136831
9356,EV00005,207,33804900
9356,EV00007,244,54928323
9356,EV00013,247,13169069
9357,EV01141,129,178817
9357,EV01691,165,1097881
9358,EV00687,146,271336
9358,EV00070,223,198940990
9359,EV01041,147,306543
9360,EV00620,108,1368297
9360,EV00373,134,41054
9360,EV00682,136,36139
9361,EV01355,60,163148
9361,EV01534,102,3036101
9361,EV01817,146,193525
9361,EV00605,153,19209
9361,EV01507,154,1104936
9361,EV00030,243,10591262
9362,EV01609,119,41369
9362,EV00753,134,1131301
9362,EV00600,149,34552
9362,EV01400,167,125865
9362,EV00461,171,321326
9362,EV00838,173,835069
9362,EV01505,185,763431
9362,EV00206,267,1918725
9363,EV01141,104,90671
9363,EV00383,110,32153
9363,EV00584,111,74520
9363,EV01597,120,117767
9363,EV00356,147,240479
9363,EV01199,161,456886
9363,EV00532,167,180629
9363,EV00493,173,90572
9363,EV01225,191,1994028
9364,EV00671,136,121794
9364,EV00628,165,100401
9364,EV00528,183,298448
9364,EV00863,185,55503
9365,EV01021,187,501426
9366,EV01983,46,2402031
9366,EV01646,116,27538
9366,EV00799,132,105463
9366,EV00558,173,1183239
9366,EV00264,252,1522113
9367,EV01006,98,126259
9367,EV00356,142,394161
9367,EV00470,190,13239
9367,EV00168,279,1216030
9368,EV00548,134,98214
9368,EV00712,137,140226
9368,EV00803,137,176434
9369,EV00819,112,46070
9369,EV01238,118,156961
9369,EV01266,168,364001
9370,EV00884,142,206884
9370,EV01043,163,327619
9370,EV01686,178,202041
9371,EV00559,165,14965
9371,EV01656,193,58875
9371,EV00020,262,7513829
9372,EV00443,123,126697
9372,EV01289,160,13886
9372,EV00864,166,29942
9373,EV01498,122,90049
9373,EV00942,128,956805
9373,EV01432,130,406692
9373,EV00637,135,227761
9373,EV01467,155,1171979
9373,EV00641,165,2043816
9373,EV00714,175,248113
9373,EV00073,294,8119717
9374,EV01067,80,107899
9374,EV00535,109,66441
9374,EV01574,140,723423
9374,EV01044,147,78717
9374,EV01365,150,122541
9374,EV00391,166,88948
9374,EV00998,205,204132
9375,EV01218,111,278185
9375,EV01684,164,128741
9375,EV00299,229,5325322
9375,EV00060,247,1435255
9376,EV01550,105,1529423
9376,EV00863,113,112306
9376,EV00030,298,10962961
9377,EV01041,94,179692
9377,EV01136,163,534971
9377,EV01140,171,31244
9377,EV00140,246,412914
9378,EV01860,35,934796
9378,EV00987,114,3367040
9378,EV01665,137,624831
9379,EV01772,95,5870
9379,EV01756,110,233789
9379,EV01052,119,33519
9379,EV00969,194,38655
9379,EV00009,225,16937503
9380,EV00746,122,264855
9380,EV00636,158,77792
9380,EV00783,200,60576
9380,EV00281,228,4851622
9380,EV00204,277,15596754
9381,EV01273,99,82729
9381,EV01130,138,202461
9381,EV01142,138,195481
9381,EV00512,160,283649
9381,EV00790,181,96945
9381,EV01296,203,230677
9382,EV00972,138,1978371
9383,EV00612,143,23091
9383,EV01625,144,489081
9383,EV00651,145,274482
9383,EV01050,158,80427
9383,EV00964,166,96351
9383,EV01052,193,140569
9384,EV01631,113,420836
9384,EV00416,117,1017837
9384,EV01527,138,4440258
9384,EV00159,219,5487248
9385,EV00899,110,206589
9385,EV01661,125,559308
9385,EV01307,161,2243262
9385,EV01362,184,66800
9386,EV01295,69,557400
9386,EV00509,184,107925
9387,EV01551,76,21372
9387,EV01044,100,139943
9387,EV01297,159,17097
9387,EV00614,203,1116551
9387,EV00017,279,847218
9388,EV01385,102,39658
9389,EV01379,108,6137
9389,EV01408,115,23501
9389,EV00420,130,1410376
9389,EV01809,136,520391
9389,EV01581,144,301519
9389,EV00115,244,1440142
9390,EV01764,87,730769
9390,EV01661,93,386898
9390,EV01551,155,22934
9390,EV00895,157,220339
9390,EV01693,166,244028
9390,EV00115,293,1390725
9390,EV00231,298,8009734
9391,EV01444,110,378148
9391,EV01703,124,105274
9391,EV01288,128,337679
9391,EV00555,138,337039
9391,EV01441,163,977639
9392,EV00809,135,79502
9392,EV01349,160,196058
9392,EV00849,180,3558145
9392,EV00265,226,15445374
9393,EV00513,96,49030
9393,EV00717,146,26454
9393,EV00358,152,33940
9393,EV01262,158,93252
9394,EV01187,73,292756
9394,EV00835,150,2554462
9395,EV00522,108,499179
9395,EV01230,132,76173
9395,EV00198,234,44109590
9396,EV01158,123,255976
9397,EV01698,112,336418
9397,EV00522,114,578932
9397,EV00839,131,104907
9397,EV00867,133,486561
9397,EV00499,137,20234
9397,EV01656,200,93441
9398,EV01234,134,999843
9398,EV00501,232,186631
9399,EV00373,130,56241
9399,EV01356,131,105389
9399,EV00848,134,9131
9399,EV00950,155,736297
9399,EV01634,165,466265
9399,EV00587,179,1338404
9399,EV00206,215,1177058
9400,EV00947,147,154492
9400,EV00457,150,48319
9400,EV00098,206,30585234
9401,EV00321,113,326493
9401,EV00412,180,446774
9401,EV00246,262,9060393
9402,EV01663,60,91922
9402,EV01651,116,327393
9402,EV00603,130,425177
9402,EV01225,141,2240221
9402,EV00090,246,4313591
9403,EV00682,100,22761
9403,EV01221,102,99073
9403,EV01633,139,18824
9403,EV00760,141,89710
9403,EV01729,177,1197987
9403,EV00284,252,142529496
9403,EV00215,287,50850442
9404,EV01650,148,461482
9404,EV01388,154,53859
9405,EV01721,67,168208
9405,EV01528,136,327193
9405,EV01343,186,295138
9406,EV01297,79,37275
9406,EV00479,120,263207
9406,EV00412,146,293073
9407,EV00431,101,103531
9407,EV01608,135,37359
9407,EV01617,142,134727
9408,EV00950,123,814562
9408,EV00356,139,188640
9408,EV01551,143,16111
9409,EV01823,8,945403
9409,EV01854,25,549617
9409,EV01099,144,214086
9409,EV00304,169,17632134
9410,EV01797,60,163040
9410,EV00973,130,115764
9410,EV00073,222,16875179
9411,EV01468,110,49045
9411,EV00831,176,364871
9411,EV00175,262,7583378
9412,EV00712,129,271486
9412,EV01694,178,101189
9413,EV01158,99,201450
9413,EV00997,153,46126
9414,EV01439,93,653001
9414,EV00888,106,1674003
9414,EV00731,128,1167539
9414,EV00731,149,1672258
9414,EV01048,182,1611496
9414,EV00579,204,156284
9415,EV00786,152,30128
9416,EV01180,98,89123
9416,EV00857,113,547802
9416,EV01627,144,83197
9416,EV01804,205,139165
9417,EV00943,94,409424
9417,EV01123,172,8116818
9418,EV00579,148,209904
9418,EV00873,168,1001676
9418,EV00600,178,30393
9418,EV00017,216,2522029
9419,EV01699,160,157072
9419,EV01675,161,37437
9419,EV00079,260,1428273
9420,EV01576,97,5954717
9420,EV01291,109,237972
9420,EV00679,116,381357
9420,EV01698,174,168839
9420,EV01112,185,616152
9420,EV01744,207,112562
9420,EV00010,284,10098899
9421,EV00406,87,152306
9421,EV00527,108,102643
9421,EV01111,123,40004
9421,EV00553,124,871001
9421,EV01239,125,160516
9421,EV01700,131,2514896
9421,EV00621,137,35030
9421,EV01481,152,933750
9422,EV00838,148,290432
9422,EV01444,158,533703
9423,EV00380,95,125857
9423,EV01804,102,174185
9423,EV00032,228,13794601
9423,EV00169,237,28228651
9424,EV00917,77,256512
9424,EV00881,83,456804
9424,EV00365,164,318592
9424,EV01489,170,243166
9424,EV00574,194,751614
9424,EV00005,219,32876580
9424,EV00233,298,10958399
9425,EV00651,146,545087
9425,EV00559,150,28280
9425,EV00615,153,1949286
9425,EV01274,178,34829
9425,EV01352,181,3749804
9426,EV01723,113,984291
9426,EV01044,135,88973
9426,EV00997,187,51599
9426,EV00020,252,1513250
9427,EV01423,109,34459
9427,EV01321,167,28098
9427,EV01698,178,478864
9427,EV00003,283,2833519
9428,EV00569,120,170099
9429,EV00778,60,80213
9429,EV01570,60,75444
9429,EV00603,116,320759
9429,EV01804,168,69846
9430,EV01614,165,918241
9430,EV00390,186,1238134
9431,EV01849,84,436850
9431,EV01967,338,799409
9432,EV01578,131,27975
9432,EV00887,146,126891
9432,EV01590,168,46879
9432,EV00026,253,1410271
9432,EV00057,316,12428673
9433,EV01792,81,2751141
9433,EV00336,101,68628
9433,EV00888,112,2086210
9433,EV01622,148,17987
9433,EV00805,170,93876
9433,EV01313,194,1672181
9434,EV00537,70,105871
9434,EV01528,151,201985
9435,EV00492,70,428844
9435,EV01027,141,228180
9435,EV01997,363,951413
9436,EV01983,66,837652
9436,EV00312,248,6786475
9437,EV01822,48,959583
9437,EV01451,122,224148
9437,EV00334,146,240285
9437,EV01014,157,249421
9438,EV01721,100,338704
9438,EV01032,102,125608
9438,EV01743,165,595493
9438,EV01378,178,440294
9438,EV01204,181,48339
9438,EV00299,292,3869820
9439,EV01130,118,165134
9439,EV01382,179,90943
9439,EV01141,180,21673
9439,EV00432,186,32954
9439,EV00133,236,15378206
9439,EV00175,262,4687593
9439,EV01994,345,1823819
9440,EV00046,238,2080626
9441,EV00600,85,59330
9441,EV00641,171,1143971
9441,EV00557,179,249813
9442,EV01137,69,66247
9442,EV01162,154,137578
9442,EV01629,163,165625
9443,EV00942,120,1066103
9443,EV00068,230,7400501
9444,EV01481,67,389935
9444,EV00439,121,285438
9444,EV01127,128,104254
9444,EV01659,131,200358
9444,EV00848,154,22956
9444,EV01484,176,234612
9444,EV00026,291,1781758
9445,EV01778,110,29936
9445,EV01239,150,920643
9445,EV01466,163,6449553
9446,EV00383,115,81358
9446,EV00120,284,721739
9448,EV00465,110,120315
9448,EV00848,138,37048
9448,EV00376,148,23710
9448,EV00531,205,1461237
9448,EV00223,284,20882396
9449,EV01193,99,9442108
9449,EV01514,107,1857702
9449,EV00334,133,284502
9449,EV00206,234,1069947
9450,EV01627,100,29146
9450,EV00510,134,1348683
9451,EV00953,71,50520
9451,EV00869,144,1320979
9451,EV01628,160,61615
9451,EV01036,174,6112096
9452,EV00326,89,364544
9452,EV00502,102,648210
9452,EV01581,116,301302
9452,EV00981,140,221320
9452,EV01545,140,33835
9452,EV01041,149,79730
9452,EV01846,364,836450
9453,EV00991,77,238479
9453,EV00734,174,26267
9453,EV00066,252,148804523
9453,EV00043,254,11255110
9454,EV00541,117,242184
9454,EV01485,130,48627
9455,EV01037,101,102270
9455,EV00552,154,157762
9455,EV00545,169,449638
9455,EV00744,179,416842
9455,EV00270,281,6894720
9456,EV00887,93,171741
9456,EV00428,149,371343
9456,EV01204,150,123225
9457,EV00775,157,899388
9457,EV01745,165,91725
9457,EV01310,199,45939
9458,EV00948,60,54186
9458,EV01578,108,39585
9458,EV00763,125,99561
9458,EV01433,134,119582
9458,EV01498,146,97361
9458,EV00671,162,30326
9458,EV00363,173,102882
9459,EV01778,133,9458
9459,EV01097,150,47109
9459,EV00883,153,173475
9459,EV00321,165,266657
9459,EV01317,177,161738
9459,EV00295,278,23637439
9459,EV00116,282,5817322
9460,EV00699,116,56349
9460,EV00694,135,211191
9460,EV01316,137,304812
9460,EV00998,199,471455
9460,EV00161,214,2835041
9460,EV00130,247,2418278
9460,EV00148,258,27008856
9461,EV00575,131,4389582
9461,EV01201,137,105868
9461,EV00488,174,623006
9461,EV00030,230,3540411
9462,EV00429,113,730333
9462,EV01518,155,367600
9462,EV00871,166,586577
9462,EV00710,167,2103656
9463,EV01249,108,776447
9463,EV01226,122,117474
9464,EV00451,124,376072
9464,EV01451,136,154036
9464,EV01019,162,102673
9464,EV00815,164,1126894
9465,EV01168,78,18533
9465,EV01778,138,76565
9465,EV00566,155,56591
9465,EV01775,158,323097
9465,EV01289,163,8824
9465,EV01226,191,132932
9466,EV01292,155,339317
9466,EV00033,284,14358005
9467,EV01614,60,827868
9467,EV00372,153,92822
9467,EV01282,163,3661698
9467,EV00138,269,5265135
9469,EV01693,134,117707
9469,EV01266,153,403718
9469,EV00703,169,56991
9469,EV00129,204,42013205
9469,EV00239,260,55186370
9471,EV01600,132,151584
9471,EV00250,191,671866
9472,EV01109,121,220375
9472,EV01745,126,118162
9472,EV00869,194,436026
9472,EV00206,264,3255520
9473,EV00809,137,108139
9473,EV00564,141,829748
9474,EV01985,55,637715
9474,EV00470,109,16931
9474,EV00653,129,55598
9474,EV00486,133,72361
9474,EV00502,172,459919
9475,EV00794,79,118055
9475,EV01105,128,104982
9475,EV01244,158,232014
9475,EV00953,180,202296
9475,EV00146,216,7230111
9476,EV01289,84,23873
9476,EV01132,176,970257
9477,EV00466,109,150287
9477,EV00805,136,58680
9477,EV01461,142,1211907
9477,EV00651,162,156423
9477,EV00514,179,47506
9477,EV00552,201,176382
9478,EV00447,100,266196
9478,EV01783,112,183493
9478,EV00246,258,12521751
9479,EV01179,108,108771
9479,EV01043,139,797173
9479,EV01297,210,48314
9480,EV00908,115,132413
9480,EV01707,145,270096
9480,EV00115,247,845690
9481,EV01824,6,396642
9481,EV01349,103,53535
9481,EV00592,136,296692
9482,EV00720,132,152541
9482,EV01273,162,53797
9482,EV00687,163,60241
9482,EV01103,189,252735
9483,EV01428,115,46855
9483,EV00640,159,817437
9483,EV00810,194,195991
9484,EV01274,85,32208
9484,EV01319,103,47468
9484,EV00908,117,308888
9484,EV00947,196,63711
9485,EV01513,133,2258111
9485,EV01006,154,157542
9485,EV01036,161,3968793
9485,EV00082,267,1809289
9485,EV00113,268,2040046
9486,EV01784,124,37282
9486,EV00126,259,3519337
9486,EV00247,265,7956766
9487,EV00789,78,170314
9487,EV01163,87,505458
9487,EV00342,131,459754
9487,EV01019,143,133285
9487,EV00725,160,1902534
9487,EV01274,189,20603
9487,EV01010,197,289208
9488,EV01165,89,230029
9488,EV01570,147,115040
9488,EV00896,148,287388
9488,EV01611,156,166380
9488,EV00206,284,1050286
9489,EV01552,78,217439
9490,EV02000,30,2957509
9490,EV00348,130,413682
9490,EV01532,152,1039941
9490,EV00321,161,180022
9490,EV00696,177,1282708
9491,EV00837,117,104287
9491,EV01043,128,843085
9491,EV01352,166,4043545
9491,EV00584,193,25483
9491,EV01627,211,31480
9491,EV00225,258,3887889
9492,EV01464,60,60240
9492,EV01475,88,2962188
9492,EV01338,101,571778
9493,EV00405,120,298118
9493,EV00920,140,125051
9493,EV00973,240,99045
9493,EV00223,257,15564283
9494,EV01444,85,82311
9494,EV00387,90,553964
9494,EV01304,112,90334
9494,EV01566,137,269935
9494,EV00660,148,1964673
9494,EV01767,156,931592
9495,EV00586,97,288581
9495,EV00997,114,59994
9495,EV01621,131,154931
9495,EV01488,174,72387
9495,EV00217,265,136056303
9496,EV00645,135,1599794
9496,EV01105,135,241177
9496,EV00842,154,54773
9496,EV00054,245,37746370
9497,EV01782,101,1093695
9497,EV01008,139,1577422
9497,EV00372,142,382786
9497,EV00359,143,1813134
9497,EV00715,146,284459
9497,EV01675,148,20377
9497,EV00994,159,152321
9498,EV00616,76,119441
9498,EV01415,130,1081616
9498,EV01225,143,547531
9498,EV00070,259,94403826
9499,EV00636,133,98366
9500,EV00684,113,252106
9500,EV01762,192,2297362
9500,EV00191,292,1457242
9501,EV00191,287,1534017
9501,EV00039,291,4846513
9502,EV01766,109,881152
9502,EV01249,128,989298
9502,EV00618,144,2835420
9502,EV01305,154,830155
9502,EV00376,173,113071
9502,EV00915,181,92277
9502,EV01143,198,217564
9502,EV00206,254,1338383
9503,EV02000,75,2020908
9503,EV00446,97,109511
9503,EV00636,103,162456
9503,EV01649,114,814361
9503,EV01784,129,27427
9503,EV00699,141,121862
9503,EV01023,175,140014
9503,EV01392,199,350151
9504,EV01447,117,279379
9504,EV00660,119,1870198
9504,EV00489,130,104443
9504,EV01528,228,244128
9505,EV01634,110,123342
9505,EV00473,131,637553
9506,EV00515,110,527789
9506,EV01613,117,8650
9506,EV01240,129,372863
9506,EV01023,137,266624
9506,EV00224,228,7111940
9506,EV00020,258,4221297
9507,EV01778,122,93792
9507,EV01078,126,371817
9507,EV00899,139,85601
9507,EV01297,145,17953
9507,EV00946,174,87906
9507,EV00312,228,10284291
9507,EV00300,233,10492356
9508,EV00470,131,21814
9508,EV01521,132,1313109
9508,EV00385,179,51341
9509,EV01246,103,394553
9509,EV01703,108,167146
9509,EV01285,135,142791
9509,EV01661,176,434869
9509,EV00492,201,774688
9510,EV00723,115,8374
9510,EV01809,142,545937
9511,EV01346,118,64808
9511,EV00541,124,97480
9511,EV00316,253,54085491
9512,EV01031,112,766063
9512,EV01742,116,334281
9512,EV00462,177,2504660
9512,EV01297,186,56896
9512,EV01398,204,484119
9513,EV01855,28,12552344
9513,EV00397,94,104551
9513,EV00788,124,103752
9513,EV00462,146,1619513
9513,EV00601,147,343236
9513,EV00548,152,31244
9514,EV01428,60,46630
9514,EV01211,105,104890
9514,EV01532,148,1093167
9514,EV00691,180,143015
9515,EV01056,101,58855
9515,EV01459,113,1763409
9515,EV01033,118,443821
9515,EV01014,129,90060
9515,EV01345,183,55708
9515,EV01626,183,44269
9515,EV00140,298,746099
9515,EV00093,310,2030060
9516,EV00543,102,285035
9516,EV01814,160,218624
9516,EV01484,188,326145
9516,EV00896,201,241180
9517,EV01225,133,1575019
9517,EV00245,214,8784907
9518,EV01207,96,1094072
9518,EV00493,117,160065
9518,EV00545,154,373642
9518,EV00271,256,5324094
9518,EV00153,261,17674131
9519,EV01537,127,234493
9519,EV00702,161,3518755
9519,EV01651,163,189811
9520,EV00973,73,52786
9520,EV00996,86,2223236
9520,EV01102,91,219421
9520,EV01266,119,643097
9520,EV00819,173,49884
9521,EV01625,91,555807
9521,EV01723,154,339982
9521,EV01753,156,313295
9521,EV01014,167,113680
9522,EV00600,86,65005
9522,EV01285,122,193808
9522,EV00652,154,7400430
9522,EV00169,288,33608551
9523,EV01813,80,3354480
9523,EV01224,115,303193
9523,EV00773,133,259825
9523,EV01135,155,586842
9523,EV00674,161,12525
9524,EV01375,68,164335
9524,EV00338,119,3053962
9524,EV01414,135,33740
9524,EV00864,145,61196
9524,EV01009,145,845537
9524,EV01761,147,721414
9525,EV01647,105,778198
9525,EV01605,150,151533
9525,EV01781,151,978381
9525,EV00799,181,53536
9525,EV00436,200,201790
9526,EV00682,95,29758
9526,EV01760,133,21255
9526,EV01435,139,43732
9527,EV00637,115,170254
9527,EV01568,120,2364152
9527,EV00964,135,126535
9527,EV00360,145,1146680
9527,EV00093,227,2903176
9527,EV00191,263,1200777
9527,EV00046,299,7109948
9528,EV01329,123,35630
9528,EV00968,138,40353
9528,EV01221,138,15124
9528,EV00773,167,141533
9528,EV00099,252,9592593
9528,EV00158,289,2106064
9529,EV01389,76,12586
9529,EV01650,85,402042
9529,EV01067,149,82678
9529,EV01808,151,186090
9529,EV00422,157,8165532
9529,EV00699,189,150277
9529,EV00549,193,858701
9530,EV01023,76,378901
9530,EV01277,155,117701
9530,EV00250,247,1016668
9531,EV01461,145,2943506
9531,EV00250,245,909420
9532,EV01289,121,39147
9532,EV00396,139,191853
9532,EV00820,150,3418041
9532,EV01645,162,550731
9532,EV01130,179,343595
9533,EV00970,73,374534
9533,EV00349,96,1392952
9533,EV00420,160,411684
9533,EV00703,192,154790
9533,EV00210,266,4043926
9533,EV00302,270,32066511
9534,EV01858,28,1689643
9534,EV00964,65,262915
9534,EV01211,100,110109
9534,EV00808,166,50216
9534,EV00573,210,183011
9535,EV00574,92,863480
9535,EV00651,121,398173
9535,EV01277,137,31913
9535,EV01076,187,114304
9535,EV00140,218,1811259
9536,EV00973,79,158840
9536,EV00896,124,172221
9536,EV00670,131,127905
9536,EV01329,171,45287
9536,EV00512,232,593775
9537,EV00473,82,927828
9537,EV01348,123,826457
9537,EV00765,128,1540372
9537,EV01239,135,573504
9537,EV01103,140,54256
9537,EV01345,170,85429
9537,EV00526,193,703572
9538,EV01249,128,1534534
9538,EV01276,139,78292
9538,EV00030,255,4359413
9539,EV00492,105,1232450
9539,EV00953,124,61080
9539,EV00393,145,617069
9539,EV01328,204,82741
9540,EV00288,202,708902
9540,EV00300,232,9640341
9540,EV00249,265,2270061
9541,EV01641,79,260930
9541,EV01793,127,20997
9541,EV01067,186,53032
9542,EV00488,137,991422
9542,EV00975,154,287711
9542,EV00463,187,100160
9543,EV00715,127,102207
9543,EV00141,204,43159033
9544,EV01856,34,1519569
9544,EV00841,113,69575
9544,EV01695,140,983754
9544,EV01304,172,59376
9544,EV00983,217,443841
9545,EV01774,169,55799
9545,EV00510,186,318487
9545,EV00225,238,1397807
9545,EV00136,239,44733892
9546,EV00722,132,64086
9547,EV00838,101,818961
9547,EV00651,154,346669
9547,EV01910,342,976227
9548,EV01862,46,838673
9548,EV00691,107,185614
9548,EV01760,120,26006
9548,EV00413,123,117089
9548,EV00837,159,74756
9548,EV01008,172,3015168
9548,EV01427,173,126902
9548,EV00896,191,238500
9548,EV01230,200,92927
9548,EV00281,267,6359824
9549,EV01253,113,251711
9549,EV00691,142,268570
9549,EV01421,152,30025
9549,EV00303,273,882203
9550,EV01464,109,16334
9550,EV00408,110,45279
9550,EV01493,138,4160636
9550,EV00663,139,2321227
9550,EV00842,140,51999
9550,EV00095,273,115149
9551,EV01403,79,745786
9551,EV00885,143,259510
9551,EV00683,149,87069
9551,EV00793,189,33611
9551,EV01093,194,2044853
9551,EV00258,257,21874353
9552,EV00535,96,69880
9552,EV00347,151,2095565
9552,EV00305,260,14983567
9553,EV01808,82,212284
9553,EV01507,113,820897
9553,EV00880,131,2818847
9553,EV01289,133,6287
9553,EV00674,143,42240
9553,EV00831,154,236713
9553,EV01219,209,67982
9554,EV01485,109,37582
9554,EV01508,137,283520
9554,EV00176,244,12730383
9555,EV01935,6,1129100
9555,EV01656,139,155951
9556,EV00574,91,770113
9556,EV01012,91,229729
9556,EV00841,105,69383
9556,EV00749,136,1365591
9556,EV01462,143,4221012
9556,EV01661,171,622566
9556,EV01155,193,1246073
9556,EV01459,203,2454068
9556,EV00112,273,4106351
9556,EV00126,278,5387131
9557,EV00595,79,81436
9557,EV00710,109,545315
9557,EV01659,163,72022
9557,EV01103,181,129148
9557,EV00243,209,14358177
9557,EV00045,274,7452092
9557,EV00168,283,3673863
9558,EV00055,228,24854697
9558,EV00942,230,1780983
9559,EV01026,90,304473
9559,EV00992,106,83441
9559,EV00594,151,65976
9559,EV00375,160,41761
9559,EV00595,180,99841
9559,EV00799,184,84784
9559,EV00216,246,790445
9559,EV00082,249,717978
9560,EV00882,150,1194949
9560,EV00860,178,450999
9560,EV00288,286,363391
9561,EV02000,40,3731540
9561,EV01017,104,817613
9561,EV00563,110,78146
9561,EV00436,113,475094
9561,EV01435,154,45055
9561,EV01211,160,47904
9562,EV01357,104,639278
9562,EV00253,232,3825807
9563,EV01166,112,129088
9563,EV01778,123,52602
9563,EV01758,155,58074
9563,EV01677,164,406378
9564,EV01993,22,2860577
9564,EV00526,73,818434
9564,EV00783,80,27159
9564,EV01099,101,528011
9564,EV01408,105,93028
9564,EV00786,116,40055
9564,EV00960,132,403341
9564,EV01111,198,38316
9565,EV01369,151,519592
9565,EV00377,167,384942
9565,EV01596,182,708655
9566,EV00539,107,1457795
9567,EV00480,119,43449
9567,EV00400,122,531164
9567,EV00712,151,189092
9567,EV01784,189,74866
9568,EV01510,145,1244601
9568,EV00368,171,52080
9569,EV01136,87,362233
9569,EV00528,165,261169
9569,EV01202,175,57408
9569,EV01228,203,24685
9570,EV01578,140,37752
9570,EV01451,158,326745
9570,EV01630,195,1806619
9570,EV01474,203,1594465
9570,EV00221,289,34933489
9571,EV01320,100,61231
9571,EV00812,139,390062
9571,EV01211,142,52674
9571,EV00387,177,327714
9572,EV01941,19,11942263
9572,EV01350,119,229629
9572,EV01067,163,69050
9572,EV01136,195,1526465
9572,EV00316,215,14960209
9573,EV01796,76,196463
9573,EV00361,135,83244
9573,EV00374,161,619030
9573,EV01677,169,223472
9573,EV00787,191,97168
9574,EV01980,27,413024
9574,EV01897,41,7162523
9574,EV00809,85,195202
9574,EV00780,173,121745
9574,EV01473,203,69963
9575,EV00277,275,6392175
9575,EV01875,352,2841545
9576,EV01266,71,408494
9576,EV00432,133,1190804
9576,EV01618,147,22930
9576,EV00773,152,567813
9577,EV01306,107,46799
9577,EV01806,107,93246
9577,EV01330,125,30160
9578,EV00970,94,149494
9578,EV00553,104,2602132
9578,EV00938,111,44735
9578,EV01464,140,34544
9579,EV01414,119,40560
9579,EV00356,140,348363
9579,EV01615,182,491870
9580,EV01845,11,819237
9580,EV01809,97,729244
9580,EV01413,107,216685
9580,EV00768,111,223034
9580,EV01548,158,55484
9580,EV00020,263,1805411
9581,EV01700,81,3538247
9581,EV00637,126,206859
9582,EV00596,110,2091862
9582,EV00773,117,487432
9582,EV00583,122,70067
9583,EV00326,87,215139
9583,EV00805,87,164158
9583,EV01702,98,76751
9583,EV00440,119,2467048
9583,EV01044,132,97087
9583,EV00994,175,222019
9584,EV00509,123,131939
9584,EV01429,175,120043
9584,EV01451,189,75303
9585,EV00555,101,534131
9585,EV01194,131,422278
9585,EV01753,165,113897
9585,EV00298,238,4672715
9587,EV01487,86,86269
9587,EV00660,121,2125044
9587,EV01568,123,1111998
9587,EV00973,148,198128
9587,EV01760,160,11252
9587,EV00416,162,2524810
9587,EV01658,200,1061646
9588,EV01117,117,217705
9588,EV00938,158,59825
9588,EV00896,188,243166
9589,EV01203,119,364585
9589,EV01122,125,2268086
9589,EV01653,126,170182
9589,EV00790,146,56493
9589,EV00545,157,200200
9589,EV00548,167,54772
9590,EV01555,138,1343686
9590,EV00717,144,62815
9590,EV01652,148,4461988
9590,EV00851,155,37028
9590,EV00253,268,5817424
9590,EV00115,269,1801325
9590,EV01998,365,495653
9591,EV00676,96,1041064
9591,EV01491,163,361456
9591,EV00574,194,751566
9592,EV01548,152,69086
9592,EV00960,166,365846
9592,EV00942,193,649390
9593,EV00693,104,1323687
9593,EV00303,252,1703978
9594,EV01894,25,6275491
9594,EV00385,120,40766
9594,EV01432,120,931954
9594,EV00056,228,5544920
9595,EV01850,19,4803386
9595,EV00418,152,289688
9595,EV01236,175,1383282
9595,EV01385,195,46160
9595,EV00037,267,2510206
9595,EV00126,273,3933695
9596,EV00866,120,274560
9596,EV00814,186,990268
9596,EV01749,240,42743
9596,EV00206,244,1493932
9596,EV00253,293,2762834
9597,EV01103,133,95558
9598,EV00947,131,57914
9598,EV00493,153,99875
9598,EV00002,229,20446914
9599,EV00909,125,449662
9601,EV00750,108,147315
9601,EV00418,110,244143
9601,EV00783,117,68424
9601,EV01155,129,1950198
9601,EV01075,140,18759
9601,EV00823,161,1916409
9601,EV00826,178,727469
9601,EV01965,327,3100848
9602,EV01408,102,35583
9602,EV00614,127,1882228
9602,EV01444,157,298745
9602,EV00579,172,157211
9602,EV01779,175,82916
9602,EV00831,201,601649
9602,EV00176,307,20741858
9602,EV00146,322,5359473
9603,EV00587,92,1481202
9603,EV00509,158,111216
9603,EV00408,164,53437
9603,EV01605,171,391750
9604,EV01769,126,336544
9604,EV00382,127,52286
9604,EV01143,151,248069
9605,EV01571,103,774507
9605,EV00334,105,252488
9605,EV00255,265,10298674
9605,EV00140,275,505312
9606,EV00990,112,380927
9607,EV01393,73,743464
9607,EV01165,118,286375
9608,EV00446,148,206268
9608,EV00789,151,369459
9608,EV01260,168,716415
9608,EV00046,252,5685293
9609,EV00843,115,200025
9610,EV01923,40,440935
9610,EV00326,75,26506
9610,EV00583,101,79586
9610,EV00698,110,388572
9610,EV00758,124,828726
9610,EV00702,138,1784402
9610,EV01450,149,516054
9611,EV00651,102,487878
9611,EV01239,136,328976
9611,EV00908,161,295687
9611,EV01274,179,17537
9611,EV00013,264,5821367
9611,EV00144,283,36604671
9612,EV00447,100,324621
9612,EV00458,143,4600395
9612,EV00720,146,51858
9612,EV01251,161,81027
9613,EV01488,92,171694
9613,EV00767,102,63641
9613,EV01138,108,116422
9613,EV00828,143,1773803
9613,EV01751,168,65683
9613,EV01449,215,187063
9613,EV01283,240,130911
9614,EV01698,82,553054
9614,EV01747,115,313047
9614,EV01353,197,87472
9614,EV01869,353,986062
9615,EV01246,126,865018
9615,EV01462,141,1880539
9616,EV01512,112,1365821
9617,EV00559,122,12092
9617,EV00472,144,45622
9617,EV01255,145,694294
9617,EV00509,165,119751
9617,EV01401,169,1296721
9618,EV00740,117,2681470
9618,EV01818,154,435869
9618,EV00600,240,71124
9619,EV01693,173,242599
9619,EV01791,198,57322
9620,EV01527,127,3399083
9620,EV01274,143,17848
9620,EV00879,161,358415
9620,EV00549,165,421391
9620,EV00734,179,72424
9620,EV00186,230,76670881
9621,EV01360,161,366643
9621,EV01057,169,39011
9621,EV01487,175,23643
9622,EV01164,140,2097155
9623,EV01982,44,1984276
9623,EV01687,117,829082
9623,EV01259,128,788849
9623,EV00786,140,160043
9624,EV01404,102,333557
9624,EV00937,124,423689
9624,EV00225,272,2220964
9625,EV01346,142,51957
9625,EV01092,145,454041
9625,EV01323,155,1073310
9625,EV00039,303,2697618
9626,EV01586,60,390675
9626,EV01227,184,2300220
9627,EV00720,112,145282
9627,EV00497,135,1421898
9627,EV01708,145,1780524
9627,EV01483,176,1093300
9627,EV01416,178,1041555
9628,EV00819,151,54651
9628,EV01651,179,71055
9629,EV01631,74,335281
9629,EV01285,93,139067
9629,EV01180,141,78115
9629,EV01546,162,536532
9629,EV00238,238,32362629
9630,EV00750,92,605970
9630,EV01154,108,1321718
9630,EV00604,134,346684
9630,EV00356,136,195905
9630,EV00604,145,265276
9630,EV01597,157,148841
9630,EV00942,179,1716736
9630,EV00208,268,20279640
9631,EV01396,87,611427
9631,EV00413,130,137511
9631,EV01310,153,22610
9631,EV01033,161,668220
9631,EV00189,238,1712798
9631,EV00175,289,5510600
9632,EV01835,33,1504068
9632,EV01404,67,438663
9632,EV00491,130,148759
9632,EV00947,142,42591
9632,EV01444,153,470597
9632,EV01033,176,223228
9633,EV00890,123,4863
9633,EV00888,126,903273
9633,EV01498,126,169555
9633,EV01036,154,3593113
9633,EV00313,303,81719788
9634,EV01277,101,98142
9634,EV00391,112,59571
9634,EV01078,146,642039
9634,EV00489,232,192560
9634,EV00247,240,4971172
9634,EV00093,242,2529310
9634,EV00159,252,2255371
9635,EV00404,107,413091
9635,EV01197,115,283219
9635,EV01435,131,62777
9636,EV01652,94,1219760
9636,EV01251,135,125959
9636,EV01095,161,165207
9636,EV01014,173,76970
9638,EV00319,269,16390650
9639,EV00395,98,224724
9639,EV00833,162,435406
9639,EV01635,194,2307811
9639,EV00190,272,31478420
9640,EV01217,60,157710
9640,EV01165,109,278854
9640,EV01432,126,545145
9640,EV00104,299,5578936
9641,EV00954,109,42668
9641,EV01226,153,49608
9641,EV01012,165,169874
9642,EV00846,151,562227
9642,EV00356,179,210498
9642,EV01387,190,41183
9642,EV01432,201,1226757
9642,EV00635,222,1831956
9643,EV00017,216,3175788
9643,EV01239,236,209381
9643,EV00020,244,6213469
9643,EV01958,346,1009991
9644,EV01158,96,214652
9644,EV01798,136,237781
9645,EV01059,102,43008
9645,EV00531,130,2183635
9645,EV00923,141,8348
9645,EV00843,183,109512
9645,EV00011,235,35514255
9646,EV00515,82,589564
9646,EV01037,92,153799
9646,EV01269,124,49056
9646,EV01543,131,1061975
9646,EV01091,151,29818
9646,EV01076,187,75602
9647,EV01239,148,827916
9647,EV01604,157,852711
9648,EV01744,202,27510
9649,EV01790,85,4250172
9649,EV01625,145,822644
9649,EV01419,183,642918
9649,EV00431,191,102748
9650,EV01158,87,37368
9650,EV00600,132,53229
9650,EV00869,151,963344
9650,EV00039,234,1107168
9651,EV00731,110,214249
9651,EV00619,127,108707
9651,EV01055,133,1649733
9651,EV00361,150,130550
9651,EV00675,158,1672493
9651,EV01259,162,196502
9651,EV01651,163,286693
9651,EV01305,171,902858
9651,EV00138,262,39193912
9652,EV01910,13,1674480
9652,EV00565,84,39553
9652,EV01758,113,31813
9652,EV00941,116,49543
9652,EV01342,120,43295
9652,EV01178,122,386765
9652,EV01490,129,483130
9652,EV01155,141,627935
9652,EV00566,176,123714
9653,EV01825,10,723249
9654,EV01975,3,202909
9654,EV00809,125,130597
9654,EV01608,143,102010
9654,EV01793,158,14569
9654,EV01365,160,163979
9654,EV00167,312,9993148
9655,EV00612,111,8434
9655,EV00731,130,662351
9655,EV00298,298,3149698
9656,EV01845,1,2374925
9656,EV01010,103,338501
9656,EV01039,110,37042
9656,EV01238,132,314339
9657,EV01296,133,171542
9657,EV01322,141,58257
9657,EV01551,159,58908
9657,EV01536,195,46072
9657,EV00325,196,221788
9657,EV00225,272,2041016
9658,EV00717,130,17493
9658,EV01273,149,161034
9658,EV00073,260,30557870
9659,EV01354,105,2783417
9659,EV01650,121,700858
9659,EV00565,132,44261
9659,EV01204,159,47731
9659,EV00113,199,1818710
9660,EV01035,121,1407646
9660,EV01737,134,1068184
9660,EV00355,152,97240
9660,EV00045,163,3127239
9660,EV00284,320,37531589
9661,EV00001,235,1933978
9662,EV01419,99,855114
9662,EV00983,203,197226
9662,EV00148,265,68401311
9663,EV00734,107,19982
9663,EV01079,153,149431
9664,EV01488,91,48236
9664,EV00375,159,118989
9664,EV00595,166,146980
9664,EV00196,282,20068562
9665,EV01102,187,498206
9665,EV00216,257,2259441
9666,EV00930,97,563509
9666,EV01614,127,1381641
9666,EV01608,136,86684
9666,EV01060,171,110887
9667,EV01076,108,59434
9667,EV01154,108,409686
9667,EV01519,124,157341
9667,EV00370,145,1699014
9667,EV00541,152,64299
9667,EV01322,153,53087
9667,EV01348,168,1983302
9667,EV01645,175,528888
9667,EV00988,201,78088
9668,EV01575,148,24108
9668,EV00781,193,303862
9669,EV00372,124,298131
9669,EV00640,140,1575851
9669,EV01617,178,30813
9669,EV01520,184,376336
9669,EV01398,208,325344
9669,EV00225,215,876463
9669,EV00076,296,4913208
9670,EV01745,67,141538
9670,EV00476,89,148413
9670,EV00710,102,1001333
9670,EV01116,151,45019
9670,EV00039,294,3196439
9671,EV01641,117,156318
9671,EV01599,119,55685
9671,EV01044,125,224688
9671,EV01423,141,174124
9671,EV01969,354,1564466
9672,EV01379,103,59642
9672,EV01433,139,261905
9672,EV01068,157,128943
9672,EV01121,157,683345
9672,EV01643,164,1368519
9672,EV00363,172,74125
9673,EV00382,178,40373
9674,EV00935,129,887236
9674,EV01148,157,646722
9674,EV01324,161,797738
9674,EV00211,212,27845235
9675,EV01039,132,33436
9675,EV00125,257,37788793
9676,EV01433,83,155862
9676,EV00326,123,64212
9676,EV00536,157,43019
9676,EV00566,157,129411
9676,EV00998,168,188180
9677,EV01235,152,362860
9678,EV01326,171,549381
9678,EV01727,171,29263
9678,EV01298,176,750403
9678,EV01791,203,47265
9678,EV00093,222,1611744
9678,EV00194,253,29913235
9679,EV00989,160,239836
9679,EV01511,165,338986
9679,EV00687,206,593696
9679,EV00271,238,1487015
9680,EV00510,90,606132
9680,EV01111,112,32993
9680,EV00406,138,103324
9680,EV01110,177,54679
9680,EV00494,199,243735
9680,EV00076,201,5979664
9680,EV00189,204,4399448
9680,EV00486,231,85340
9680,EV00222,267,2538909
9681,EV00648,118,38646
9681,EV01719,142,2049986
9681,EV00500,152,147218
9681,EV01685,171,110860
9681,EV00737,203,974298
9682,EV01580,118,23171
9682,EV01808,146,101250
9682,EV01500,147,98790
9682,EV00226,235,2289353
9683,EV01134,91,118053
9683,EV00654,101,622830
9683,EV00790,108,86305
9683,EV01064,163,2345770
9683,EV00319,269,18054136
9683,EV00024,276,13016257
9683,EV01893,354,3857857
9683,EV01897,363,1588546
9684,EV00919,81,1994449
9684,EV00942,160,1143916
9684,EV00095,217,175822
9684,EV00112,272,5050971
9684,EV01874,314,546585
9685,EV00569,158,160880
9685,EV00206,245,1285931
9685,EV00221,266,13241076
9686,EV01590,100,114417
9686,EV00399,136,243667
9686,EV00691,180,183332
9686,EV00006,285,125509679
9687,EV01793,103,28259
9687,EV01017,104,471367
9687,EV00390,115,2205805
9687,EV01234,123,623422
9687,EV01327,213,40141
9687,EV00216,248,675350
9688,EV00896,132,249008
9688,EV00637,134,320977
9689,EV01559,111,882831
9689,EV01793,132,38319
9689,EV01439,137,2180418
9689,EV01251,141,88257
9689,EV00790,202,72174
9690,EV00973,98,45555
9690,EV00374,172,1227253
9691,EV01079,145,240690
9691,EV00389,147,272625
9691,EV00747,157,111010
9691,EV00093,222,1682947
9691,EV00291,265,9064415
9692,EV01166,75,207705
9692,EV01580,114,26311
9692,EV00722,121,264580
9692,EV00104,282,5333542
9693,EV01693,77,117147
9693,EV00422,101,9865027
9693,EV01650,132,220992
9693,EV01235,144,78045
9693,EV00879,145,118747
9694,EV00819,191,80392
9695,EV00555,86,231197
9695,EV01285,124,564801
9695,EV00372,125,394492
9695,EV01408,140,43680
9695,EV01014,146,114088
9695,EV00157,242,109831314
9695,EV00140,275,458128
9696,EV00382,103,48632
9696,EV01502,110,124534
9696,EV01674,112,226526
9696,EV01761,129,884317
9696,EV00249,241,1713063
9697,EV01930,21,515468
9697,EV00350,105,68785
9697,EV01591,121,114986
9697,EV00607,151,94874
9697,EV01443,214,1561835
9697,EV00121,279,4470127
9698,EV01614,128,1334635
9698,EV00681,139,286838
9698,EV00926,146,713475
9698,EV00602,155,213676
9698,EV00339,160,155426
9699,EV00489,172,165537
9699,EV01413,182,266275
9699,EV00023,220,1978785
9700,EV01625,137,346748
9700,EV00898,176,95060
9700,EV00222,237,2409069
9700,EV00222,255,1765255
9701,EV00423,62,428917
9701,EV00719,93,37116
9701,EV00580,154,67404
9701,EV00947,156,162220
9701,EV01730,156,1364607
9701,EV01700,158,3699144
9701,EV00833,160,179101
9701,EV01658,195,1229023
9702,EV01898,28,5388953
9702,EV01712,99,375572
9702,EV00598,118,644374
9702,EV01591,140,115548
9703,EV01421,129,57805
9703,EV00175,278,2380687
9704,EV01590,112,35550
9704,EV01288,117,324453
9704,EV01527,171,1570137
9704,EV00093,216,2979533
9705,EV01544,85,376578
9705,EV00866,90,625499
9705,EV01778,103,105172
9705,EV00862,123,274190
9705,EV00512,180,103859
9706,EV00731,103,1233236
9706,EV01414,117,13703
9706,EV01729,125,1056464
9706,EV00981,131,99461
9706,EV01345,196,38258
9707,EV01266,74,551767
9707,EV00383,116,4574
9707,EV01667,123,830529
9707,EV00888,132,3119274
9707,EV01780,171,124604
9708,EV01806,124,79181
9708,EV01431,139,854286
9708,EV01158,150,191108
9709,EV01015,152,2436774
9709,EV01345,181,89859
9709,EV00046,230,2906297
9709,EV00124,279,18946532
9709,EV01832,352,2732763
9710,EV01110,97,67346
9710,EV01791,137,101691
9711,EV00994,153,179942
9712,EV00545,117,755581
9712,EV00047,241,22889541
9712,EV00250,247,1043178
9712,EV00214,256,9261630
9713,EV00760,70,50347
9713,EV00702,121,2475955
9713,EV01166,140,142903
9713,EV00587,142,1275767
9713,EV01237,151,49652
9714,EV00731,127,731876
9714,EV01484,145,729017
9714,EV00438,147,127602
9715,EV01599,191,46200
9716,EV01198,121,263065
9716,EV01467,141,1069138
9716,EV00373,185,5579
9716,EV00233,218,43031528
9717,EV01509,125,71944
9717,EV01551,128,64749
9717,EV01225,146,1280057
9717,EV00258,243,27118542
9718,EV01575,133,43284
9718,EV00396,142,129494
9718,EV00791,148,270976
9719,EV00706,81,751886
9719,EV01675,127,37940
9719,EV01428,168,110262
9719,EV00783,192,70102
9719,EV00297,227,21797716
9719,EV00225,262,2462310
9720,EV01703,108,60212
9720,EV00777,137,221497
9720,EV01361,155,230404
9720,EV00017,209,685038
9721,EV01747,128,103299
9721,EV00359,145,923643
9721,EV01172,164,179133
9721,EV00130,254,2142365
9721,EV00007,263,36188283
9722,EV00949,126,624846
9722,EV01524,188,326552
9723,EV01529,98,83083
9723,EV01373,110,59011
9723,EV00784,144,472786
9725,EV01599,70,67043
9725,EV01304,115,103386
9725,EV01095,132,541626
9725,EV00324,136,329718
9725,EV00985,151,38828
9726,EV00446,65,27961
9726,EV00791,88,295435
9726,EV01416,102,2040087
9726,EV00809,149,223434
9726,EV01245,171,50394
9726,EV00489,190,206405
9727,EV00440,105,2404568
9727,EV00341,116,3234463
9727,EV00614,168,1724580
9727,EV00583,240,107291
9728,EV00135,273,15078858
9729,EV00364,62,820055
9729,EV01474,122,3110428
9729,EV00943,135,1063386
9729,EV01749,137,195930
9730,EV00887,103,69848
9730,EV01093,109,2412368
9730,EV01233,112,2218183
9730,EV00633,127,3602758
9731,EV01625,90,736968
9731,EV01461,120,1425174
9731,EV00990,151,268194
9731,EV01619,156,1794896
9731,EV00241,255,6708052
9732,EV00863,120,114345
9732,EV00428,156,414627
9733,EV01752,125,118260
9733,EV01154,130,544046
9733,EV01079,145,165343
9734,EV01172,106,218225
9734,EV01669,168,190909
9734,EV00655,180,248051
9735,EV00663,156,2691539
9735,EV01023,161,120311
9735,EV01557,181,239091
9735,EV00220,241,43479837
9736,EV00233,226,38437126
9737,EV00887,96,81352
9737,EV01246,157,469883
9737,EV00076,300,4789041
9738,EV01695,132,505723
9738,EV00451,179,172273
9738,EV00472,215,16648
9739,EV01426,118,6305064
9739,EV00761,155,905917
9740,EV00848,88,35984
9740,EV00696,90,711791
9740,EV00751,170,12209
9741,EV00648,147,37021
9741,EV01326,158,216845
9742,EV01797,123,69720
9742,EV01381,144,407143
9742,EV01514,171,688075
9742,EV01484,174,310377
9742,EV00982,180,2134107
9743,EV00734,123,22971
9744,EV00930,75,715278
9744,EV00447,114,330133
9744,EV00980,187,1607963
9745,EV00901,148,231962
9745,EV00527,151,106737
9745,EV01296,156,179604
9745,EV00815,164,2665027
9745,EV00267,270,19475118
9746,EV00833,120,259803
9746,EV01143,162,164046
9746,EV00003,277,1597989
9747,EV00544,95,46378
9747,EV01528,147,411094
9747,EV00515,154,736066
9747,EV00720,156,95117
9747,EV00899,165,137571
9747,EV00894,172,1747856
9747,EV01188,172,273365
9747,EV00259,257,29843226
9748,EV01600,83,147960
9748,EV01079,142,130162
9748,EV00954,177,90244
9749,EV01225,72,5045329
9749,EV01103,86,155247
9749,EV01304,99,30844
9749,EV00400,129,339373
9749,EV00869,162,567349
9750,EV01251,91,251165
9750,EV01078,210,586640
9750,EV00264,236,1413620
9751,EV01882,2,520628
9751,EV00553,60,2210550
9751,EV01863,64,811567
9751,EV01700,78,1363591
9751,EV01076,120,127726
9751,EV01519,180,202002
9751,EV00593,190,492021
9751,EV00271,275,5728880
9752,EV01204,113,124731
9752,EV00918,162,2293111
9752,EV00171,258,11777050
9753,EV00714,60,288515
9753,EV01503,129,680735
9753,EV00603,159,201670
9754,EV00383,98,41605
9754,EV01530,123,93675
9754,EV00028,217,48523334
9755,EV01796,197,375943
9756,EV01740,125,477605
9756,EV00871,129,1375713
9756,EV01235,131,184329
9756,EV01519,136,117491
9756,EV01657,160,323757
9757,EV00751,110,32104
9757,EV01242,199,46815
9757,EV00140,248,1352877
9757,EV00017,253,1944725
9757,EV00212,272,27702229
9757,EV00140,316,295397
9758,EV01451,60,209131
9758,EV01135,74,1194426
9758,EV01778,125,170090
9759,EV00432,117,488926
9759,EV01141,149,87827
9759,EV00565,165,34020
9759,EV01778,170,114750
9759,EV01578,173,118707
9759,EV00407,184,268813
9759,EV01394,185,618993
9760,EV01084,90,445097
9760,EV01158,133,211562
9760,EV01778,154,104408
9760,EV01221,172,58403
9760,EV00479,188,134907
9761,EV01285,117,456701
9761,EV00428,127,686923
9761,EV00500,155,81612
9761,EV01435,173,35753
9761,EV00140,210,1416548
9762,EV01022,84,310275
9762,EV01239,87,464229
9762,EV01421,101,17518
9762,EV00812,110,1193503
9762,EV01575,148,26373
9762,EV01962,363,830276
9763,EV01237,98,41995
9763,EV00366,148,1365977
9763,EV00270,247,5033767
9764,EV01346,125,79063
9764,EV00926,183,716255
9765,EV01304,161,77865
9765,EV01694,169,128069
9766,EV00790,115,109556
9766,EV00420,121,1274143
9766,EV00595,131,152010
9766,EV00995,132,108359
9766,EV01729,179,495849
9766,EV00532,230,502981
9766,EV00164,251,13336228
9767,EV01595,88,175596
9767,EV01400,122,93650
9767,EV01397,152,402743
9767,EV01489,157,412796
9767,EV00260,223,23028905
9768,EV01289,122,9911
9768,EV01752,126,63878
9768,EV00514,155,31007
9769,EV01182,65,149545
9769,EV01659,159,157463
9769,EV01396,167,583797
9769,EV01471,178,182852
9769,EV00073,246,9052335
9770,EV01275,110,529694
9770,EV00923,148,60844
9770,EV00778,173,328118
9771,EV00938,91,31589
9771,EV00522,129,563010
9771,EV00744,138,585014
9771,EV00995,172,403767
9771,EV01316,174,183667
9771,EV00839,199,52850
9772,EV00843,135,111313
9772,EV01780,156,69697
9772,EV00805,170,193251
9772,EV00772,215,393117
9773,EV00376,125,178365
9773,EV00050,221,47135705
9774,EV01917,23,1869158
9774,EV01423,110,32379
9774,EV01994,319,1311284
9775,EV01090,99,170804
9775,EV00407,153,76421
9775,EV00002,237,15608425
9776,EV01492,147,553213
9776,EV00463,156,12088
9776,EV01730,175,829657
9777,EV01796,88,92931
9777,EV01310,109,49286
9777,EV01317,114,196652
9777,EV01069,139,2388585
9777,EV01156,143,689620
9777,EV00968,149,149414
9777,EV01637,151,754112
9777,EV01257,161,933862
9777,EV00159,213,1207073
9777,EV00175,237,9602238
9777,EV00096,256,286305
9778,EV01673,151,517127
9779,EV01373,127,75487
9779,EV00882,189,764217
9780,EV01552,129,189951
9780,EV01067,193,145270
9781,EV01752,60,68972
9781,EV01649,70,116687
9781,EV01758,127,93698
9781,EV00889,143,953241
9781,EV00548,170,77326
9781,EV01415,210,1025188
9781,EV00017,270,1870036
9782,EV00412,92,206111
9782,EV01704,137,2775737
9782,EV01524,190,659543
9782,EV00446,196,50220
9783,EV01059,147,45512
9783,EV01127,169,222588
9783,EV00115,197,2897786
9783,EV00131,204,24543512
9783,EV00076,258,5155763
9784,EV01162,87,43384
9784,EV01105,128,71130
9784,EV00179,275,5314062
9785,EV01291,78,68261
9785,EV01721,108,251738
9785,EV00356,125,331118
9785,EV01641,152,163330
9786,EV00447,92,354013
9787,EV01529,89,57744
9787,EV01187,100,345869
9787,EV01202,107,92430
9787,EV01809,118,1190424
9787,EV00613,130,56735
9787,EV00896,131,80586
9787,EV01435,196,49697
9788,EV01930,28,207581
9788,EV01059,84,16057
9788,EV01809,113,206908
9788,EV01698,219,176169
9788,EV00871,231,1128783
9789,EV01751,155,219029
9789,EV01441,171,192900
9789,EV00377,173,939926
9789,EV01473,240,253835
9790,EV00751,97,16168
9790,EV01513,184,1168926
9790,EV00222,241,1634619
9791,EV01769,158,436377
9792,EV00363,103,60226
9792,EV00516,131,1630383
9792,EV00383,156,21257
9792,EV01424,158,831463
9793,EV00971,112,1080546
9793,EV00793,135,70028
9794,EV01700,125,1963045
9794,EV01030,138,468652
9794,EV00830,145,46624
9794,EV01336,146,248177
9794,EV00423,167,946253
9794,EV00390,187,796080
9794,EV00043,225,19393231
9794,EV00003,260,2375742
9794,EV00243,272,16156537
9795,EV00970,103,77408
9795,EV00327,118,54721
9795,EV00503,132,232040
9795,EV01274,146,40055
9795,EV01390,162,925527
9795,EV01435,187,53332
9795,EV00103,201,20868524
9795,EV00250,261,913232
9796,EV01675,113,42893
9796,EV01292,127,779335
9796,EV01885,364,382200
9797,EV00368,157,22113
9798,EV01938,27,674415
9798,EV01180,102,62320
9798,EV00535,143,40175
9798,EV00440,160,2170951
9798,EV00571,190,1093145
9799,EV01797,183,120493
9800,EV01793,129,25254
9801,EV01141,66,81117
9801,EV00793,95,220388
9801,EV00347,104,616845
9801,EV01366,134,425340
9801,EV00709,138,133837
9801,EV00768,175,293738
9802,EV01901,19,304083
9802,EV01537,145,113998
9802,EV00799,150,19862
9802,EV00519,180,43612
9802,EV00441,185,22661
9803,EV01088,125,79316
9803,EV00935,140,782683
9803,EV01721,146,266846
9803,EV01766,151,597837
9803,EV01264,165,444409
9803,EV00957,179,372938
9803,EV00050,231,23887463
9804,EV00557,60,298574
9804,EV00457,84,20414
9804,EV00843,123,68347
9804,EV00847,159,48436
9804,EV00893,193,356429
9805,EV01653,60,154000
9805,EV01684,131,20323
9806,EV01093,133,1430515
9806,EV01006,171,191056
9807,EV01211,117,180199
9807,EV01651,124,192706
9807,EV00997,133,27155
9807,EV00918,175,1153672
9808,EV01617,60,74618
9808,EV00940,110,1453892
9808,EV01539,129,74006
9808,EV01760,151,58249
9808,EV00129,227,30173161
9809,EV00595,60,42488
9809,EV01731,108,1828229
9809,EV01158,128,120001
9809,EV00096,206,392936
9810,EV01543,120,1604857
9810,EV01749,153,40664
9810,EV01326,165,589318
9810,EV00613,166,52161
9811,EV01650,141,404760
9811,EV00253,270,884298
9812,EV00399,153,59631
9812,EV00011,206,47708828
9813,EV01984,64,589911
9813,EV01401,93,545523
9813,EV00702,131,3181443
9813,EV00221,282,12227484
9814,EV00674,140,22447
9814,EV00714,191,117954
9814,EV00046,277,7749812
9815,EV01826,9,3043194
9815,EV00761,103,548885
9815,EV01645,160,554600
9815,EV01024,186,1245144
9816,EV01971,13,1481878
9816,EV00383,109,53620
9817,EV00699,109,36067
9817,EV01795,134,243752
9817,EV00018,219,141624591
9818,EV00555,119,177813
9818,EV01656,125,203339
9818,EV00936,136,316998
9818,EV00920,155,81709
9819,EV01518,124,526899
9819,EV01753,152,130098
9819,EV01333,170,161895
9819,EV00566,190,178222
9819,EV00318,268,10249689
9820,EV01379,127,34851
9820,EV01790,152,2038362
9821,EV01906,35,360813
9821,EV01725,103,631467
9821,EV01263,113,172412
9821,EV01253,134,131578
9821,EV00438,147,289675
9821,EV01259,155,250961
9821,EV00361,181,132770
9821,EV01165,197,384064
9821,EV00225,261,2331068
9822,EV01704,177,1523794
9822,EV00370,188,529142
9822,EV00532,220,255932
9823,EV01438,90,121979
9823,EV01006,142,116351
9823,EV00953,146,89422
9823,EV00517,149,729841
9824,EV00636,124,390542
9824,EV00869,143,539306
9824,EV00824,205,743656
9824,EV00303,258,1549074
9825,EV01072,62,618307
9825,EV01176,83,448934
9825,EV00762,85,774023
9825,EV00726,109,284498
9825,EV01545,164,31883
9826,EV01333,87,87479
9826,EV01078,126,195767
9826,EV01526,144,202205
9826,EV01006,147,177433
9826,EV00847,148,46669
9826,EV00389,181,211190
9826,EV00028,225,17108661
9826,EV00191,262,1729809
9827,EV01622,111,36071
9827,EV01261,128,54422
9827,EV01000,150,20982
9827,EV01659,150,122597
9827,EV00423,157,454415
9827,EV00722,181,142504
9827,EV00264,243,1800781
9828,EV01424,123,672336
9828,EV01379,154,33389
9828,EV00889,159,900054
9828,EV00414,165,158969
9828,EV00569,200,118416
9828,EV01551,200,76605
9828,EV00146,243,6801640
9828,EV01936,361,2919365
9829,EV01114,115,560931
9829,EV01378,148,51221
9829,EV00429,156,203542
9829,EV01017,195,995897
9829,EV00185,228,21036525
9830,EV00786,132,136847
9830,EV01575,137,27816
9830,EV01236,140,1054704
9830,EV01326,166,95807
9830,EV00763,196,71434
9831,EV01740,151,617715
9832,EV01925,24,2805436
9832,EV00526,92,606548
9832,EV00642,147,232316
9832,EV01413,163,254367
9832,EV00690,176,66529
9832,EV01737,196,771999
9833,EV00323,83,475334
9833,EV00793,91,27805
9833,EV01464,178,90768
9833,EV00272,253,27037235
9834,EV00376,132,40053
9834,EV01049,141,373332
9834,EV01552,155,124942
9835,EV01699,108,39255
9835,EV00545,137,383785
9835,EV01132,141,1132444
9835,EV01155,186,1115851
9835,EV00734,188,58330
9835,EV00147,226,73325733
9836,EV01384,105,27751
9836,EV00877,116,1813974
9836,EV01078,117,417198
9836,EV01281,156,256471
9836,EV01277,163,108312
9836,EV00488,181,490246
9836,EV01625,183,425760
9836,EV00093,261,1216529
9837,EV01180,134,65787
9837,EV01790,178,2153775
9837,EV00204,245,14070009
9838,EV00416,120,1099379
9838,EV00714,120,119334
9838,EV00588,163,1295924
9838,EV00385,188,23484
9838,EV00131,284,21170834
9839,EV01001,90,63137
9839,EV01274,98,8531
9839,EV01490,102,633932
9840,EV01541,77,3301898
9840,EV01313,153,749809
9840,EV00149,242,6659610
9840,EV00291,249,5315691
9841,EV01367,105,1228589
9841,EV01665,180,1092823
9841,EV00718,191,18831
9841,EV00315,301,12348856
9842,EV01273,116,224350
9842,EV00593,125,885567
9842,EV01251,127,198551
9842,EV00615,132,534227
9842,EV00787,150,109897
9842,EV01289,172,7358
9842,EV00447,175,236327
9842,EV00074,259,21882989
9843,EV00431,123,134496
9843,EV00651,125,127337
9843,EV01512,192,1576986
9844,EV01435,109,46384
9844,EV01657,145,966757
9844,EV01526,167,172686
9844,EV00616,197,269210
9844,EV00130,218,3666066
9844,EV00225,244,3033570
9845,EV01557,91,181300
9845,EV01197,95,92541
9845,EV01768,163,625372
9845,EV00386,174,294786
9845,EV00056,251,8220345
9846,EV00786,90,60352
9846,EV00405,136,95493
9846,EV01141,162,49283
9847,EV01831,56,917223
9847,EV01359,88,297238
9847,EV00753,89,43227
9847,EV01357,129,176812
9848,EV01130,100,98214
9848,EV01458,186,1407532
9849,EV01616,104,16052
9849,EV00396,114,290242
9849,EV01111,139,69118
9849,EV00258,278,16063981
9850,EV01464,107,51214
9850,EV01122,135,2332238
9850,EV01591,166,250817
9850,EV00435,170,634388
9850,EV01270,178,162880
9851,EV01166,113,160454
9851,EV01886,356,100992
9852,EV01570,121,61791
9852,EV00849,150,3018066
9852,EV00121,235,3607708
9853,EV01274,122,19581
9853,EV00538,181,501913
9853,EV00898,206,216866
9854,EV01752,109,116660
9854,EV00078,240,5538911
9855,EV01792,150,1339394
9855,EV01030,168,174333
9855,EV00715,192,418288
9855,EV00964,211,382583
9855,EV01679,240,508787
9856,EV00367,106,1246514
9856,EV00983,129,118957
9856,EV00783,153,47032
9856,EV01310,184,24855
9857,EV01341,82,105417
9857,EV01701,108,19215
9857,EV00493,122,157491
9857,EV01024,156,2223505
9857,EV00715,172,303457
9857,EV01561,182,130239
9857,EV00120,255,7043160
9858,EV01288,60,359276
9858,EV01566,125,203112
9858,EV00651,131,201781
9858,EV01403,149,908054
9859,EV00942,151,1102602
9859,EV00140,245,850451
9860,EV01840,26,893411
9860,EV01458,81,1485226
9860,EV01619,124,648619
9860,EV00460,125,1014311
9860,EV01322,188,52871
9861,EV00376,104,75708
9861,EV01313,129,1249609
9861,EV01204,146,119710
9861,EV00773,158,450949
9861,EV01219,174,283751
9862,EV01664,66,3641486
9862,EV01817,112,104549
9862,EV00385,123,49789
9862,EV01698,159,330214
9862,EV01552,183,176242
9863,EV01079,163,200991
9863,EV00030,308,8683858
9865,EV00294,220,3745310
9865,EV01414,221,17426
9866,EV00420,78,520018
9866,EV00380,106,285481
9866,EV01591,111,277177
9866,EV01170,143,854837
9867,EV00848,87,14334
9867,EV01578,118,78139
9867,EV01454,155,932255
9867,EV00993,160,46807
9867,EV01085,180,1093649
9867,EV01969,353,2074405
9868,EV01882,31,626707
9868,EV00740,96,1139321
9868,EV01691,99,2070541
9868,EV01019,139,262460
9869,EV00431,106,237852
9869,EV00896,167,155060
9870,EV01563,181,67790
9871,EV01485,137,86263
9871,EV00539,150,1609514
9871,EV00712,158,165154
9871,EV01504,166,2334829
9871,EV00640,190,1769735
9871,EV00773,232,331413
9872,EV00443,109,165685
9872,EV00719,110,155531
9872,EV01349,115,80464
9872,EV00489,148,200042
9872,EV01778,152,144738
9872,EV01085,240,705047
9872,EV00030,312,9026539
9873,EV01824,44,712168
9873,EV01446,117,3316499
9873,EV01679,123,233713
9873,EV01079,128,308387
9873,EV00540,136,29993
9873,EV00864,169,53195
9874,EV00981,81,97653
9874,EV01627,107,126246
9874,EV01107,130,186916
9874,EV00334,185,22437
9875,EV00725,98,710661
9876,EV00882,62,1244936
9876,EV00466,129,87745
9876,EV00534,167,229469
9877,EV01743,86,881441
9878,EV00989,156,217255
9878,EV00188,212,13357896
9879,EV01476,98,67838
9879,EV00347,100,1166493
9879,EV01487,120,57288
9880,EV00953,79,47228
9880,EV01202,167,18068
9880,EV01997,360,2127962
9881,EV01730,131,684342
9881,EV00387,153,398796
9881,EV01310,160,23530
9881,EV00536,163,40462
9881,EV01717,197,118349
9881,EV01435,219,51035
9882,EV01088,115,82450
9882,EV01158,138,139859
9882,EV01804,177,207886
9882,EV01775,200,679675
9883,EV00702,119,4410891
9883,EV00663,148,2828091
9883,EV00460,165,1479899
9884,EV00664,114,1792407
9884,EV00786,128,63656
9884,EV00722,139,111923
9884,EV00358,195,260207
9885,EV01213,125,793507
9885,EV00948,167,104923
9886,EV01678,102,1680147
9886,EV00439,112,125376
9887,EV01236,74,503642
9887,EV01180,82,163391
9887,EV00499,97,22447
9887,EV01540,99,328043
9887,EV01197,105,286786
9887,EV01339,141,476482
9887,EV00420,151,2788658
9887,EV01770,164,111129
9887,EV01083,212,2273538
9887,EV00062,263,37371326
9888,EV01235,169,217314
9888,EV01111,187,63848
9888,EV00253,270,1381307
9889,EV00981,78,59751
9889,EV01703,140,36006
9889,EV00988,143,34065
9890,EV01444,62,444020
9890,EV00880,84,5397787
9890,EV01625,117,270294
9890,EV00415,124,825152
9890,EV00683,140,152247
9890,EV00551,169,650557
9890,EV00918,208,3475203
9890,EV00472,209,60441
9891,EV01084,90,209295
9891,EV00487,123,4826874
9891,EV00517,134,773350
9891,EV01779,157,83085
9891,EV00478,218,26724
9892,EV01242,124,88797
9892,EV01824,353,669349
9893,EV01545,80,15237
9893,EV00557,129,23360
9893,EV00966,186,1854571
9893,EV00028,242,34278332
9893,EV00020,249,4110357
9893,EV00039,261,4589025
9894,EV00324,71,257509
9894,EV00587,132,1201812
9894,EV01143,150,104223
9894,EV00671,175,38747
9894,EV00253,230,3034944
9895,EV01068,120,264977
9895,EV01766,127,123714
9895,EV00355,140,314879
9895,EV01656,164,85055
9896,EV01453,161,1608184
9896,EV00993,216,40107
9896,EV00130,263,2441230
9897,EV01330,117,85680
9897,EV01526,177,52723
9897,EV01008,189,1776317
9897,EV01808,224,225975
9898,EV01959,53,480972
9898,EV01509,123,91137
9898,EV00714,147,92220
9899,EV00838,160,1259610
9899,EV01033,178,1093409
9899,EV00864,205,10967
9900,EV01756,120,39540
9900,EV00722,128,171552
9900,EV01218,144,664072
9900,EV01792,155,2021029
9900,EV00319,256,12741793
9901,EV01126,119,27009
9902,EV00123,263,17661179
9903,EV00970,154,114106
9903,EV01537,160,146865
9903,EV01277,178,182080
9903,EV00729,180,88522
9903,EV01335,192,2444093
9904,EV00991,77,220486
9904,EV01775,107,592042
9905,EV00359,69,2074153
9905,EV01177,100,78486
9905,EV01720,100,678819
9905,EV00399,145,100647
9905,EV00747,162,154122
9905,EV00559,166,10915
9905,EV00075,210,14696187
9905,EV00264,254,1631999
9906,EV01742,124,526564
9907,EV01626,92,27586
9907,EV01107,139,216903
9908,EV01545,60,22140
9908,EV00805,119,84303
9908,EV00548,123,37389
9908,EV00372,174,420571
9908,EV00655,179,141356
9909,EV00677,138,398350
9909,EV01518,152,432415
9909,EV00638,169,146071
9909,EV00267,241,86671873
9909,EV00099,243,5896820
9910,EV01372,95,1366499
9910,EV00915,124,133124
9910,EV01310,133,23306
9911,EV00665,82,61681
9911,EV00896,88,129127
9911,EV00375,111,122540
9911,EV01797,116,403374
9911,EV01412,132,538696
9911,EV01273,240,157238
9911,EV00017,257,1520035
9912,EV01965,356,3482001
9913,EV01729,151,723324
9914,EV01496,129,817864
9914,EV00742,161,728282
9914,EV00366,212,204801
9914,EV00105,234,27402759
9915,EV01304,63,153735
9915,EV01424,91,528707
9915,EV01702,104,81329
9915,EV01166,133,304223
9915,EV01021,141,1114079
9915,EV01138,168,102252
9915,EV00792,182,71391
9915,EV00545,211,1069855
9915,EV00008,251,7553714
9916,EV00819,144,84390
9916,EV00591,147,1125050
9916,EV00442,158,83022
9916,EV00363,202,43298
9916,EV00253,253,2720596
9917,EV00344,134,2610421
9917,EV00657,156,321410
9918,EV00312,172,3994863
9919,EV01706,96,413495
9919,EV01617,119,73681
9919,EV01627,119,47996
9919,EV01692,121,576233
9919,EV01237,127,79610
9919,EV00837,135,83403
9919,EV01421,139,38821
9920,EV01143,94,434534
9920,EV01388,128,102821
9920,EV01801,145,133107
9920,EV00567,153,190347
9920,EV00754,186,450687
9920,EV00128,221,12025711
9921,EV00855,115,1160165
9921,EV00387,126,526680
9921,EV00619,136,269008
9921,EV00140,231,1064387
9922,EV00448,96,596838
9922,EV01055,99,360670
9922,EV01310,103,18317
9922,EV00651,124,388772
9922,EV00264,231,983673
9923,EV01336,60,248622
9923,EV00764,103,762138
9923,EV01778,143,29469
9923,EV01380,144,178843
9923,EV01684,149,24187
9923,EV01237,170,51372
9924,EV01068,93,835847
9924,EV01756,102,113022
9924,EV00397,122,221340
9924,EV00422,139,12820933
9924,EV00509,140,39068
9924,EV00281,227,5194217
9925,EV01198,212,193986
9926,EV00577,89,10622
9926,EV00446,121,73803
9926,EV01810,123,67693
9926,EV01146,128,75587
9926,EV01693,142,189755
9926,EV00123,221,7018332
9926,EV01825,350,458999
9927,EV01018,125,695572
9927,EV01761,139,1687679
9927,EV00257,284,1686638
9928,EV01271,130,100173
9928,EV01442,155,1181005
9928,EV01794,163,38428
9928,EV00300,205,4620444
9928,EV00033,270,23882776
9929,EV01971,8,1530775
9929,EV00397,112,344949
9930,EV01385,102,27687
9930,EV01575,125,19618
9930,EV00020,242,2908571
9931,EV01149,99,189619
9931,EV01767,116,1418942
9931,EV01439,149,1966741
9931,EV00989,171,116005
9931,EV00864,189,118629
9931,EV00274,235,108908827
9932,EV01546,148,120018
9932,EV00076,253,2444992
9933,EV00866,135,165100
9933,EV01200,143,347053
9933,EV00574,164,673931
9933,EV01284,182,50149
9934,EV00358,145,252737
9934,EV01230,162,44037
9934,EV00682,178,59468
9934,EV00924,186,3126007
9934,EV00915,209,293761
9934,EV00061,224,28663558
9935,EV00489,114,161501
9935,EV00383,117,30634
9935,EV00957,141,899052
9935,EV01349,192,102432
9936,EV01255,147,1210570
9936,EV01499,147,924364
9937,EV01423,103,79438
9937,EV00449,115,1016140
9937,EV01183,129,54719
9937,EV01189,165,232985
9938,EV00445,101,230768
9938,EV00816,122,170753
9938,EV00848,168,24125
9938,EV00216,245,1713503
9938,EV00306,258,50194312
9939,EV00879,138,401547
9939,EV00078,261,7434630
9940,EV00651,125,248950
9940,EV00532,138,444553
9941,EV00540,109,36965
9941,EV01352,166,3689944
9941,EV01793,177,19367
9942,EV01938,13,1573609
9942,EV01886,79,283023
9942,EV01757,136,92233
9942,EV01248,145,421999
9943,EV01372,120,1302488
9943,EV01962,343,2826467
9944,EV00600,133,62726
9944,EV01256,135,6092635
9944,EV01423,183,137448
9944,EV01132,186,1119383
9945,EV01548,131,114921
9945,EV00875,181,375924
9945,EV00216,310,490857
9946,EV00831,76,700881
9946,EV00681,162,146069
9946,EV00184,213,9167546
9947,EV01766,123,713976
9947,EV01143,133,257362
9947,EV00090,217,5342375
9948,EV01451,89,185360
9948,EV01503,93,288404
9948,EV01492,148,431649
9948,EV01793,171,15116
9948,EV01322,179,70633
9948,EV01076,200,45706
9948,EV00140,239,814764
9949,EV00620,105,895948
9949,EV01627,130,55394
9949,EV00684,152,46229
9950,EV01505,146,315243
9950,EV01653,153,147115
9950,EV00844,178,2654416
9950,EV00303,240,1487897
9951,EV00784,107,1060996
9951,EV01775,150,282310
9951,EV00456,186,2238891
9951,EV01000,194,11686
9951,EV00298,222,2369403
9952,EV01725,89,546769
9952,EV00475,93,1599549
9952,EV00620,118,396215
9952,EV01155,121,1669717
9952,EV01385,125,22127
9952,EV00790,130,150642
9952,EV00858,144,446926
9952,EV00251,247,21568218
9953,EV01906,8,355950
9953,EV01974,30,2535754
9953,EV01371,174,1170206
9954,EV00635,132,371633
9954,EV01225,146,1893736
9954,EV00898,149,102318
9954,EV01601,154,1216018
9954,EV01789,156,68321
9955,EV01580,88,90508
9955,EV00646,152,603446
9955,EV00383,199,18401
9955,EV00225,255,2043073
9955,EV00142,270,20158710
9956,EV00502,75,637668
9957,EV01568,100,2510039
9958,EV01049,109,362913
9958,EV01291,128,117055
9958,EV01076,137,139566
9958,EV00358,172,336336
9958,EV00184,260,4795817
9959,EV01727,109,48151
9959,EV00831,116,182165
9959,EV01695,142,1045890
9959,EV00241,241,4439585
9960,EV01242,132,66502
9960,EV01273,132,118811
9960,EV01138,134,283504
9960,EV01568,171,1933264
9960,EV00180,245,2354909
9960,EV00093,278,1896051
9961,EV00928,141,74975
9961,EV01085,234,523513
9962,EV00717,158,33492
9963,EV00820,111,3520661
9963,EV01801,149,115016
9963,EV00565,176,24565
9963,EV00593,197,889189
9964,EV00420,72,1191660
9964,EV01357,76,345363
9964,EV00803,80,216092
9964,EV00426,116,184004
9964,EV01793,125,13950
9964,EV01079,155,197741
9964,EV01058,203,14445
9965,EV01502,137,255585
9965,EV01076,155,32278
9965,EV01526,176,123486
9965,EV00233,227,10118894
9966,EV00943,120,1455574
9966,EV00557,177,129440
9966,EV00559,240,36227
9967,EV00013,238,4600765
9967,EV00147,263,148444100
9968,EV01360,137,1475018
9969,EV01608,73,87452
9969,EV00692,115,1588312
9969,EV01662,150,163643
9969,EV00843,159,206673
9969,EV01210,224,504090
9970,EV01887,13,12864958
9970,EV00997,100,25004
9970,EV01575,173,48789
9970,EV01018,178,681240
9971,EV00816,170,190272
9971,EV01304,179,58559
9971,EV00303,241,1837047
9972,EV00689,109,2618421
9972,EV01038,160,5464970
9972,EV00288,237,714153
9972,EV00185,239,4707153
9973,EV01334,86,810067
9973,EV00557,154,108000
9973,EV00571,213,357294
9974,EV00382,120,45973
9974,EV01698,166,219762
9974,EV01165,173,366903
9974,EV01487,176,23142
9975,EV00747,135,134654
9975,EV01734,149,342357
9975,EV00093,183,1692426
9975,EV00030,214,14106985
9976,EV00992,119,224565
9976,EV01378,123,372423
9976,EV00514,130,20763
9976,EV00638,208,296617
9976,EV00299,236,5099169
9976,EV00043,257,19738734
9977,EV00975,112,421330
9977,EV01211,116,125447
9977,EV01070,139,53872
9977,EV00940,142,359163
9978,EV01846,36,1030752
9979,EV01487,97,71236
9979,EV00628,130,113041
9979,EV00017,174,2725689
9980,EV00827,79,841895
9980,EV01319,98,105625
9980,EV00865,146,3089647
9981,EV01758,113,40006
9981,EV01575,127,6219
9981,EV01431,146,1376865
9982,EV00603,76,159644
9982,EV01277,101,159808
9982,EV00597,114,21015
9983,EV01702,83,29835
9983,EV01228,135,59723
9983,EV00978,164,270534
9983,EV01060,166,21591
9983,EV00363,199,144677
9984,EV00731,85,1053322
9984,EV01319,123,90776
9984,EV01582,147,1668387
9984,EV01179,157,474065
9984,EV00079,245,848670
9985,EV01846,49,924572
9985,EV00812,115,50186
9985,EV00140,237,1192306
9986,EV01693,60,267276
9986,EV01414,81,24908
9986,EV01043,91,542129
9986,EV00682,128,64305
9986,EV00843,147,98750
9986,EV00385,162,66988
9986,EV00776,168,878528
9986,EV01413,186,275084
9986,EV00513,187,44269
9986,EV00130,258,3204146
9987,EV01375,114,44567
9987,EV01779,125,191895
9987,EV01688,136,10111
9987,EV00858,148,429790
9987,EV01718,169,726646
9987,EV00533,187,2334845
9988,EV01266,78,117193
9988,EV01129,97,694016
9988,EV00604,110,362096
9988,EV01870,353,1341111
9989,EV01072,132,598982
9989,EV00156,302,6405272
9990,EV01812,60,281306
9990,EV00744,69,106640
9990,EV00455,129,354079
9990,EV01346,135,45279
9990,EV01761,135,797527
9991,EV01468,89,28461
9991,EV01677,119,374948
9991,EV00709,134,33361
9991,EV01787,146,56802
9991,EV01672,157,36841
9991,EV01435,164,45291
9991,EV01641,208,241010
9992,EV01990,8,221071
9992,EV00767,98,11526
9992,EV00161,212,5588815
9992,EV00104,287,9247629
9993,EV00569,164,130452
9993,EV00496,172,103290
9993,EV00210,231,15948812
9994,EV01815,100,125046
9994,EV01008,123,1859947
9994,EV00917,134,322134
9994,EV01036,151,3390187
9994,EV01625,161,464076
9994,EV00532,175,271419
9994,EV00060,277,629885
9995,EV01938,26,582878
9995,EV01671,62,342124
9995,EV00660,118,1034395
9995,EV00928,157,73974
9996,EV01076,162,62123
9996,EV00655,171,59379
9997,EV01413,161,165413
9997,EV01251,163,167545
9998,EV01818,141,320846
9998,EV00186,257,73258743
9999,EV00538,114,323366
9999,EV01006,128,227517
9999,EV00370,145,783849
9999,EV00896,177,281402
9999,EV00251,262,37745605
10000,EV01933,20,341811
10000,EV01236,138,569319
10000,EV01280,158,80398
10000,EV00350,164,37942
